site_id,year,month,target_crash_happened_next_month_500m,model,predicted_label,predicted_probability
1,2023,10,1.0,catboost_classifier,0,0.23121995240427726
1,2023,11,1.0,catboost_classifier,0,0.2993572010616881
1,2023,12,0.0,catboost_classifier,0,0.3175651012014501
1,2024,1,0.0,catboost_classifier,0,0.06703478405947232
1,2024,2,0.0,catboost_classifier,0,0.3057873487333696
1,2024,3,1.0,catboost_classifier,0,0.2634029732806971
1,2024,4,1.0,catboost_classifier,0,0.1851171341375693
1,2024,5,0.0,catboost_classifier,0,0.29916063034409845
1,2024,6,0.0,catboost_classifier,0,0.1889657493883233
1,2024,7,1.0,catboost_classifier,0,0.14040685498076463
1,2024,8,0.0,catboost_classifier,0,0.2899925246955146
1,2024,11,0.0,catboost_classifier,0,0.3336078779481103
2,2023,10,1.0,catboost_classifier,0,0.45653795249277723
2,2023,11,0.0,catboost_classifier,1,0.567003064802421
2,2023,12,0.0,catboost_classifier,1,0.5002555557794651
2,2024,1,0.0,catboost_classifier,1,0.5497032456425179
2,2024,2,1.0,catboost_classifier,1,0.6381359501631376
2,2024,3,0.0,catboost_classifier,1,0.6301065591200288
2,2024,4,1.0,catboost_classifier,0,0.4216933918807798
2,2024,5,0.0,catboost_classifier,1,0.565717625000282
2,2024,6,0.0,catboost_classifier,0,0.4456647024290247
2,2024,7,0.0,catboost_classifier,1,0.5467213272136109
2,2024,8,0.0,catboost_classifier,1,0.6042666141470054
2,2024,11,0.0,catboost_classifier,0,0.25995083678572833
3,2023,10,1.0,catboost_classifier,1,0.563176619121177
3,2023,11,0.0,catboost_classifier,0,0.4598721175043139
3,2023,12,0.0,catboost_classifier,0,0.4644779280207749
3,2024,1,0.0,catboost_classifier,0,0.429331925632457
3,2024,2,1.0,catboost_classifier,0,0.46065813136077277
3,2024,3,0.0,catboost_classifier,1,0.5533731048491501
3,2024,4,1.0,catboost_classifier,0,0.3644286759762815
3,2024,5,0.0,catboost_classifier,0,0.37176119137357094
3,2024,6,0.0,catboost_classifier,0,0.43588162475506637
3,2024,7,0.0,catboost_classifier,1,0.5373815156324051
3,2024,8,0.0,catboost_classifier,1,0.7101278482870338
3,2024,11,0.0,catboost_classifier,0,0.29675336076332903
4,2023,10,1.0,catboost_classifier,0,0.3364568949598328
4,2023,11,0.0,catboost_classifier,0,0.22078366851152295
4,2023,12,0.0,catboost_classifier,0,0.3176820109401697
4,2024,1,0.0,catboost_classifier,0,0.08837108727074065
4,2024,2,1.0,catboost_classifier,1,0.6113290850141614
4,2024,3,0.0,catboost_classifier,0,0.4304721887361705
4,2024,4,0.0,catboost_classifier,0,0.2622159648785193
4,2024,5,1.0,catboost_classifier,0,0.275366011003838
4,2024,6,0.0,catboost_classifier,1,0.7335349696855875
4,2024,7,0.0,catboost_classifier,1,0.6401879398399262
4,2024,8,0.0,catboost_classifier,0,0.41681063139979174
4,2024,11,0.0,catboost_classifier,0,0.0728713609662862
5,2023,10,1.0,catboost_classifier,0,0.3467763990541956
5,2023,11,0.0,catboost_classifier,0,0.20063393936191812
5,2023,12,0.0,catboost_classifier,0,0.3158986403181727
5,2024,1,0.0,catboost_classifier,0,0.13334980677482738
5,2024,2,1.0,catboost_classifier,1,0.5597882735907277
5,2024,3,0.0,catboost_classifier,0,0.412323459156879
5,2024,4,0.0,catboost_classifier,0,0.18687840063621017
5,2024,5,1.0,catboost_classifier,0,0.3635235633666756
5,2024,6,0.0,catboost_classifier,1,0.666950538839423
5,2024,7,0.0,catboost_classifier,1,0.6811238802958663
5,2024,8,0.0,catboost_classifier,0,0.40034376628168994
5,2024,11,0.0,catboost_classifier,0,0.08746443868870464
6,2023,10,0.0,catboost_classifier,0,0.15625320413708516
6,2023,11,1.0,catboost_classifier,0,0.31240388491050725
6,2023,12,1.0,catboost_classifier,0,0.34039598188823655
6,2024,1,0.0,catboost_classifier,0,0.2169818257116394
6,2024,2,1.0,catboost_classifier,0,0.4265320307556291
6,2024,3,0.0,catboost_classifier,0,0.3914320488431757
6,2024,4,1.0,catboost_classifier,0,0.47525440668548197
6,2024,5,1.0,catboost_classifier,0,0.3229674531682218
6,2024,6,1.0,catboost_classifier,0,0.23636869314650125
6,2024,7,0.0,catboost_classifier,1,0.5101838172204508
6,2024,8,1.0,catboost_classifier,0,0.4531044403393315
6,2024,11,1.0,catboost_classifier,1,0.566487647863922
7,2023,10,0.0,catboost_classifier,0,0.1809091466909097
7,2023,11,1.0,catboost_classifier,0,0.22506868103235034
7,2023,12,1.0,catboost_classifier,0,0.2809099288305
7,2024,1,0.0,catboost_classifier,0,0.3135617287398117
7,2024,2,1.0,catboost_classifier,0,0.47879284754737483
7,2024,3,0.0,catboost_classifier,0,0.48106915086085117
7,2024,4,1.0,catboost_classifier,0,0.19414302612567366
7,2024,5,1.0,catboost_classifier,0,0.24099323052882032
7,2024,6,1.0,catboost_classifier,0,0.41395059280764607
7,2024,7,0.0,catboost_classifier,0,0.24657231788284276
7,2024,8,1.0,catboost_classifier,1,0.5217651219993341
7,2024,11,1.0,catboost_classifier,1,0.5992109383171595
8,2023,10,1.0,catboost_classifier,0,0.07083248429851392
8,2023,11,0.0,catboost_classifier,0,0.061198778689437794
8,2023,12,0.0,catboost_classifier,0,0.22667161749903653
8,2024,1,0.0,catboost_classifier,0,0.05363805929334481
8,2024,2,0.0,catboost_classifier,0,0.2729648452863513
8,2024,3,1.0,catboost_classifier,0,0.18096537098907736
8,2024,4,0.0,catboost_classifier,0,0.10710903436574698
8,2024,5,1.0,catboost_classifier,0,0.218915887003369
8,2024,6,0.0,catboost_classifier,0,0.23307941991023773
8,2024,7,0.0,catboost_classifier,0,0.057531583476136544
8,2024,8,0.0,catboost_classifier,0,0.0943974375884849
8,2024,11,0.0,catboost_classifier,0,0.06574982049800755
9,2023,10,0.0,catboost_classifier,0,0.15514032182600382
9,2023,11,0.0,catboost_classifier,0,0.17347987413199642
9,2023,12,0.0,catboost_classifier,0,0.29862613474029504
9,2024,1,1.0,catboost_classifier,0,0.08539293727321534
9,2024,2,0.0,catboost_classifier,0,0.26195340850041754
9,2024,3,1.0,catboost_classifier,0,0.25778726977875294
9,2024,4,0.0,catboost_classifier,0,0.35897025090235973
9,2024,5,0.0,catboost_classifier,0,0.31925162818609254
9,2024,6,0.0,catboost_classifier,0,0.3976877176653315
9,2024,7,0.0,catboost_classifier,0,0.15689474372703865
9,2024,8,0.0,catboost_classifier,0,0.28256967381497744
9,2024,11,0.0,catboost_classifier,0,0.1745526841496131
10,2023,10,1.0,catboost_classifier,0,0.10660907466289907
10,2023,11,1.0,catboost_classifier,0,0.23240471276046842
10,2023,12,0.0,catboost_classifier,1,0.5081926905800583
10,2024,1,0.0,catboost_classifier,0,0.1724395876271549
10,2024,2,0.0,catboost_classifier,1,0.5239009785324301
10,2024,3,0.0,catboost_classifier,0,0.1829720321953284
10,2024,4,0.0,catboost_classifier,0,0.19511894135301674
10,2024,5,0.0,catboost_classifier,0,0.2647779298820196
10,2024,6,1.0,catboost_classifier,0,0.35272496725206076
10,2024,7,0.0,catboost_classifier,0,0.11153010393568882
10,2024,8,0.0,catboost_classifier,0,0.17900276506758214
10,2024,11,1.0,catboost_classifier,0,0.12870424156670537
11,2023,10,1.0,catboost_classifier,0,0.0773586134160289
11,2023,11,1.0,catboost_classifier,0,0.19697182524858467
11,2023,12,1.0,catboost_classifier,1,0.5330588330409273
11,2024,1,0.0,catboost_classifier,0,0.15983688241119706
11,2024,2,1.0,catboost_classifier,0,0.46534334504772207
11,2024,3,0.0,catboost_classifier,0,0.33529030375546115
11,2024,4,0.0,catboost_classifier,0,0.16862755429234746
11,2024,5,0.0,catboost_classifier,0,0.2557227530065704
11,2024,6,1.0,catboost_classifier,0,0.2591825200913057
11,2024,7,0.0,catboost_classifier,0,0.1156699255400026
11,2024,8,0.0,catboost_classifier,0,0.1637341434684565
11,2024,11,1.0,catboost_classifier,0,0.2121537048806635
12,2024,8,1.0,catboost_classifier,0,0.4094366805777896
12,2024,11,0.0,catboost_classifier,0,0.3465901272884637
13,2023,10,1.0,catboost_classifier,0,0.364330234011512
13,2023,11,1.0,catboost_classifier,1,0.5127490199413541
13,2023,12,0.0,catboost_classifier,0,0.41735857118934105
13,2024,1,0.0,catboost_classifier,0,0.2606591922079969
13,2024,2,1.0,catboost_classifier,0,0.3573282240649351
13,2024,3,1.0,catboost_classifier,1,0.6594915817633277
13,2024,4,0.0,catboost_classifier,0,0.450809047617669
13,2024,5,1.0,catboost_classifier,0,0.4012776355524056
13,2024,6,0.0,catboost_classifier,0,0.39304257303526846
13,2024,7,0.0,catboost_classifier,0,0.34142125935427575
13,2024,8,0.0,catboost_classifier,1,0.6158840708941834
13,2024,11,0.0,catboost_classifier,0,0.3043098256717642
14,2023,10,0.0,catboost_classifier,0,0.3909890486503294
14,2023,11,1.0,catboost_classifier,0,0.18136640460798734
14,2023,12,0.0,catboost_classifier,0,0.44722027281373256
14,2024,1,0.0,catboost_classifier,0,0.36142247575358494
14,2024,2,1.0,catboost_classifier,1,0.5808156194207827
14,2024,3,1.0,catboost_classifier,0,0.2816778950782411
14,2024,4,1.0,catboost_classifier,0,0.22350730410647782
14,2024,5,0.0,catboost_classifier,0,0.3142074284356328
14,2024,6,1.0,catboost_classifier,1,0.5234097911770277
14,2024,7,0.0,catboost_classifier,1,0.5817215913524002
14,2024,8,0.0,catboost_classifier,1,0.6010772875301469
14,2024,11,1.0,catboost_classifier,0,0.3278888724026561
15,2023,10,0.0,catboost_classifier,1,0.5035934353793261
15,2023,11,0.0,catboost_classifier,1,0.7645852052187031
15,2023,12,1.0,catboost_classifier,1,0.7561574282720988
15,2024,1,1.0,catboost_classifier,0,0.4340273993604786
15,2024,2,0.0,catboost_classifier,1,0.8032187595537806
15,2024,3,1.0,catboost_classifier,1,0.7278796722228091
15,2024,4,1.0,catboost_classifier,1,0.6424537684246893
15,2024,5,0.0,catboost_classifier,1,0.7032921530889845
15,2024,6,1.0,catboost_classifier,1,0.7308973086513649
15,2024,7,1.0,catboost_classifier,1,0.7708592218599173
15,2024,8,1.0,catboost_classifier,1,0.956756304549577
15,2024,11,1.0,catboost_classifier,1,0.8072393385687191
16,2023,10,1.0,catboost_classifier,1,0.8328373198608486
16,2023,11,1.0,catboost_classifier,1,0.8727823483429906
16,2023,12,1.0,catboost_classifier,1,0.9217639718694542
16,2024,1,1.0,catboost_classifier,1,0.9413502994509448
16,2024,2,1.0,catboost_classifier,1,0.8906235217265474
16,2024,3,1.0,catboost_classifier,1,0.787763972218778
16,2024,4,1.0,catboost_classifier,1,0.9149243913497043
16,2024,5,1.0,catboost_classifier,1,0.9271684468464556
16,2024,6,1.0,catboost_classifier,1,0.9205438226975413
16,2024,7,1.0,catboost_classifier,1,0.83069283153366
16,2024,8,1.0,catboost_classifier,1,0.9021211849363234
16,2024,11,1.0,catboost_classifier,1,0.9335352175172936
17,2023,10,1.0,catboost_classifier,1,0.7517780474124018
17,2023,11,1.0,catboost_classifier,1,0.8769869118744321
17,2023,12,1.0,catboost_classifier,1,0.8822598523493594
17,2024,1,1.0,catboost_classifier,1,0.9036850234480222
17,2024,2,1.0,catboost_classifier,1,0.8094212647093462
17,2024,3,1.0,catboost_classifier,1,0.7111348505898482
17,2024,4,1.0,catboost_classifier,1,0.9353999811401721
17,2024,5,1.0,catboost_classifier,1,0.9443314533235825
17,2024,6,1.0,catboost_classifier,1,0.9080932147447709
17,2024,7,1.0,catboost_classifier,1,0.7891002243708249
17,2024,8,1.0,catboost_classifier,1,0.8484219406387661
17,2024,11,1.0,catboost_classifier,1,0.8813584863013579
18,2023,10,0.0,catboost_classifier,1,0.6465382494513248
18,2023,11,0.0,catboost_classifier,1,0.6846094788767916
18,2023,12,1.0,catboost_classifier,1,0.7515810890408541
18,2024,1,1.0,catboost_classifier,0,0.4735745421940493
18,2024,2,0.0,catboost_classifier,1,0.8033075577710671
18,2024,3,1.0,catboost_classifier,1,0.7302778738811108
18,2024,4,1.0,catboost_classifier,1,0.5990767913044515
18,2024,5,0.0,catboost_classifier,1,0.7201515376177284
18,2024,6,1.0,catboost_classifier,1,0.7405687004996292
18,2024,7,1.0,catboost_classifier,1,0.7839490870725203
18,2024,8,1.0,catboost_classifier,1,0.9634337519671575
18,2024,11,1.0,catboost_classifier,1,0.830029231564582
19,2023,10,1.0,catboost_classifier,0,0.06848821180871563
19,2023,11,1.0,catboost_classifier,0,0.18463272277784726
19,2023,12,0.0,catboost_classifier,1,0.658457353443444
19,2024,1,0.0,catboost_classifier,0,0.14385886193639913
19,2024,2,1.0,catboost_classifier,0,0.38235303852669295
19,2024,3,0.0,catboost_classifier,0,0.2573655453729492
19,2024,4,0.0,catboost_classifier,0,0.12381892815708123
19,2024,5,0.0,catboost_classifier,0,0.1933796176927734
19,2024,6,1.0,catboost_classifier,0,0.22258453135739384
19,2024,7,0.0,catboost_classifier,0,0.09348214566799333
19,2024,8,0.0,catboost_classifier,0,0.13044897579046727
19,2024,11,1.0,catboost_classifier,0,0.17843288177334027
20,2023,10,0.0,catboost_classifier,0,0.21196397651640111
20,2023,11,1.0,catboost_classifier,0,0.434824853419952
20,2023,12,0.0,catboost_classifier,0,0.17240516792936805
20,2024,1,0.0,catboost_classifier,0,0.24244523740227442
20,2024,2,0.0,catboost_classifier,0,0.17088610927887518
20,2024,3,0.0,catboost_classifier,0,0.29834690112593426
20,2024,4,0.0,catboost_classifier,0,0.12292324238748181
20,2024,5,0.0,catboost_classifier,0,0.1293877201768252
20,2024,6,0.0,catboost_classifier,0,0.406452172178343
20,2024,7,0.0,catboost_classifier,0,0.22048330276606998
20,2024,8,0.0,catboost_classifier,0,0.33898758366083737
20,2024,11,0.0,catboost_classifier,0,0.2567298081384812
21,2023,10,0.0,catboost_classifier,0,0.18877119358923902
21,2023,11,0.0,catboost_classifier,0,0.22275882540867387
21,2023,12,0.0,catboost_classifier,0,0.22438068830295643
21,2024,1,0.0,catboost_classifier,0,0.20865017499103342
21,2024,2,0.0,catboost_classifier,0,0.1600549901111591
21,2024,3,0.0,catboost_classifier,0,0.2253072117563735
21,2024,4,0.0,catboost_classifier,0,0.12184273902009138
21,2024,5,0.0,catboost_classifier,0,0.21985450651575753
21,2024,6,0.0,catboost_classifier,0,0.17247287778614076
21,2024,7,0.0,catboost_classifier,0,0.15734398390212717
21,2024,8,1.0,catboost_classifier,0,0.19543242809318656
21,2024,11,0.0,catboost_classifier,0,0.18625449190289944
22,2023,10,1.0,catboost_classifier,0,0.3880301751077211
22,2023,11,1.0,catboost_classifier,1,0.5004766765794778
22,2023,12,1.0,catboost_classifier,0,0.33199456693683477
22,2024,1,0.0,catboost_classifier,0,0.33441392538502923
22,2024,2,1.0,catboost_classifier,1,0.5954653545203227
22,2024,3,1.0,catboost_classifier,1,0.6133961044007203
22,2024,4,1.0,catboost_classifier,0,0.3864609207067308
22,2024,5,1.0,catboost_classifier,1,0.578151761726851
22,2024,6,0.0,catboost_classifier,1,0.5423041278615031
22,2024,7,1.0,catboost_classifier,0,0.4041205864110382
22,2024,8,0.0,catboost_classifier,0,0.48009532954612566
22,2024,11,1.0,catboost_classifier,0,0.4175427181246374
23,2023,10,1.0,catboost_classifier,1,0.5538354277963979
23,2023,11,1.0,catboost_classifier,1,0.5265944580100284
23,2023,12,1.0,catboost_classifier,0,0.43203788451459274
23,2024,1,1.0,catboost_classifier,0,0.3416553280399587
23,2024,2,1.0,catboost_classifier,1,0.642691067966457
23,2024,3,1.0,catboost_classifier,1,0.7207723827764718
23,2024,4,1.0,catboost_classifier,0,0.45807690643388255
23,2024,5,1.0,catboost_classifier,1,0.6652429117575598
23,2024,6,0.0,catboost_classifier,1,0.6069764946882292
23,2024,7,0.0,catboost_classifier,1,0.5116238776483388
23,2024,8,1.0,catboost_classifier,1,0.589274615953471
23,2024,11,1.0,catboost_classifier,0,0.46919290537296043
24,2023,10,1.0,catboost_classifier,0,0.4822533617483614
24,2023,11,1.0,catboost_classifier,0,0.4567647337617796
24,2023,12,1.0,catboost_classifier,0,0.2929563624478575
24,2024,1,0.0,catboost_classifier,0,0.43254397521191307
24,2024,2,1.0,catboost_classifier,1,0.6367899239787073
24,2024,3,1.0,catboost_classifier,1,0.735942985941962
24,2024,4,1.0,catboost_classifier,0,0.44555081168311494
24,2024,5,1.0,catboost_classifier,1,0.5638739314907564
24,2024,6,0.0,catboost_classifier,1,0.557339396050802
24,2024,7,0.0,catboost_classifier,0,0.39287203771370577
24,2024,8,1.0,catboost_classifier,0,0.4548490808325931
24,2024,11,1.0,catboost_classifier,1,0.5354285568844583
25,2023,10,1.0,catboost_classifier,0,0.27164788479207574
25,2023,11,0.0,catboost_classifier,0,0.47983114288309564
25,2023,12,1.0,catboost_classifier,1,0.6612495600316555
25,2024,1,1.0,catboost_classifier,1,0.5471733009814995
25,2024,2,0.0,catboost_classifier,1,0.6914545440308308
25,2024,3,1.0,catboost_classifier,1,0.5946777850728959
25,2024,4,1.0,catboost_classifier,0,0.3218970279398551
25,2024,5,1.0,catboost_classifier,1,0.50952411989477
25,2024,6,0.0,catboost_classifier,0,0.3845948373731712
25,2024,7,1.0,catboost_classifier,0,0.3792369218053991
25,2024,8,1.0,catboost_classifier,1,0.574708166633632
25,2024,11,0.0,catboost_classifier,1,0.5494917437888163
26,2023,10,0.0,catboost_classifier,0,0.2421304022565775
26,2023,11,1.0,catboost_classifier,0,0.23786926743548914
26,2023,12,1.0,catboost_classifier,0,0.3407078384302121
26,2024,1,0.0,catboost_classifier,0,0.30542553265897654
26,2024,2,0.0,catboost_classifier,0,0.4710451064594272
26,2024,3,0.0,catboost_classifier,0,0.4322209089918208
26,2024,4,0.0,catboost_classifier,0,0.2408999006437147
26,2024,5,1.0,catboost_classifier,0,0.3296250600308658
26,2024,6,0.0,catboost_classifier,0,0.32208328548832177
26,2024,7,0.0,catboost_classifier,0,0.19354399389625404
26,2024,8,1.0,catboost_classifier,0,0.31777883868674184
26,2024,11,0.0,catboost_classifier,0,0.28912275412472876
27,2023,10,1.0,catboost_classifier,0,0.25587707496197687
27,2023,11,1.0,catboost_classifier,0,0.47174875288728635
27,2023,12,1.0,catboost_classifier,0,0.42678032579178343
27,2024,1,0.0,catboost_classifier,0,0.21501332818252927
27,2024,2,0.0,catboost_classifier,1,0.5170799729171799
27,2024,3,0.0,catboost_classifier,0,0.4241214100415481
27,2024,4,1.0,catboost_classifier,0,0.25493197095502146
27,2024,5,0.0,catboost_classifier,0,0.41459468212738315
27,2024,6,0.0,catboost_classifier,0,0.30594601630245033
27,2024,7,0.0,catboost_classifier,0,0.19361731774613178
27,2024,8,1.0,catboost_classifier,0,0.2754505213062395
27,2024,11,0.0,catboost_classifier,0,0.4729171356257581
28,2023,10,0.0,catboost_classifier,0,0.057434988835807596
28,2023,11,0.0,catboost_classifier,0,0.059694327149837016
28,2023,12,0.0,catboost_classifier,0,0.17306228256494843
28,2024,1,0.0,catboost_classifier,0,0.1497708980496772
28,2024,2,0.0,catboost_classifier,0,0.18384516206553145
28,2024,3,0.0,catboost_classifier,0,0.2099201328598422
28,2024,4,0.0,catboost_classifier,0,0.07043734955350732
28,2024,5,0.0,catboost_classifier,0,0.09141128561237896
28,2024,6,0.0,catboost_classifier,0,0.09050287677727074
28,2024,7,1.0,catboost_classifier,0,0.08572880933150018
28,2024,8,0.0,catboost_classifier,0,0.0872521494529898
28,2024,11,1.0,catboost_classifier,0,0.04845493990074983
29,2023,10,0.0,catboost_classifier,0,0.12999265171213703
29,2023,11,0.0,catboost_classifier,0,0.148912677498288
29,2023,12,0.0,catboost_classifier,0,0.3001746364891501
29,2024,1,1.0,catboost_classifier,0,0.1050370512827177
29,2024,2,0.0,catboost_classifier,0,0.29449751275115704
29,2024,3,0.0,catboost_classifier,0,0.2031638712161049
29,2024,4,0.0,catboost_classifier,0,0.06733882494533437
29,2024,5,0.0,catboost_classifier,0,0.1545949906811002
29,2024,6,0.0,catboost_classifier,0,0.18782991159875356
29,2024,7,0.0,catboost_classifier,0,0.16430059832371213
29,2024,8,0.0,catboost_classifier,0,0.1707706636391606
29,2024,11,0.0,catboost_classifier,0,0.09477911922657112
30,2023,10,0.0,catboost_classifier,0,0.22763295321168017
30,2023,11,0.0,catboost_classifier,0,0.2487257349342825
30,2023,12,0.0,catboost_classifier,0,0.28421033916298777
30,2024,1,0.0,catboost_classifier,0,0.15494142499137525
30,2024,2,0.0,catboost_classifier,0,0.1365948228309978
30,2024,3,0.0,catboost_classifier,0,0.20774494019140988
30,2024,4,0.0,catboost_classifier,0,0.16406472461500882
30,2024,5,0.0,catboost_classifier,0,0.25811525074927477
30,2024,6,0.0,catboost_classifier,0,0.2395731922666427
30,2024,7,0.0,catboost_classifier,0,0.11620619975743378
30,2024,8,0.0,catboost_classifier,0,0.0909881112789029
30,2024,11,0.0,catboost_classifier,0,0.11441352589910216
31,2023,10,0.0,catboost_classifier,0,0.1954187579452624
31,2023,11,0.0,catboost_classifier,0,0.10389399216389866
31,2023,12,0.0,catboost_classifier,0,0.14117346341944215
31,2024,1,0.0,catboost_classifier,0,0.0646758810357954
31,2024,2,0.0,catboost_classifier,0,0.23722596127720572
31,2024,3,0.0,catboost_classifier,0,0.21035332277672739
31,2024,4,0.0,catboost_classifier,0,0.12731556360509164
31,2024,5,0.0,catboost_classifier,0,0.43082711747198543
31,2024,6,0.0,catboost_classifier,0,0.49599114049839654
31,2024,7,0.0,catboost_classifier,0,0.2050409945453832
31,2024,8,0.0,catboost_classifier,0,0.2297599523838793
31,2024,11,0.0,catboost_classifier,0,0.12101536824490092
32,2023,10,0.0,catboost_classifier,0,0.061347492916938466
32,2023,11,0.0,catboost_classifier,0,0.041580276987775215
32,2023,12,0.0,catboost_classifier,0,0.16731033808843387
32,2024,1,0.0,catboost_classifier,0,0.049715049470608924
32,2024,2,0.0,catboost_classifier,0,0.11465457445800677
32,2024,3,0.0,catboost_classifier,0,0.06918563059669915
32,2024,4,0.0,catboost_classifier,0,0.05030878208697381
32,2024,5,0.0,catboost_classifier,0,0.0766184817026618
32,2024,6,0.0,catboost_classifier,0,0.06622588363077934
32,2024,7,0.0,catboost_classifier,0,0.05124307323245978
32,2024,8,0.0,catboost_classifier,0,0.03215090161235037
32,2024,11,0.0,catboost_classifier,0,0.05260905619311589
33,2023,10,0.0,catboost_classifier,0,0.0838543507429
33,2023,11,0.0,catboost_classifier,0,0.03333540275893492
33,2023,12,0.0,catboost_classifier,0,0.12585938062414245
33,2024,1,0.0,catboost_classifier,0,0.054164652947352905
33,2024,2,0.0,catboost_classifier,0,0.21389447133015332
33,2024,3,0.0,catboost_classifier,0,0.153140389943687
33,2024,4,0.0,catboost_classifier,0,0.06554200331304154
33,2024,5,0.0,catboost_classifier,0,0.05063811598679059
33,2024,6,0.0,catboost_classifier,0,0.13023213020078503
33,2024,7,0.0,catboost_classifier,0,0.07991530151754854
33,2024,8,0.0,catboost_classifier,0,0.05774270571201269
33,2024,11,0.0,catboost_classifier,0,0.03779052874322952
34,2023,10,0.0,catboost_classifier,0,0.08212206025725954
34,2023,11,0.0,catboost_classifier,0,0.06354001046675736
34,2023,12,0.0,catboost_classifier,0,0.110671723336474
34,2024,1,0.0,catboost_classifier,0,0.08150946241605678
34,2024,2,0.0,catboost_classifier,0,0.10581075694376547
34,2024,3,0.0,catboost_classifier,0,0.13974321373508766
34,2024,4,0.0,catboost_classifier,0,0.04830152299226539
34,2024,5,0.0,catboost_classifier,0,0.085864785393188
34,2024,6,0.0,catboost_classifier,0,0.07355293092941727
34,2024,7,1.0,catboost_classifier,0,0.05247652512314131
34,2024,8,0.0,catboost_classifier,0,0.05311957032230174
34,2024,11,1.0,catboost_classifier,0,0.07331060491647007
35,2023,10,0.0,catboost_classifier,0,0.10506834696550688
35,2023,11,0.0,catboost_classifier,0,0.1007980363196768
35,2023,12,0.0,catboost_classifier,0,0.2570130215996699
35,2024,1,0.0,catboost_classifier,0,0.08350607227711028
35,2024,2,0.0,catboost_classifier,0,0.18735695819310294
35,2024,3,0.0,catboost_classifier,0,0.2927645511166461
35,2024,4,0.0,catboost_classifier,0,0.11033842793899895
35,2024,5,0.0,catboost_classifier,0,0.37616191944997446
35,2024,6,0.0,catboost_classifier,0,0.4058156846439706
35,2024,7,0.0,catboost_classifier,0,0.2679012679221481
35,2024,8,0.0,catboost_classifier,0,0.10070365915785992
35,2024,11,0.0,catboost_classifier,0,0.047592085728887575
36,2023,10,0.0,catboost_classifier,0,0.12325577121248057
36,2023,11,0.0,catboost_classifier,0,0.14452512254198796
36,2023,12,0.0,catboost_classifier,0,0.20505822737102788
36,2024,1,0.0,catboost_classifier,0,0.09680081100158468
36,2024,2,0.0,catboost_classifier,0,0.13262662773761646
36,2024,3,0.0,catboost_classifier,0,0.17605887135834541
36,2024,4,0.0,catboost_classifier,0,0.09303261097037552
36,2024,5,0.0,catboost_classifier,0,0.23646282082004103
36,2024,6,0.0,catboost_classifier,0,0.20816039717487328
36,2024,7,0.0,catboost_classifier,0,0.2173833733153552
36,2024,8,0.0,catboost_classifier,0,0.05054773490541186
36,2024,11,0.0,catboost_classifier,0,0.050235501387841504
37,2023,10,0.0,catboost_classifier,0,0.14163152478573587
37,2023,11,0.0,catboost_classifier,0,0.12458295107918022
37,2023,12,0.0,catboost_classifier,0,0.15944444966142063
37,2024,1,1.0,catboost_classifier,0,0.07739984850328813
37,2024,2,0.0,catboost_classifier,0,0.2922943913088788
37,2024,3,0.0,catboost_classifier,0,0.21302058667815169
37,2024,4,1.0,catboost_classifier,0,0.05325769482098065
37,2024,5,0.0,catboost_classifier,0,0.2298693587902417
37,2024,6,0.0,catboost_classifier,0,0.1474105251324902
37,2024,7,0.0,catboost_classifier,0,0.1672961449718859
37,2024,8,0.0,catboost_classifier,0,0.2067419370462253
37,2024,11,0.0,catboost_classifier,0,0.09913259779749749
38,2023,10,0.0,catboost_classifier,0,0.09261037331680076
38,2023,11,0.0,catboost_classifier,0,0.07823588968979837
38,2023,12,0.0,catboost_classifier,0,0.11898930354376468
38,2024,1,1.0,catboost_classifier,0,0.024588364517681087
38,2024,2,0.0,catboost_classifier,0,0.07600884995023724
38,2024,3,0.0,catboost_classifier,0,0.13640761940118915
38,2024,4,1.0,catboost_classifier,0,0.04668476959468881
38,2024,5,0.0,catboost_classifier,0,0.2223762747508981
38,2024,6,0.0,catboost_classifier,0,0.09899169126868093
38,2024,7,0.0,catboost_classifier,0,0.14258402732388673
38,2024,8,0.0,catboost_classifier,0,0.2055419198122016
38,2024,11,0.0,catboost_classifier,0,0.1099109531931826
39,2023,10,0.0,catboost_classifier,0,0.15437669132476795
39,2023,11,0.0,catboost_classifier,0,0.09693360201371409
39,2023,12,0.0,catboost_classifier,0,0.2242557169901336
39,2024,1,0.0,catboost_classifier,0,0.07409934623331932
39,2024,2,0.0,catboost_classifier,0,0.11634676109415013
39,2024,3,0.0,catboost_classifier,0,0.16810921617542884
39,2024,4,0.0,catboost_classifier,0,0.09665351327130473
39,2024,5,0.0,catboost_classifier,0,0.1962609559293876
39,2024,6,0.0,catboost_classifier,0,0.19489674225938244
39,2024,7,0.0,catboost_classifier,0,0.15065189355592362
39,2024,8,0.0,catboost_classifier,0,0.11719952962413899
39,2024,11,0.0,catboost_classifier,0,0.08011304622826992
40,2023,10,0.0,catboost_classifier,0,0.13942646599148686
40,2023,11,0.0,catboost_classifier,0,0.09751022763938703
40,2023,12,0.0,catboost_classifier,0,0.26679574706864584
40,2024,1,0.0,catboost_classifier,0,0.08797773854474734
40,2024,2,0.0,catboost_classifier,0,0.1189197444732822
40,2024,3,0.0,catboost_classifier,0,0.15726384568535218
40,2024,4,0.0,catboost_classifier,0,0.08950558659538499
40,2024,5,0.0,catboost_classifier,0,0.24494039668335657
40,2024,6,0.0,catboost_classifier,0,0.21403241306598733
40,2024,7,0.0,catboost_classifier,0,0.143309548458735
40,2024,8,0.0,catboost_classifier,0,0.1055493071069678
40,2024,11,0.0,catboost_classifier,0,0.07269144741453028
41,2023,10,1.0,catboost_classifier,1,0.6079509751036644
41,2023,11,1.0,catboost_classifier,0,0.41653430351442833
41,2023,12,0.0,catboost_classifier,1,0.7633458447736687
41,2024,1,1.0,catboost_classifier,1,0.8363040968586692
41,2024,2,1.0,catboost_classifier,1,0.604147594792405
41,2024,3,1.0,catboost_classifier,1,0.7449473659259106
41,2024,4,0.0,catboost_classifier,1,0.8111921991858694
41,2024,5,1.0,catboost_classifier,1,0.7907209307788179
41,2024,6,0.0,catboost_classifier,1,0.7731735443369758
41,2024,7,0.0,catboost_classifier,1,0.6964871350889785
41,2024,8,0.0,catboost_classifier,1,0.7773928079878221
41,2024,11,0.0,catboost_classifier,0,0.2904245034835847
42,2023,10,1.0,catboost_classifier,1,0.6056476154811667
42,2023,11,1.0,catboost_classifier,0,0.43387615365894155
42,2023,12,0.0,catboost_classifier,1,0.7755975057595524
42,2024,1,1.0,catboost_classifier,1,0.8231719980017242
42,2024,2,1.0,catboost_classifier,1,0.7503060888290904
42,2024,3,1.0,catboost_classifier,1,0.6933081359528711
42,2024,4,0.0,catboost_classifier,1,0.8026119309497246
42,2024,5,1.0,catboost_classifier,1,0.7991052933484579
42,2024,6,0.0,catboost_classifier,1,0.6822627733587626
42,2024,7,0.0,catboost_classifier,1,0.6192759530747679
42,2024,8,0.0,catboost_classifier,1,0.7499855805587378
42,2024,11,0.0,catboost_classifier,0,0.3153659197819146
43,2023,10,1.0,catboost_classifier,0,0.1150387331575811
43,2023,11,0.0,catboost_classifier,0,0.09357378012545842
43,2023,12,0.0,catboost_classifier,0,0.2166275596698402
43,2024,1,0.0,catboost_classifier,0,0.0691732972114987
43,2024,2,0.0,catboost_classifier,0,0.06575208886556232
43,2024,3,0.0,catboost_classifier,0,0.14303667011065507
43,2024,4,0.0,catboost_classifier,0,0.1576730624094504
43,2024,5,0.0,catboost_classifier,0,0.27959089256412895
43,2024,6,0.0,catboost_classifier,0,0.22529249393093945
43,2024,7,0.0,catboost_classifier,0,0.140414071235939
43,2024,8,1.0,catboost_classifier,0,0.1270086463104428
43,2024,11,1.0,catboost_classifier,0,0.12019671762582813
44,2023,10,1.0,catboost_classifier,0,0.09705331675016633
44,2023,11,0.0,catboost_classifier,0,0.03153927445592334
44,2023,12,0.0,catboost_classifier,0,0.07201448239281809
44,2024,1,0.0,catboost_classifier,0,0.029089380646051297
44,2024,2,0.0,catboost_classifier,0,0.18591681036314406
44,2024,3,0.0,catboost_classifier,0,0.32276959415368733
44,2024,4,0.0,catboost_classifier,0,0.09811293627082601
44,2024,5,0.0,catboost_classifier,0,0.3574804119128019
44,2024,6,0.0,catboost_classifier,0,0.23063696121671717
44,2024,7,0.0,catboost_classifier,0,0.14753656679145413
44,2024,8,1.0,catboost_classifier,0,0.1026062075142935
44,2024,11,1.0,catboost_classifier,0,0.05439321815510532
45,2023,10,0.0,catboost_classifier,0,0.2921338613644258
45,2023,11,0.0,catboost_classifier,0,0.2362144924610741
45,2023,12,1.0,catboost_classifier,0,0.20399765220895802
45,2024,1,0.0,catboost_classifier,0,0.1124056409725815
45,2024,2,1.0,catboost_classifier,1,0.528727078171217
45,2024,3,1.0,catboost_classifier,0,0.26215187959944913
45,2024,4,0.0,catboost_classifier,0,0.3102638759155408
45,2024,5,1.0,catboost_classifier,0,0.17956035544306176
45,2024,6,0.0,catboost_classifier,0,0.43291254078178637
45,2024,7,1.0,catboost_classifier,0,0.40168443934223663
45,2024,8,0.0,catboost_classifier,0,0.3856415798033282
45,2024,11,0.0,catboost_classifier,0,0.2510058636049095
46,2023,10,0.0,catboost_classifier,0,0.2302417860109579
46,2023,11,0.0,catboost_classifier,0,0.2140563741908875
46,2023,12,1.0,catboost_classifier,0,0.23209354898413495
46,2024,1,0.0,catboost_classifier,0,0.1170161772571209
46,2024,2,1.0,catboost_classifier,0,0.31066482219256725
46,2024,3,1.0,catboost_classifier,0,0.2451351600351963
46,2024,4,0.0,catboost_classifier,0,0.1674064126057932
46,2024,5,1.0,catboost_classifier,0,0.20662973318401515
46,2024,6,0.0,catboost_classifier,0,0.292803114031826
46,2024,7,1.0,catboost_classifier,0,0.21216049677779597
46,2024,8,0.0,catboost_classifier,0,0.37035969760592213
46,2024,11,0.0,catboost_classifier,0,0.3304483990707856
47,2023,10,1.0,catboost_classifier,0,0.4558432484904945
47,2023,11,0.0,catboost_classifier,1,0.5069556701095275
47,2023,12,0.0,catboost_classifier,0,0.29857499800134263
47,2024,1,0.0,catboost_classifier,0,0.26428028670009235
47,2024,2,0.0,catboost_classifier,0,0.3846061546975139
47,2024,3,1.0,catboost_classifier,0,0.36741855412083063
47,2024,4,0.0,catboost_classifier,0,0.18329888157422822
47,2024,5,0.0,catboost_classifier,0,0.28900177335720184
47,2024,6,0.0,catboost_classifier,0,0.2796616389272575
47,2024,7,0.0,catboost_classifier,0,0.28238426786118015
47,2024,8,0.0,catboost_classifier,0,0.3047857778987424
47,2024,11,0.0,catboost_classifier,0,0.3635843708456394
48,2023,10,0.0,catboost_classifier,0,0.1607805534145553
48,2023,11,0.0,catboost_classifier,0,0.14701985030775291
48,2023,12,0.0,catboost_classifier,0,0.1417759439839514
48,2024,1,0.0,catboost_classifier,0,0.1181387684809545
48,2024,2,0.0,catboost_classifier,0,0.1343005606988149
48,2024,3,1.0,catboost_classifier,0,0.3304760010096901
48,2024,4,0.0,catboost_classifier,0,0.19946865155258722
48,2024,5,1.0,catboost_classifier,0,0.2530494174561965
48,2024,6,0.0,catboost_classifier,0,0.4877779079825478
48,2024,7,0.0,catboost_classifier,0,0.30552276825202185
48,2024,8,1.0,catboost_classifier,0,0.23496410892410638
48,2024,11,0.0,catboost_classifier,0,0.1510775843371648
49,2023,10,1.0,catboost_classifier,0,0.2752221008271738
49,2023,11,0.0,catboost_classifier,0,0.20587213664299822
49,2023,12,0.0,catboost_classifier,0,0.34884269053888634
49,2024,1,1.0,catboost_classifier,0,0.20455936641928069
49,2024,2,1.0,catboost_classifier,0,0.21560380536497786
49,2024,3,0.0,catboost_classifier,0,0.2588109022818232
49,2024,4,1.0,catboost_classifier,0,0.14310340215304948
49,2024,5,1.0,catboost_classifier,0,0.21872903937587002
49,2024,6,0.0,catboost_classifier,0,0.22331878337767827
49,2024,7,0.0,catboost_classifier,0,0.3210568228050898
49,2024,8,0.0,catboost_classifier,0,0.4712580630168633
49,2024,11,0.0,catboost_classifier,0,0.13955312398391723
50,2023,10,0.0,catboost_classifier,0,0.0718963888634618
50,2023,11,1.0,catboost_classifier,0,0.09075672977856382
50,2023,12,0.0,catboost_classifier,0,0.07232772866545016
50,2024,1,0.0,catboost_classifier,0,0.11903659099930389
50,2024,2,0.0,catboost_classifier,0,0.2739632964256968
50,2024,3,0.0,catboost_classifier,0,0.10909244074246958
50,2024,4,0.0,catboost_classifier,0,0.0711112026814898
50,2024,5,0.0,catboost_classifier,0,0.14226878544122987
50,2024,6,0.0,catboost_classifier,0,0.08978472929089729
50,2024,7,0.0,catboost_classifier,0,0.037058947879322714
50,2024,8,0.0,catboost_classifier,0,0.2033457995514609
50,2024,11,0.0,catboost_classifier,0,0.06186624125580731
51,2023,10,0.0,catboost_classifier,0,0.1321734746425398
51,2023,11,1.0,catboost_classifier,0,0.3146541527537236
51,2023,12,0.0,catboost_classifier,0,0.13410399635262993
51,2024,1,0.0,catboost_classifier,0,0.14541640645277545
51,2024,2,0.0,catboost_classifier,0,0.2526263624383733
51,2024,3,0.0,catboost_classifier,0,0.1774854745951129
51,2024,4,0.0,catboost_classifier,0,0.10875435069054541
51,2024,5,0.0,catboost_classifier,0,0.19357203948523505
51,2024,6,0.0,catboost_classifier,0,0.10156697541520644
51,2024,7,0.0,catboost_classifier,0,0.0829755421811916
51,2024,8,0.0,catboost_classifier,0,0.2306957610366557
51,2024,11,0.0,catboost_classifier,0,0.17355766510103995
52,2023,10,0.0,catboost_classifier,0,0.10197558865908367
52,2023,11,0.0,catboost_classifier,0,0.4128107559581188
52,2023,12,1.0,catboost_classifier,0,0.2024362191916478
52,2024,1,0.0,catboost_classifier,0,0.14850057971113723
52,2024,2,0.0,catboost_classifier,0,0.21934541757654882
52,2024,3,1.0,catboost_classifier,0,0.38079657283923
52,2024,4,1.0,catboost_classifier,0,0.34171623379689303
52,2024,5,0.0,catboost_classifier,0,0.28633732979941434
52,2024,6,0.0,catboost_classifier,0,0.19816386022589555
52,2024,7,0.0,catboost_classifier,0,0.25995891448607006
52,2024,8,1.0,catboost_classifier,0,0.26834109765219694
52,2024,11,0.0,catboost_classifier,0,0.308363042189763
53,2023,10,0.0,catboost_classifier,0,0.12894746655349773
53,2023,11,0.0,catboost_classifier,0,0.14492554682405354
53,2023,12,0.0,catboost_classifier,0,0.2709732778269358
53,2024,1,0.0,catboost_classifier,0,0.13497342843087284
53,2024,2,1.0,catboost_classifier,0,0.16406639821508348
53,2024,3,0.0,catboost_classifier,0,0.32310067754939203
53,2024,4,1.0,catboost_classifier,0,0.13253631528890017
53,2024,5,0.0,catboost_classifier,0,0.3038372384514697
53,2024,6,1.0,catboost_classifier,0,0.1891656300576095
53,2024,7,1.0,catboost_classifier,0,0.15636016950927362
53,2024,8,0.0,catboost_classifier,0,0.3798639895734202
53,2024,11,0.0,catboost_classifier,0,0.22700637434446885
54,2023,10,0.0,catboost_classifier,0,0.09955111640865036
54,2023,11,0.0,catboost_classifier,0,0.16170680124633388
54,2023,12,0.0,catboost_classifier,0,0.19095742864818818
54,2024,1,0.0,catboost_classifier,0,0.11543560535218693
54,2024,2,1.0,catboost_classifier,0,0.28108157382277055
54,2024,3,0.0,catboost_classifier,0,0.3169259577207464
54,2024,4,1.0,catboost_classifier,0,0.1846741050647436
54,2024,5,0.0,catboost_classifier,0,0.42189632957554507
54,2024,6,1.0,catboost_classifier,0,0.20598254247176545
54,2024,7,1.0,catboost_classifier,0,0.18383507486118258
54,2024,8,0.0,catboost_classifier,0,0.476666072459678
54,2024,11,0.0,catboost_classifier,0,0.26488546829616155
55,2023,10,0.0,catboost_classifier,0,0.09097901067146706
55,2023,11,0.0,catboost_classifier,0,0.097211276169184
55,2023,12,0.0,catboost_classifier,0,0.10062437861854256
55,2024,1,1.0,catboost_classifier,0,0.04345218948319162
55,2024,2,0.0,catboost_classifier,0,0.2398230460267397
55,2024,3,0.0,catboost_classifier,0,0.20669807739260132
55,2024,4,0.0,catboost_classifier,0,0.21015090396603947
55,2024,5,0.0,catboost_classifier,0,0.32783015939443255
55,2024,6,0.0,catboost_classifier,0,0.2476401041750181
55,2024,7,0.0,catboost_classifier,0,0.06025230998988138
55,2024,8,1.0,catboost_classifier,0,0.12784070164342137
55,2024,11,0.0,catboost_classifier,0,0.19679350073011306
56,2023,10,0.0,catboost_classifier,0,0.1349836952143163
56,2023,11,0.0,catboost_classifier,0,0.10715607145427349
56,2023,12,0.0,catboost_classifier,0,0.12755732939216308
56,2024,1,1.0,catboost_classifier,0,0.04196123123985524
56,2024,2,0.0,catboost_classifier,0,0.21751583217662837
56,2024,3,0.0,catboost_classifier,0,0.30545804184025277
56,2024,4,0.0,catboost_classifier,0,0.18274405635991317
56,2024,5,0.0,catboost_classifier,0,0.22916523153241355
56,2024,6,0.0,catboost_classifier,0,0.39059374627602444
56,2024,7,0.0,catboost_classifier,0,0.04904412507583253
56,2024,8,1.0,catboost_classifier,0,0.16755913327083546
56,2024,11,0.0,catboost_classifier,0,0.17397678669320915
57,2023,10,0.0,catboost_classifier,0,0.07430654969471537
57,2023,11,0.0,catboost_classifier,0,0.06643997250992985
57,2023,12,0.0,catboost_classifier,0,0.1051127511447562
57,2024,1,0.0,catboost_classifier,0,0.05277417623730144
57,2024,2,0.0,catboost_classifier,0,0.10517198697943847
57,2024,3,0.0,catboost_classifier,0,0.10509995399365507
57,2024,4,1.0,catboost_classifier,0,0.035917686608747695
57,2024,5,0.0,catboost_classifier,0,0.10040789144183379
57,2024,6,1.0,catboost_classifier,0,0.06136136687721727
57,2024,7,0.0,catboost_classifier,0,0.10526195404749161
57,2024,8,0.0,catboost_classifier,0,0.13874667911741848
57,2024,11,0.0,catboost_classifier,0,0.10362549310501817
58,2023,10,0.0,catboost_classifier,0,0.055102169532261235
58,2023,11,0.0,catboost_classifier,0,0.06279480261411319
58,2023,12,0.0,catboost_classifier,0,0.08279686676726972
58,2024,1,0.0,catboost_classifier,0,0.04364840460005142
58,2024,2,0.0,catboost_classifier,0,0.10079696783965632
58,2024,3,0.0,catboost_classifier,0,0.07150726967317639
58,2024,4,1.0,catboost_classifier,0,0.029687049835579245
58,2024,5,0.0,catboost_classifier,0,0.07315032984025184
58,2024,6,1.0,catboost_classifier,0,0.047262788435672706
58,2024,7,0.0,catboost_classifier,0,0.07454397874124634
58,2024,8,0.0,catboost_classifier,0,0.12206971078771939
58,2024,11,0.0,catboost_classifier,0,0.11395852260829771
59,2023,10,0.0,catboost_classifier,0,0.06716510079778532
59,2023,11,0.0,catboost_classifier,0,0.10717077462459544
59,2023,12,0.0,catboost_classifier,0,0.07088466243601953
59,2024,1,0.0,catboost_classifier,0,0.031102782199915968
59,2024,2,0.0,catboost_classifier,0,0.07450300206770538
59,2024,3,1.0,catboost_classifier,0,0.07549185575858572
59,2024,4,0.0,catboost_classifier,0,0.06237881739322074
59,2024,5,0.0,catboost_classifier,0,0.0520353752278906
59,2024,6,0.0,catboost_classifier,0,0.059657388931260526
59,2024,7,0.0,catboost_classifier,0,0.06470395956244289
59,2024,8,0.0,catboost_classifier,0,0.07084974014347045
59,2024,11,0.0,catboost_classifier,0,0.10111929526375063
60,2023,10,0.0,catboost_classifier,0,0.12756888727158913
60,2023,11,0.0,catboost_classifier,0,0.14242637175822007
60,2023,12,0.0,catboost_classifier,0,0.18468582857698893
60,2024,1,0.0,catboost_classifier,0,0.11141107083614621
60,2024,2,0.0,catboost_classifier,0,0.27351443164511974
60,2024,3,1.0,catboost_classifier,0,0.14600279264585364
60,2024,4,0.0,catboost_classifier,0,0.066382821279077
60,2024,5,0.0,catboost_classifier,0,0.0582913732299735
60,2024,6,0.0,catboost_classifier,0,0.044659750205246734
60,2024,7,0.0,catboost_classifier,0,0.05635942780920646
60,2024,8,0.0,catboost_classifier,0,0.08266686026888423
60,2024,11,0.0,catboost_classifier,0,0.11132557565641966
61,2023,10,0.0,catboost_classifier,0,0.0648265517215119
61,2023,11,0.0,catboost_classifier,0,0.13274693464699558
61,2023,12,1.0,catboost_classifier,0,0.2023497918582177
61,2024,1,0.0,catboost_classifier,0,0.10452357969601665
61,2024,2,0.0,catboost_classifier,0,0.173929332405741
61,2024,3,0.0,catboost_classifier,0,0.1841232575486453
61,2024,4,0.0,catboost_classifier,0,0.10380079895716207
61,2024,5,0.0,catboost_classifier,0,0.13070507493099962
61,2024,6,0.0,catboost_classifier,0,0.15913294193401026
61,2024,7,0.0,catboost_classifier,0,0.09833390237334813
61,2024,8,0.0,catboost_classifier,0,0.10364200526615353
61,2024,11,0.0,catboost_classifier,0,0.07280975343812413
62,2023,10,0.0,catboost_classifier,0,0.05101993027526503
62,2023,11,0.0,catboost_classifier,0,0.11131811841713272
62,2023,12,1.0,catboost_classifier,0,0.19675503750705217
62,2024,1,0.0,catboost_classifier,0,0.18893926283170961
62,2024,2,0.0,catboost_classifier,0,0.16642838827611794
62,2024,3,0.0,catboost_classifier,0,0.2628726839204199
62,2024,4,0.0,catboost_classifier,0,0.08215985807684807
62,2024,5,0.0,catboost_classifier,0,0.11033388015150204
62,2024,6,0.0,catboost_classifier,0,0.1745784476223776
62,2024,7,0.0,catboost_classifier,0,0.11523809465487543
62,2024,8,0.0,catboost_classifier,0,0.08840729400071812
62,2024,11,0.0,catboost_classifier,0,0.07076943808350057
63,2023,10,0.0,catboost_classifier,0,0.05349997443580839
63,2023,11,0.0,catboost_classifier,0,0.09887649488229884
63,2023,12,0.0,catboost_classifier,0,0.11095453681225373
63,2024,1,1.0,catboost_classifier,0,0.06551780007694079
63,2024,2,0.0,catboost_classifier,0,0.25999200096849817
63,2024,3,0.0,catboost_classifier,0,0.24524337454768413
63,2024,4,0.0,catboost_classifier,0,0.1528414248153788
63,2024,5,1.0,catboost_classifier,0,0.26526044215797046
63,2024,6,1.0,catboost_classifier,0,0.17516433171517562
63,2024,7,0.0,catboost_classifier,0,0.12885843970718253
63,2024,8,0.0,catboost_classifier,0,0.4437916238319808
63,2024,11,1.0,catboost_classifier,0,0.3535551647502561
64,2023,10,0.0,catboost_classifier,1,0.7580487084641141
64,2023,11,0.0,catboost_classifier,0,0.3429242523726356
64,2023,12,0.0,catboost_classifier,0,0.48226229580533936
64,2024,1,0.0,catboost_classifier,0,0.141005569196901
64,2024,2,0.0,catboost_classifier,0,0.1667334923278729
64,2024,3,1.0,catboost_classifier,0,0.3406290081213885
64,2024,4,0.0,catboost_classifier,0,0.22005456061567383
64,2024,5,1.0,catboost_classifier,0,0.4163237282885818
64,2024,6,1.0,catboost_classifier,0,0.37878644442272025
64,2024,7,1.0,catboost_classifier,0,0.4135544083090195
64,2024,8,0.0,catboost_classifier,1,0.8500924504517703
64,2024,11,0.0,catboost_classifier,1,0.5578273483670634
65,2023,10,0.0,catboost_classifier,0,0.38911217883965454
65,2023,11,0.0,catboost_classifier,0,0.388894922815635
65,2023,12,0.0,catboost_classifier,0,0.3465839188895442
65,2024,1,0.0,catboost_classifier,0,0.14168120742388968
65,2024,2,0.0,catboost_classifier,0,0.21619198870971784
65,2024,3,1.0,catboost_classifier,1,0.5330241477610939
65,2024,4,0.0,catboost_classifier,0,0.19338537812732726
65,2024,5,1.0,catboost_classifier,0,0.45082769060075567
65,2024,6,1.0,catboost_classifier,0,0.4108905603404026
65,2024,7,1.0,catboost_classifier,0,0.42091697422199204
65,2024,8,0.0,catboost_classifier,1,0.7992086527467763
65,2024,11,1.0,catboost_classifier,1,0.5829174397034531
66,2023,10,0.0,catboost_classifier,0,0.07733982446830849
66,2023,11,0.0,catboost_classifier,0,0.07343592120395523
66,2023,12,0.0,catboost_classifier,0,0.09096401340595037
66,2024,1,1.0,catboost_classifier,0,0.031461569818532355
66,2024,2,0.0,catboost_classifier,0,0.3348547122112517
66,2024,3,0.0,catboost_classifier,0,0.2811483991728134
66,2024,4,0.0,catboost_classifier,0,0.1606950992646938
66,2024,5,1.0,catboost_classifier,0,0.22947293466683472
66,2024,6,1.0,catboost_classifier,0,0.15544308705892815
66,2024,7,0.0,catboost_classifier,0,0.2060665010868545
66,2024,8,0.0,catboost_classifier,1,0.5216851091861147
66,2024,11,1.0,catboost_classifier,0,0.2889269615935209
67,2023,10,0.0,catboost_classifier,0,0.09931360316241843
67,2023,11,0.0,catboost_classifier,0,0.15024710809915992
67,2023,12,0.0,catboost_classifier,0,0.16084730821777102
67,2024,1,0.0,catboost_classifier,0,0.06345014977226855
67,2024,2,0.0,catboost_classifier,0,0.1342310815098122
67,2024,3,1.0,catboost_classifier,0,0.23572612872128468
67,2024,4,0.0,catboost_classifier,0,0.16969959865803355
67,2024,5,0.0,catboost_classifier,0,0.22817513010027662
67,2024,6,0.0,catboost_classifier,0,0.42504496140216363
67,2024,7,0.0,catboost_classifier,0,0.17439440949501722
67,2024,8,0.0,catboost_classifier,0,0.2909984732150384
67,2024,11,0.0,catboost_classifier,0,0.1124148674513675
68,2023,10,0.0,catboost_classifier,0,0.08175561798700887
68,2023,11,0.0,catboost_classifier,0,0.1624927463833364
68,2023,12,0.0,catboost_classifier,0,0.18492307616100037
68,2024,1,0.0,catboost_classifier,0,0.07777051265968017
68,2024,2,0.0,catboost_classifier,0,0.09748235627514631
68,2024,3,1.0,catboost_classifier,0,0.20972778314220103
68,2024,4,0.0,catboost_classifier,0,0.16583877626033372
68,2024,5,0.0,catboost_classifier,0,0.21252304755909354
68,2024,6,0.0,catboost_classifier,0,0.22124796364206387
68,2024,7,0.0,catboost_classifier,0,0.11362401573371357
68,2024,8,0.0,catboost_classifier,0,0.21554134743810502
68,2024,11,0.0,catboost_classifier,0,0.08165805725467824
69,2023,10,1.0,catboost_classifier,1,0.9252460749593898
69,2023,11,1.0,catboost_classifier,1,0.9235331649072017
69,2023,12,1.0,catboost_classifier,1,0.909956986164989
69,2024,1,0.0,catboost_classifier,1,0.79376246025352
69,2024,2,1.0,catboost_classifier,1,0.8458354682549839
69,2024,3,1.0,catboost_classifier,1,0.9007087723395327
69,2024,4,1.0,catboost_classifier,1,0.6797458880146661
69,2024,5,1.0,catboost_classifier,1,0.8612587893918385
69,2024,6,0.0,catboost_classifier,1,0.9730183085341471
69,2024,7,1.0,catboost_classifier,1,0.8863849261242249
69,2024,8,1.0,catboost_classifier,1,0.9676422299406204
69,2024,11,0.0,catboost_classifier,1,0.9038471231327062
70,2023,10,0.0,catboost_classifier,0,0.2750089832584018
70,2023,11,0.0,catboost_classifier,0,0.21577726598350966
70,2023,12,0.0,catboost_classifier,0,0.16352516281917298
70,2024,1,0.0,catboost_classifier,0,0.32692340225166233
70,2024,2,0.0,catboost_classifier,1,0.5787181359667194
70,2024,3,0.0,catboost_classifier,0,0.342076044105919
70,2024,4,0.0,catboost_classifier,0,0.09762732938234905
70,2024,5,1.0,catboost_classifier,0,0.16537856866335707
70,2024,6,0.0,catboost_classifier,0,0.28913216941281183
70,2024,7,0.0,catboost_classifier,0,0.25647633102490264
70,2024,8,0.0,catboost_classifier,0,0.4402891332126022
70,2024,11,0.0,catboost_classifier,0,0.2693933340539116
71,2023,10,0.0,catboost_classifier,0,0.35855299990503536
71,2023,11,0.0,catboost_classifier,0,0.190095912619085
71,2023,12,0.0,catboost_classifier,0,0.18125297997293827
71,2024,1,0.0,catboost_classifier,0,0.42938475202315246
71,2024,2,0.0,catboost_classifier,0,0.46950648375923537
71,2024,3,0.0,catboost_classifier,0,0.309232371428393
71,2024,4,0.0,catboost_classifier,0,0.11669033321935006
71,2024,5,1.0,catboost_classifier,0,0.1815445372164734
71,2024,6,0.0,catboost_classifier,0,0.28435168534164174
71,2024,7,0.0,catboost_classifier,0,0.244665366433546
71,2024,8,0.0,catboost_classifier,0,0.3997530410268913
71,2024,11,0.0,catboost_classifier,0,0.27349335704083355
72,2023,10,1.0,catboost_classifier,0,0.06488274949132694
72,2023,11,0.0,catboost_classifier,0,0.15387032465280856
72,2023,12,0.0,catboost_classifier,0,0.21885414413833754
72,2024,1,0.0,catboost_classifier,0,0.1074920606351204
72,2024,2,1.0,catboost_classifier,0,0.15947749184251891
72,2024,3,1.0,catboost_classifier,0,0.2476325836340234
72,2024,4,0.0,catboost_classifier,0,0.16901180395170545
72,2024,5,1.0,catboost_classifier,0,0.09178763102217816
72,2024,6,0.0,catboost_classifier,0,0.17284714485991434
72,2024,7,0.0,catboost_classifier,0,0.18723351146994466
72,2024,8,0.0,catboost_classifier,0,0.2943876220778758
72,2024,11,0.0,catboost_classifier,0,0.2747092187750363
73,2023,10,1.0,catboost_classifier,0,0.17394639886965108
73,2023,11,0.0,catboost_classifier,0,0.26736229397908573
73,2023,12,0.0,catboost_classifier,0,0.3237252182678184
73,2024,1,0.0,catboost_classifier,0,0.18227565719712716
73,2024,2,1.0,catboost_classifier,0,0.12253754945846204
73,2024,3,1.0,catboost_classifier,0,0.32421062977139303
73,2024,4,0.0,catboost_classifier,0,0.30188774191390927
73,2024,5,1.0,catboost_classifier,0,0.2399920999914482
73,2024,6,0.0,catboost_classifier,0,0.3538544917698882
73,2024,7,0.0,catboost_classifier,0,0.340794355504121
73,2024,8,0.0,catboost_classifier,0,0.48473510885344956
73,2024,11,0.0,catboost_classifier,0,0.3727004668296286
74,2023,10,1.0,catboost_classifier,0,0.11028329384524442
74,2023,11,1.0,catboost_classifier,0,0.1912844414227141
74,2023,12,0.0,catboost_classifier,0,0.15435311018821177
74,2024,1,1.0,catboost_classifier,0,0.15880361596723755
74,2024,2,1.0,catboost_classifier,0,0.39036058887380914
74,2024,3,0.0,catboost_classifier,0,0.25325309566478227
74,2024,4,0.0,catboost_classifier,0,0.2679829741471696
74,2024,5,0.0,catboost_classifier,0,0.3806993172549475
74,2024,6,0.0,catboost_classifier,0,0.23721138616328333
74,2024,7,0.0,catboost_classifier,0,0.21704504911767283
74,2024,8,1.0,catboost_classifier,0,0.23864974578819054
74,2024,11,0.0,catboost_classifier,0,0.26893809333430807
75,2023,10,1.0,catboost_classifier,0,0.12100575962514981
75,2023,11,1.0,catboost_classifier,0,0.24818543115384828
75,2023,12,0.0,catboost_classifier,0,0.17809447717812582
75,2024,1,1.0,catboost_classifier,0,0.14946680307422908
75,2024,2,1.0,catboost_classifier,0,0.37623746035427885
75,2024,3,0.0,catboost_classifier,0,0.3132929012702159
75,2024,4,0.0,catboost_classifier,0,0.4055246588727574
75,2024,5,0.0,catboost_classifier,0,0.4172056766123125
75,2024,6,0.0,catboost_classifier,0,0.25142679579567184
75,2024,7,0.0,catboost_classifier,0,0.23753590517245482
75,2024,8,1.0,catboost_classifier,0,0.2556333619734262
75,2024,11,0.0,catboost_classifier,0,0.24201133831946262
76,2023,10,0.0,catboost_classifier,0,0.07406898919630506
76,2023,11,0.0,catboost_classifier,0,0.1298724178990341
76,2023,12,0.0,catboost_classifier,0,0.17026406462248778
76,2024,1,0.0,catboost_classifier,0,0.05549320389825184
76,2024,2,0.0,catboost_classifier,0,0.12624932535288236
76,2024,3,0.0,catboost_classifier,0,0.16856008016565416
76,2024,4,0.0,catboost_classifier,0,0.06498108793010057
76,2024,5,0.0,catboost_classifier,0,0.07824737984216056
76,2024,6,1.0,catboost_classifier,0,0.05612880293092901
76,2024,7,1.0,catboost_classifier,0,0.07179087315562756
76,2024,8,1.0,catboost_classifier,0,0.08341928092091962
76,2024,11,0.0,catboost_classifier,0,0.1238755910773819
77,2023,10,1.0,catboost_classifier,1,0.7737520977296697
77,2023,11,1.0,catboost_classifier,1,0.8477054066740539
77,2023,12,0.0,catboost_classifier,1,0.8468688670806847
77,2024,1,1.0,catboost_classifier,1,0.5594307404687907
77,2024,2,1.0,catboost_classifier,1,0.747831636799014
77,2024,3,0.0,catboost_classifier,1,0.8595447248027243
77,2024,4,1.0,catboost_classifier,0,0.40368157303334257
77,2024,5,1.0,catboost_classifier,1,0.6047697278650278
77,2024,6,0.0,catboost_classifier,1,0.6709806825322066
77,2024,7,0.0,catboost_classifier,1,0.7534689525240432
77,2024,8,1.0,catboost_classifier,1,0.8815673545817487
77,2024,11,0.0,catboost_classifier,1,0.7887616619749775
78,2023,10,1.0,catboost_classifier,0,0.07686872542583159
78,2023,11,0.0,catboost_classifier,0,0.06185259502409127
78,2023,12,0.0,catboost_classifier,0,0.1714026839456319
78,2024,1,0.0,catboost_classifier,0,0.06366413082638572
78,2024,2,0.0,catboost_classifier,0,0.18346049790596652
78,2024,3,0.0,catboost_classifier,0,0.16210319956220223
78,2024,4,0.0,catboost_classifier,0,0.04985115445959202
78,2024,5,0.0,catboost_classifier,0,0.07332351435792654
78,2024,6,0.0,catboost_classifier,0,0.05179335374350302
78,2024,7,0.0,catboost_classifier,0,0.07194110757118283
78,2024,8,0.0,catboost_classifier,0,0.06734317848575402
78,2024,11,0.0,catboost_classifier,0,0.071051167683409
79,2023,10,1.0,catboost_classifier,0,0.0950729334716872
79,2023,11,0.0,catboost_classifier,0,0.10334336985242965
79,2023,12,0.0,catboost_classifier,0,0.21158716886302598
79,2024,1,0.0,catboost_classifier,0,0.11045059466887598
79,2024,2,0.0,catboost_classifier,0,0.17983530294361416
79,2024,3,0.0,catboost_classifier,0,0.21063474121251818
79,2024,4,0.0,catboost_classifier,0,0.08289016567624977
79,2024,5,0.0,catboost_classifier,0,0.13256924460100972
79,2024,6,0.0,catboost_classifier,0,0.08915527681591033
79,2024,7,0.0,catboost_classifier,0,0.10609760902025
79,2024,8,0.0,catboost_classifier,0,0.07821433500435462
79,2024,11,0.0,catboost_classifier,0,0.10634124697919954
80,2023,10,0.0,catboost_classifier,0,0.15664126075838805
80,2023,11,0.0,catboost_classifier,0,0.1005736125665197
80,2023,12,0.0,catboost_classifier,0,0.11710028100604072
80,2024,1,0.0,catboost_classifier,0,0.052677985393188895
80,2024,2,1.0,catboost_classifier,0,0.13833781332953765
80,2024,3,0.0,catboost_classifier,0,0.12393564802325722
80,2024,4,0.0,catboost_classifier,0,0.07536902063735264
81,2023,10,0.0,catboost_classifier,0,0.11150318929790214
81,2023,11,0.0,catboost_classifier,0,0.08847916788292169
81,2023,12,0.0,catboost_classifier,0,0.08721217598223352
81,2024,1,0.0,catboost_classifier,0,0.06879306681653599
81,2024,2,1.0,catboost_classifier,0,0.17811227805626056
81,2024,3,0.0,catboost_classifier,0,0.11825281126872625
81,2024,4,0.0,catboost_classifier,0,0.04785645587667
81,2024,5,0.0,catboost_classifier,0,0.03716229597239122
81,2024,6,0.0,catboost_classifier,0,0.05329637965519711
81,2024,7,0.0,catboost_classifier,0,0.04022338596472487
81,2024,8,0.0,catboost_classifier,0,0.05843280982710178
81,2024,11,0.0,catboost_classifier,0,0.08305648691270717
82,2023,10,0.0,catboost_classifier,0,0.05630292111482534
82,2023,11,0.0,catboost_classifier,0,0.03757348319755675
82,2023,12,1.0,catboost_classifier,0,0.13346780144606268
82,2024,1,0.0,catboost_classifier,0,0.06652283222195277
82,2024,2,0.0,catboost_classifier,0,0.2622668806432114
82,2024,3,0.0,catboost_classifier,0,0.1375154467769702
82,2024,4,0.0,catboost_classifier,0,0.03698736539840272
82,2024,5,0.0,catboost_classifier,0,0.058761446380586405
82,2024,6,0.0,catboost_classifier,0,0.053677798797937076
82,2024,7,0.0,catboost_classifier,0,0.04014801566571746
82,2024,8,0.0,catboost_classifier,0,0.04656473091648533
82,2024,11,0.0,catboost_classifier,0,0.06139000450063869
83,2023,10,0.0,catboost_classifier,0,0.06389431124958982
83,2023,11,0.0,catboost_classifier,0,0.045256194528361014
83,2023,12,1.0,catboost_classifier,0,0.14555366557669733
83,2024,1,0.0,catboost_classifier,0,0.06792441173899082
83,2024,2,0.0,catboost_classifier,0,0.2777690536977427
83,2024,3,0.0,catboost_classifier,0,0.1433479664934796
83,2024,4,0.0,catboost_classifier,0,0.0889163943370915
83,2024,5,0.0,catboost_classifier,0,0.07733370659358749
83,2024,6,0.0,catboost_classifier,0,0.05555358596374794
83,2024,7,0.0,catboost_classifier,0,0.03038115528195967
83,2024,8,0.0,catboost_classifier,0,0.050310856781759596
83,2024,11,0.0,catboost_classifier,0,0.0995361280851
84,2023,10,0.0,catboost_classifier,0,0.08173396564383503
84,2023,11,0.0,catboost_classifier,0,0.16508185937385955
84,2023,12,0.0,catboost_classifier,0,0.20791102841722553
84,2024,1,0.0,catboost_classifier,0,0.09785541537976898
84,2024,2,0.0,catboost_classifier,0,0.09765266790205941
84,2024,3,0.0,catboost_classifier,0,0.23017211414350766
84,2024,4,0.0,catboost_classifier,0,0.1460919960543196
84,2024,5,0.0,catboost_classifier,0,0.1752987797959934
84,2024,6,1.0,catboost_classifier,0,0.17159625643599427
84,2024,7,0.0,catboost_classifier,0,0.15248426805424398
84,2024,8,0.0,catboost_classifier,0,0.12187828103202165
84,2024,11,0.0,catboost_classifier,0,0.1886127955567151
85,2023,10,0.0,catboost_classifier,0,0.06692029270911455
85,2023,11,0.0,catboost_classifier,0,0.07000537870000896
85,2023,12,0.0,catboost_classifier,0,0.1383502181990107
85,2024,1,0.0,catboost_classifier,0,0.04286249397534787
85,2024,2,0.0,catboost_classifier,0,0.06919007042282055
85,2024,3,0.0,catboost_classifier,0,0.11141254505941986
85,2024,4,1.0,catboost_classifier,0,0.03196007555281473
85,2024,5,0.0,catboost_classifier,0,0.07029583797754879
85,2024,6,0.0,catboost_classifier,0,0.05612267344659388
85,2024,7,0.0,catboost_classifier,0,0.04228366030355726
85,2024,8,0.0,catboost_classifier,0,0.04608896314761024
85,2024,11,0.0,catboost_classifier,0,0.05014722280462472
86,2023,10,0.0,catboost_classifier,0,0.05641059480424295
86,2023,11,0.0,catboost_classifier,0,0.06076510042248124
86,2023,12,0.0,catboost_classifier,0,0.11390987806866845
86,2024,1,0.0,catboost_classifier,0,0.050356772102224834
86,2024,2,0.0,catboost_classifier,0,0.1314753924843055
86,2024,3,0.0,catboost_classifier,0,0.09888983763525541
86,2024,4,1.0,catboost_classifier,0,0.0459488657406521
86,2024,5,0.0,catboost_classifier,0,0.09997973071334935
86,2024,6,0.0,catboost_classifier,0,0.0715903683298578
86,2024,7,0.0,catboost_classifier,0,0.06354809105691786
86,2024,8,0.0,catboost_classifier,0,0.12087486324511378
86,2024,11,0.0,catboost_classifier,0,0.10312657331812201
87,2023,10,0.0,catboost_classifier,0,0.0924099149285917
87,2023,11,0.0,catboost_classifier,0,0.1777998433639582
87,2023,12,0.0,catboost_classifier,0,0.151131982923078
87,2024,1,0.0,catboost_classifier,0,0.09355158978243962
87,2024,2,0.0,catboost_classifier,0,0.06569076085554615
87,2024,3,0.0,catboost_classifier,0,0.1929988793213726
87,2024,4,0.0,catboost_classifier,0,0.1077753761601905
87,2024,5,0.0,catboost_classifier,0,0.24255459090941164
87,2024,6,0.0,catboost_classifier,0,0.256339089952742
87,2024,7,1.0,catboost_classifier,0,0.10451558842922021
87,2024,8,1.0,catboost_classifier,0,0.1232906279076777
87,2024,11,1.0,catboost_classifier,0,0.10449269883245257
88,2023,10,0.0,catboost_classifier,0,0.2258666960580751
88,2023,11,0.0,catboost_classifier,0,0.24322112942483542
88,2023,12,0.0,catboost_classifier,0,0.19044866986065362
88,2024,1,0.0,catboost_classifier,0,0.11213126350959143
88,2024,2,0.0,catboost_classifier,0,0.3630638961839097
88,2024,3,0.0,catboost_classifier,0,0.21581721593489167
88,2024,4,1.0,catboost_classifier,0,0.0822167813928251
88,2024,5,0.0,catboost_classifier,0,0.3613190450705498
88,2024,6,0.0,catboost_classifier,0,0.20081575253692746
88,2024,7,1.0,catboost_classifier,0,0.16312133515572697
88,2024,8,0.0,catboost_classifier,0,0.3665477821535206
88,2024,11,1.0,catboost_classifier,0,0.37986545826381174
89,2023,10,0.0,catboost_classifier,0,0.15563775636781543
89,2023,11,0.0,catboost_classifier,0,0.33322219088184274
89,2023,12,0.0,catboost_classifier,0,0.19664978045039824
89,2024,1,0.0,catboost_classifier,0,0.16267956737699285
89,2024,2,0.0,catboost_classifier,0,0.13652412176959644
89,2024,3,0.0,catboost_classifier,0,0.2504172954022396
89,2024,4,1.0,catboost_classifier,0,0.07883073847246334
89,2024,5,0.0,catboost_classifier,0,0.3098967221685318
89,2024,6,0.0,catboost_classifier,0,0.1511097022209896
89,2024,7,1.0,catboost_classifier,0,0.1307010916922824
89,2024,8,0.0,catboost_classifier,0,0.3477232263500914
89,2024,11,1.0,catboost_classifier,0,0.3315139784843989
90,2023,10,1.0,catboost_classifier,0,0.05694977922837359
90,2023,11,0.0,catboost_classifier,0,0.06250213643407641
90,2023,12,0.0,catboost_classifier,0,0.04614298093154414
90,2024,1,0.0,catboost_classifier,0,0.03507775586411338
90,2024,2,0.0,catboost_classifier,0,0.10617004200452214
90,2024,3,0.0,catboost_classifier,0,0.04771738886762266
90,2024,4,0.0,catboost_classifier,0,0.02670693000420184
90,2024,5,0.0,catboost_classifier,0,0.09943380522525258
90,2024,6,0.0,catboost_classifier,0,0.04219147463275475
90,2024,7,0.0,catboost_classifier,0,0.051313810659821775
90,2024,8,0.0,catboost_classifier,0,0.05387118504143982
90,2024,11,0.0,catboost_classifier,0,0.059924408908642035
91,2023,10,1.0,catboost_classifier,0,0.09027691158596075
91,2023,11,0.0,catboost_classifier,0,0.059020813740193676
91,2023,12,0.0,catboost_classifier,0,0.044718929931121074
91,2024,1,0.0,catboost_classifier,0,0.038505179625183086
91,2024,2,0.0,catboost_classifier,0,0.10649486344534935
91,2024,3,0.0,catboost_classifier,0,0.04376478352104815
91,2024,4,0.0,catboost_classifier,0,0.030477517033382185
91,2024,5,0.0,catboost_classifier,0,0.11774032412649525
91,2024,6,0.0,catboost_classifier,0,0.05244922362340877
91,2024,7,0.0,catboost_classifier,0,0.05296376539823651
91,2024,8,0.0,catboost_classifier,0,0.06520889866098398
91,2024,11,0.0,catboost_classifier,0,0.058409056168395646
92,2023,10,0.0,catboost_classifier,0,0.04985518256138828
92,2023,11,0.0,catboost_classifier,0,0.06730554209950187
92,2023,12,0.0,catboost_classifier,0,0.11210576224421491
92,2024,1,0.0,catboost_classifier,0,0.024083974009147573
92,2024,2,1.0,catboost_classifier,0,0.06623644328544542
92,2024,3,0.0,catboost_classifier,0,0.129598761330499
92,2024,4,0.0,catboost_classifier,0,0.08789094023093835
92,2024,5,0.0,catboost_classifier,0,0.10042861980654413
92,2024,6,0.0,catboost_classifier,0,0.20446390319865962
92,2024,7,0.0,catboost_classifier,0,0.035945156368630556
92,2024,8,0.0,catboost_classifier,0,0.06395836369245352
92,2024,11,0.0,catboost_classifier,0,0.056043026657333156
93,2023,10,0.0,catboost_classifier,0,0.03701809631976158
93,2023,11,0.0,catboost_classifier,0,0.06805633610031013
93,2023,12,0.0,catboost_classifier,0,0.12032053490293108
93,2024,1,0.0,catboost_classifier,0,0.02043191867106524
93,2024,2,1.0,catboost_classifier,0,0.10056508213001711
93,2024,3,0.0,catboost_classifier,0,0.11357553176821723
93,2024,4,0.0,catboost_classifier,0,0.07079112047206768
93,2024,5,0.0,catboost_classifier,0,0.10494046259936503
93,2024,6,0.0,catboost_classifier,0,0.2005646542211378
93,2024,7,0.0,catboost_classifier,0,0.03806321192634577
93,2024,8,0.0,catboost_classifier,0,0.061530954761771346
93,2024,11,0.0,catboost_classifier,0,0.05934355015097319
94,2023,10,1.0,catboost_classifier,0,0.33780743391681833
94,2023,11,0.0,catboost_classifier,0,0.23373030973471406
94,2023,12,0.0,catboost_classifier,0,0.22763770169730652
94,2024,1,1.0,catboost_classifier,0,0.15620778033473084
94,2024,2,0.0,catboost_classifier,0,0.29687492116379255
94,2024,3,1.0,catboost_classifier,0,0.17770138397052332
94,2024,4,0.0,catboost_classifier,0,0.2018524793166219
94,2024,5,0.0,catboost_classifier,0,0.18012981674237175
94,2024,6,0.0,catboost_classifier,0,0.1829693880480885
94,2024,7,0.0,catboost_classifier,0,0.234062180746438
94,2024,8,1.0,catboost_classifier,0,0.21611899441590302
94,2024,11,1.0,catboost_classifier,0,0.2635815220430304
95,2023,10,0.0,catboost_classifier,0,0.11887141492795619
95,2023,11,0.0,catboost_classifier,0,0.11179030513856505
95,2023,12,1.0,catboost_classifier,0,0.08483042585266412
95,2024,1,0.0,catboost_classifier,0,0.07776560641550251
95,2024,2,0.0,catboost_classifier,0,0.16961868463960222
95,2024,3,0.0,catboost_classifier,0,0.2430667648221943
95,2024,4,0.0,catboost_classifier,0,0.09444104238759037
95,2024,5,0.0,catboost_classifier,0,0.2112337821862917
95,2024,6,0.0,catboost_classifier,0,0.1708941860037806
95,2024,7,0.0,catboost_classifier,0,0.08732211443495215
95,2024,8,0.0,catboost_classifier,0,0.2937650143129376
95,2024,11,0.0,catboost_classifier,0,0.13571723303661262
96,2023,10,0.0,catboost_classifier,0,0.17404883370402677
96,2023,11,0.0,catboost_classifier,0,0.138727080882866
96,2023,12,1.0,catboost_classifier,0,0.09017560112041087
96,2024,1,0.0,catboost_classifier,0,0.0870769399111655
96,2024,2,0.0,catboost_classifier,0,0.23733514800641348
96,2024,3,0.0,catboost_classifier,0,0.18704287394707034
96,2024,4,0.0,catboost_classifier,0,0.10622856555879977
96,2024,5,0.0,catboost_classifier,0,0.2224554304249871
96,2024,6,0.0,catboost_classifier,0,0.19123507214542218
96,2024,7,1.0,catboost_classifier,0,0.10967865431755006
96,2024,8,0.0,catboost_classifier,0,0.23784179558287155
96,2024,11,0.0,catboost_classifier,0,0.13784941999680633
97,2023,10,1.0,catboost_classifier,0,0.1415840213289249
97,2023,11,0.0,catboost_classifier,0,0.07836494929965102
97,2023,12,1.0,catboost_classifier,0,0.11295598153937826
97,2024,1,1.0,catboost_classifier,0,0.07212236655180651
97,2024,2,0.0,catboost_classifier,1,0.5113512915028802
97,2024,3,0.0,catboost_classifier,0,0.2224444556328178
97,2024,4,0.0,catboost_classifier,0,0.12930441527860878
97,2024,5,0.0,catboost_classifier,0,0.17716999099659236
97,2024,6,0.0,catboost_classifier,0,0.36813254585266497
97,2024,7,0.0,catboost_classifier,0,0.1793661506842963
97,2024,8,0.0,catboost_classifier,0,0.1118862804366444
97,2024,11,0.0,catboost_classifier,0,0.05782400876691929
98,2023,10,1.0,catboost_classifier,0,0.18702790701807104
98,2023,11,0.0,catboost_classifier,0,0.13181632483727448
98,2023,12,1.0,catboost_classifier,0,0.10165203866047054
98,2024,1,1.0,catboost_classifier,0,0.0782170616146978
98,2024,2,0.0,catboost_classifier,0,0.43937668592270374
98,2024,3,0.0,catboost_classifier,0,0.17560272581664352
98,2024,4,0.0,catboost_classifier,0,0.10407108888567192
98,2024,5,0.0,catboost_classifier,0,0.23402979222761114
98,2024,6,0.0,catboost_classifier,0,0.3119117663204714
98,2024,7,0.0,catboost_classifier,0,0.18168586101472345
98,2024,8,0.0,catboost_classifier,0,0.10681324327827989
98,2024,11,0.0,catboost_classifier,0,0.06542003138252124
99,2023,10,0.0,catboost_classifier,0,0.2513996090830995
99,2023,11,1.0,catboost_classifier,0,0.20012730064986323
99,2023,12,1.0,catboost_classifier,0,0.2880105292722847
99,2024,1,1.0,catboost_classifier,0,0.30765296738645337
99,2024,2,0.0,catboost_classifier,0,0.3069073770103293
99,2024,3,1.0,catboost_classifier,0,0.3116312637608929
99,2024,4,1.0,catboost_classifier,0,0.2010891467188296
99,2024,5,1.0,catboost_classifier,0,0.36343959093621475
99,2024,6,1.0,catboost_classifier,0,0.303353483699105
99,2024,7,0.0,catboost_classifier,0,0.382236664849462
99,2024,8,1.0,catboost_classifier,0,0.4116621295742225
99,2024,11,0.0,catboost_classifier,0,0.29531374416445777
100,2023,10,0.0,catboost_classifier,0,0.25523313963732974
100,2023,11,1.0,catboost_classifier,0,0.2443778944471065
100,2023,12,1.0,catboost_classifier,0,0.33185520672009033
100,2024,1,1.0,catboost_classifier,0,0.29601730710805824
100,2024,2,0.0,catboost_classifier,0,0.4605126967908485
100,2024,3,1.0,catboost_classifier,0,0.423090480810788
100,2024,4,1.0,catboost_classifier,0,0.40063579790467474
100,2024,5,1.0,catboost_classifier,1,0.5452028357821396
100,2024,6,1.0,catboost_classifier,1,0.698902007849658
100,2024,7,0.0,catboost_classifier,1,0.7956628578946335
100,2024,8,1.0,catboost_classifier,1,0.804350667484397
100,2024,11,0.0,catboost_classifier,1,0.6035270904062271
101,2023,10,1.0,catboost_classifier,0,0.4243816270941983
101,2023,11,0.0,catboost_classifier,0,0.4841441913209047
101,2023,12,1.0,catboost_classifier,1,0.6234306454569898
101,2024,1,1.0,catboost_classifier,1,0.5208115445563871
101,2024,2,1.0,catboost_classifier,1,0.6674896153930919
101,2024,3,0.0,catboost_classifier,0,0.49206049626605575
101,2024,4,0.0,catboost_classifier,0,0.3995874683133478
101,2024,5,1.0,catboost_classifier,0,0.31620684030944163
101,2024,6,1.0,catboost_classifier,0,0.34992816641253904
101,2024,7,1.0,catboost_classifier,0,0.4389139294887286
101,2024,8,0.0,catboost_classifier,1,0.5810092192749092
101,2024,11,1.0,catboost_classifier,1,0.5955177382915475
102,2023,10,1.0,catboost_classifier,0,0.4672446939092884
102,2023,11,0.0,catboost_classifier,0,0.4680458996013151
102,2023,12,1.0,catboost_classifier,1,0.5725581763335866
102,2024,1,1.0,catboost_classifier,1,0.5145380852501653
102,2024,2,1.0,catboost_classifier,1,0.6516230007498376
102,2024,3,0.0,catboost_classifier,1,0.5488372963865589
102,2024,4,0.0,catboost_classifier,0,0.3482226178987071
102,2024,5,1.0,catboost_classifier,0,0.31193583448568235
102,2024,6,1.0,catboost_classifier,0,0.2598424678258732
102,2024,7,1.0,catboost_classifier,0,0.42630257505843144
102,2024,8,0.0,catboost_classifier,1,0.5221473096231842
102,2024,11,1.0,catboost_classifier,1,0.5183194916380436
103,2023,10,0.0,catboost_classifier,0,0.09023593118304164
103,2023,11,0.0,catboost_classifier,0,0.0633317992470288
103,2023,12,0.0,catboost_classifier,0,0.07825560714526977
103,2024,1,0.0,catboost_classifier,0,0.03608334277594061
103,2024,2,0.0,catboost_classifier,0,0.07490269675601151
103,2024,3,0.0,catboost_classifier,0,0.08395870794344262
103,2024,4,0.0,catboost_classifier,0,0.03368825600081099
103,2024,5,0.0,catboost_classifier,0,0.08033808499903335
103,2024,6,0.0,catboost_classifier,0,0.06837056912946238
103,2024,7,0.0,catboost_classifier,0,0.03942971149966776
103,2024,8,0.0,catboost_classifier,0,0.0863906029786144
103,2024,11,0.0,catboost_classifier,0,0.06080370874198863
104,2023,10,0.0,catboost_classifier,0,0.09384432523150098
104,2023,11,0.0,catboost_classifier,0,0.07459615870577092
104,2023,12,0.0,catboost_classifier,0,0.10988527303965527
104,2024,1,0.0,catboost_classifier,0,0.0447635961697242
104,2024,2,0.0,catboost_classifier,0,0.09860953152983894
104,2024,3,0.0,catboost_classifier,0,0.07420402741915773
104,2024,4,0.0,catboost_classifier,0,0.04696968814065408
104,2024,5,0.0,catboost_classifier,0,0.08912452130609776
104,2024,6,0.0,catboost_classifier,0,0.09494831827202231
104,2024,7,0.0,catboost_classifier,0,0.0690860180402283
104,2024,8,0.0,catboost_classifier,0,0.11075317346428798
104,2024,11,0.0,catboost_classifier,0,0.06639177713922743
105,2023,10,1.0,catboost_classifier,0,0.12436683600395014
105,2023,11,0.0,catboost_classifier,0,0.036132955190013874
105,2023,12,0.0,catboost_classifier,0,0.06831546585256049
105,2024,1,1.0,catboost_classifier,0,0.12298354548297491
105,2024,2,0.0,catboost_classifier,1,0.5505026326905592
105,2024,3,0.0,catboost_classifier,0,0.14162653915849402
105,2024,4,0.0,catboost_classifier,0,0.06223912081232214
105,2024,5,0.0,catboost_classifier,0,0.071344957235981
105,2024,6,0.0,catboost_classifier,0,0.11356864891851866
105,2024,7,0.0,catboost_classifier,0,0.051600393888226605
105,2024,8,0.0,catboost_classifier,0,0.09124720808015113
105,2024,11,0.0,catboost_classifier,0,0.1053806492998794
106,2023,10,1.0,catboost_classifier,0,0.18966208310941424
106,2023,11,0.0,catboost_classifier,0,0.12247834261611354
106,2023,12,0.0,catboost_classifier,0,0.1667475233358018
106,2024,1,1.0,catboost_classifier,0,0.18837793961921126
106,2024,2,0.0,catboost_classifier,0,0.48638796634444065
106,2024,3,0.0,catboost_classifier,0,0.21188870349190173
106,2024,4,0.0,catboost_classifier,0,0.10762861693039649
106,2024,5,0.0,catboost_classifier,0,0.14288576288739555
106,2024,6,0.0,catboost_classifier,0,0.07847011467035293
106,2024,7,0.0,catboost_classifier,0,0.06769916364512209
106,2024,8,0.0,catboost_classifier,0,0.15375620177836785
106,2024,11,0.0,catboost_classifier,0,0.08625313184081143
107,2023,10,1.0,catboost_classifier,1,0.9560715641211736
107,2023,11,1.0,catboost_classifier,1,0.9457449133318709
107,2023,12,0.0,catboost_classifier,1,0.8582276444719372
107,2024,1,1.0,catboost_classifier,1,0.7331950582976031
107,2024,2,1.0,catboost_classifier,1,0.854215967306309
107,2024,3,0.0,catboost_classifier,1,0.92211862099006
107,2024,4,1.0,catboost_classifier,1,0.7181962641002642
107,2024,5,1.0,catboost_classifier,1,0.8956103239466028
107,2024,6,0.0,catboost_classifier,1,0.8506930258174787
107,2024,7,0.0,catboost_classifier,1,0.8703681232441094
107,2024,8,1.0,catboost_classifier,1,0.926920491213882
107,2024,11,0.0,catboost_classifier,1,0.8863503921123023
108,2023,10,0.0,catboost_classifier,0,0.2649671748600234
108,2023,11,0.0,catboost_classifier,0,0.34166361479886387
108,2023,12,0.0,catboost_classifier,0,0.13933174470881293
108,2024,1,0.0,catboost_classifier,0,0.11224548539717448
108,2024,2,0.0,catboost_classifier,0,0.12823107807990342
108,2024,3,0.0,catboost_classifier,0,0.2849897204729488
108,2024,4,0.0,catboost_classifier,0,0.05499709825505635
108,2024,5,0.0,catboost_classifier,0,0.14475497245519905
108,2024,6,1.0,catboost_classifier,0,0.12323766658145625
108,2024,7,1.0,catboost_classifier,0,0.15817365600116023
108,2024,8,1.0,catboost_classifier,0,0.22862427004963565
108,2024,11,0.0,catboost_classifier,0,0.30569550347855456
109,2023,10,0.0,catboost_classifier,0,0.35497311133453163
109,2023,11,0.0,catboost_classifier,0,0.3671129329540974
109,2023,12,0.0,catboost_classifier,0,0.23556341978136405
109,2024,1,0.0,catboost_classifier,0,0.1141206359009724
109,2024,2,0.0,catboost_classifier,0,0.08564154657206996
109,2024,3,0.0,catboost_classifier,0,0.27136133274045876
109,2024,4,0.0,catboost_classifier,0,0.0792159033199392
109,2024,5,0.0,catboost_classifier,0,0.33231328416285577
109,2024,6,0.0,catboost_classifier,0,0.31683884439227783
109,2024,7,0.0,catboost_classifier,0,0.20146367776126528
109,2024,8,1.0,catboost_classifier,0,0.24138191229617634
109,2024,11,0.0,catboost_classifier,0,0.23085927410921114
110,2023,10,1.0,catboost_classifier,0,0.33008736349266643
110,2023,11,0.0,catboost_classifier,0,0.4587211462294276
110,2023,12,0.0,catboost_classifier,0,0.20114190621254324
110,2024,1,1.0,catboost_classifier,0,0.1841013470274742
110,2024,2,0.0,catboost_classifier,0,0.19680856656729898
110,2024,3,1.0,catboost_classifier,0,0.29125949509546883
110,2024,4,0.0,catboost_classifier,0,0.15613039837875758
110,2024,5,0.0,catboost_classifier,0,0.24592062070851806
110,2024,6,0.0,catboost_classifier,0,0.21640863351400988
110,2024,7,0.0,catboost_classifier,0,0.2232245263325517
110,2024,8,1.0,catboost_classifier,0,0.2886012172701081
110,2024,11,1.0,catboost_classifier,0,0.39429054333744185
111,2023,10,1.0,catboost_classifier,1,0.542846922214614
111,2023,11,1.0,catboost_classifier,1,0.7151755603863577
111,2023,12,0.0,catboost_classifier,1,0.5997801508068424
111,2024,1,0.0,catboost_classifier,0,0.44944092382545225
111,2024,2,1.0,catboost_classifier,1,0.7493540160005886
111,2024,3,1.0,catboost_classifier,1,0.6550443032310244
111,2024,4,0.0,catboost_classifier,0,0.32419625422708453
111,2024,5,1.0,catboost_classifier,0,0.23801821301841566
111,2024,6,1.0,catboost_classifier,0,0.3490164120847972
111,2024,7,0.0,catboost_classifier,0,0.4316650771031408
111,2024,8,0.0,catboost_classifier,1,0.5167612377061186
111,2024,11,1.0,catboost_classifier,1,0.5550463803360028
112,2023,10,0.0,catboost_classifier,0,0.23710412879435508
112,2023,11,1.0,catboost_classifier,0,0.16502406698802377
112,2023,12,0.0,catboost_classifier,0,0.25261921614468713
112,2024,1,0.0,catboost_classifier,0,0.1436553832989968
112,2024,2,0.0,catboost_classifier,0,0.1474424739646096
112,2024,3,0.0,catboost_classifier,0,0.22695849987637792
112,2024,4,0.0,catboost_classifier,0,0.10226198019941626
112,2024,5,0.0,catboost_classifier,0,0.21609440747138337
112,2024,6,0.0,catboost_classifier,0,0.1825507052557808
112,2024,7,1.0,catboost_classifier,0,0.21162013313597336
112,2024,8,0.0,catboost_classifier,0,0.27977041973713634
112,2024,11,0.0,catboost_classifier,0,0.2574706631819301
113,2023,10,0.0,catboost_classifier,0,0.29851328414846123
113,2023,11,1.0,catboost_classifier,0,0.18457734610616391
113,2023,12,0.0,catboost_classifier,0,0.30964338041920636
113,2024,1,0.0,catboost_classifier,0,0.11869339180030325
113,2024,2,0.0,catboost_classifier,0,0.19175170131640268
113,2024,3,0.0,catboost_classifier,0,0.21771545603767287
113,2024,4,0.0,catboost_classifier,0,0.1116712194458003
113,2024,5,0.0,catboost_classifier,0,0.11272424936701399
113,2024,6,0.0,catboost_classifier,0,0.11274221038579685
113,2024,7,0.0,catboost_classifier,0,0.2267413853039669
113,2024,8,0.0,catboost_classifier,0,0.20268798196757232
113,2024,11,0.0,catboost_classifier,0,0.12705927663926783
114,2023,10,0.0,catboost_classifier,0,0.3199287186115273
114,2023,11,1.0,catboost_classifier,0,0.21897192627478373
114,2023,12,0.0,catboost_classifier,0,0.2943753008276488
114,2024,1,0.0,catboost_classifier,0,0.16811064555980326
114,2024,2,0.0,catboost_classifier,0,0.24810609632030411
114,2024,3,0.0,catboost_classifier,0,0.2695303002098952
114,2024,4,0.0,catboost_classifier,0,0.1665760984382478
114,2024,5,0.0,catboost_classifier,0,0.10669883963970044
114,2024,6,0.0,catboost_classifier,0,0.10906941365327881
114,2024,7,0.0,catboost_classifier,0,0.23080333436724212
114,2024,8,0.0,catboost_classifier,0,0.23601159544779154
114,2024,11,0.0,catboost_classifier,0,0.13937081777293447
115,2023,10,1.0,catboost_classifier,1,0.500374123335637
115,2023,11,1.0,catboost_classifier,1,0.6622130786958017
115,2023,12,1.0,catboost_classifier,1,0.6786761231252768
115,2024,1,1.0,catboost_classifier,1,0.6750675639566547
115,2024,2,1.0,catboost_classifier,1,0.7033298317448415
115,2024,3,1.0,catboost_classifier,1,0.6977980792574673
115,2024,4,1.0,catboost_classifier,1,0.5337857902385481
115,2024,5,0.0,catboost_classifier,0,0.4992577138823423
115,2024,6,1.0,catboost_classifier,1,0.5191613894696154
115,2024,7,0.0,catboost_classifier,0,0.48347029636423416
115,2024,8,0.0,catboost_classifier,1,0.694875911071292
115,2024,11,1.0,catboost_classifier,0,0.49847483713270957
116,2023,10,1.0,catboost_classifier,0,0.12760028858851996
116,2023,11,0.0,catboost_classifier,0,0.21110414622391668
116,2023,12,0.0,catboost_classifier,0,0.16780457358617923
116,2024,1,1.0,catboost_classifier,0,0.088775644776377
116,2024,2,0.0,catboost_classifier,0,0.20853813239055463
116,2024,3,0.0,catboost_classifier,0,0.20085834822514942
116,2024,4,1.0,catboost_classifier,0,0.16603204545861086
116,2024,5,0.0,catboost_classifier,0,0.2838320314219128
116,2024,6,0.0,catboost_classifier,0,0.08436768713581085
116,2024,7,0.0,catboost_classifier,0,0.18049005129326964
116,2024,8,0.0,catboost_classifier,0,0.44873171949928387
116,2024,11,1.0,catboost_classifier,0,0.18391144703022003
117,2023,10,1.0,catboost_classifier,0,0.14858724703816548
117,2023,11,0.0,catboost_classifier,0,0.2695608394385457
117,2023,12,0.0,catboost_classifier,0,0.14267956034936327
117,2024,1,1.0,catboost_classifier,0,0.09611267791645901
117,2024,2,0.0,catboost_classifier,0,0.2410739537503978
117,2024,3,0.0,catboost_classifier,0,0.2185057696927911
117,2024,4,1.0,catboost_classifier,0,0.16203863024821413
117,2024,5,0.0,catboost_classifier,0,0.26427127330121086
117,2024,6,0.0,catboost_classifier,0,0.11930482182870043
117,2024,7,0.0,catboost_classifier,0,0.2157953076384659
117,2024,8,0.0,catboost_classifier,1,0.5284353127618291
117,2024,11,1.0,catboost_classifier,0,0.24019697683277413
118,2023,10,1.0,catboost_classifier,1,0.6627754004843592
118,2023,11,0.0,catboost_classifier,1,0.648345432885811
118,2023,12,1.0,catboost_classifier,1,0.6741818155169488
118,2024,1,1.0,catboost_classifier,1,0.5426994129148123
118,2024,2,0.0,catboost_classifier,1,0.7012784216044758
118,2024,3,1.0,catboost_classifier,1,0.8248961316348783
118,2024,4,1.0,catboost_classifier,1,0.5021448313009156
118,2024,5,1.0,catboost_classifier,1,0.5890544520294035
118,2024,6,1.0,catboost_classifier,1,0.5781477714376348
118,2024,7,0.0,catboost_classifier,1,0.6926105033642046
118,2024,8,0.0,catboost_classifier,1,0.8654360918314645
118,2024,11,1.0,catboost_classifier,1,0.7192792767545139
119,2023,10,1.0,catboost_classifier,0,0.48941276245157805
119,2023,11,0.0,catboost_classifier,0,0.3725512432242964
119,2023,12,1.0,catboost_classifier,1,0.5401404475225573
119,2024,1,1.0,catboost_classifier,0,0.3627464623510221
119,2024,2,0.0,catboost_classifier,1,0.754278261828059
119,2024,3,1.0,catboost_classifier,0,0.4429976367677199
119,2024,4,1.0,catboost_classifier,0,0.39692805081350346
119,2024,5,1.0,catboost_classifier,0,0.11605336649186888
119,2024,6,1.0,catboost_classifier,0,0.2951287624913378
119,2024,7,0.0,catboost_classifier,0,0.46395296686990994
119,2024,8,0.0,catboost_classifier,1,0.8127716304114778
119,2024,11,1.0,catboost_classifier,0,0.35544262119623854
120,2023,10,0.0,catboost_classifier,0,0.076939362273737
120,2023,11,1.0,catboost_classifier,0,0.036972795077551066
120,2023,12,1.0,catboost_classifier,0,0.08666140806635765
120,2024,1,0.0,catboost_classifier,0,0.07245350471645078
120,2024,2,0.0,catboost_classifier,0,0.18109604287075898
120,2024,3,0.0,catboost_classifier,0,0.1953662743534189
120,2024,4,1.0,catboost_classifier,0,0.1271469568120657
120,2024,5,0.0,catboost_classifier,0,0.18918503858829921
120,2024,6,0.0,catboost_classifier,0,0.10841238497748537
120,2024,7,0.0,catboost_classifier,0,0.07390797729223046
120,2024,8,1.0,catboost_classifier,0,0.08292227259055833
120,2024,11,1.0,catboost_classifier,0,0.10362151344058551
121,2023,10,0.0,catboost_classifier,0,0.05815466771854927
121,2023,11,1.0,catboost_classifier,0,0.06506087761146562
121,2023,12,1.0,catboost_classifier,0,0.11980208354834544
121,2024,1,0.0,catboost_classifier,0,0.07800754227583351
121,2024,2,0.0,catboost_classifier,0,0.1525325723229139
121,2024,3,0.0,catboost_classifier,0,0.29118387721710004
121,2024,4,1.0,catboost_classifier,0,0.24909853622993788
121,2024,5,0.0,catboost_classifier,0,0.3056067684976855
121,2024,6,0.0,catboost_classifier,0,0.14782047823246686
121,2024,7,0.0,catboost_classifier,0,0.08348637720263681
121,2024,8,1.0,catboost_classifier,0,0.11248912118931575
121,2024,11,0.0,catboost_classifier,0,0.11589035817192346
122,2023,10,0.0,catboost_classifier,1,0.5738621730657902
122,2023,11,1.0,catboost_classifier,0,0.25481871384250576
122,2023,12,1.0,catboost_classifier,0,0.46482635059006705
122,2024,1,1.0,catboost_classifier,0,0.4818190863105489
122,2024,2,0.0,catboost_classifier,1,0.5837613911588333
122,2024,3,1.0,catboost_classifier,1,0.719571453872716
122,2024,4,1.0,catboost_classifier,1,0.6687082666229479
122,2024,5,0.0,catboost_classifier,1,0.6661553888570094
122,2024,6,0.0,catboost_classifier,1,0.7421779853528735
122,2024,7,0.0,catboost_classifier,1,0.7589723905664382
122,2024,8,0.0,catboost_classifier,0,0.4324372130184128
122,2024,11,1.0,catboost_classifier,0,0.1451394901161844
123,2024,11,0.0,catboost_classifier,0,0.16689425268963898
124,2023,10,0.0,catboost_classifier,0,0.11304747185630978
124,2023,11,1.0,catboost_classifier,0,0.2760115999695418
124,2023,12,0.0,catboost_classifier,0,0.07135787725825474
124,2024,1,0.0,catboost_classifier,0,0.02555995314197092
124,2024,2,0.0,catboost_classifier,0,0.31379080822725997
124,2024,3,1.0,catboost_classifier,0,0.14656388122318298
124,2024,4,0.0,catboost_classifier,0,0.14370682807305193
124,2024,5,0.0,catboost_classifier,0,0.1303085768377143
124,2024,6,0.0,catboost_classifier,0,0.14404136499321005
124,2024,7,0.0,catboost_classifier,0,0.1433107895861744
124,2024,11,0.0,catboost_classifier,0,0.08715759161882179
125,2023,10,0.0,catboost_classifier,0,0.4945254728571952
125,2023,11,1.0,catboost_classifier,0,0.29634166650185445
125,2023,12,1.0,catboost_classifier,1,0.5804449764360259
125,2024,1,1.0,catboost_classifier,1,0.5510667878712866
125,2024,2,0.0,catboost_classifier,1,0.7182208547529413
125,2024,3,1.0,catboost_classifier,1,0.7678125338545515
125,2024,4,1.0,catboost_classifier,1,0.6267905630396212
125,2024,5,0.0,catboost_classifier,1,0.6337396235574054
125,2024,6,0.0,catboost_classifier,1,0.8263274763259684
125,2024,7,0.0,catboost_classifier,1,0.7623742139641865
125,2024,8,0.0,catboost_classifier,1,0.6914129882609816
125,2024,11,1.0,catboost_classifier,1,0.7871409184075246
126,2023,10,0.0,catboost_classifier,1,0.5109785623889702
126,2023,11,1.0,catboost_classifier,0,0.37049324263642364
126,2023,12,1.0,catboost_classifier,0,0.389317190882958
126,2024,1,1.0,catboost_classifier,0,0.4342122159188218
126,2024,2,0.0,catboost_classifier,0,0.47578520432510124
126,2024,3,0.0,catboost_classifier,0,0.33936826884575394
126,2024,4,0.0,catboost_classifier,0,0.24089519030088502
126,2024,5,0.0,catboost_classifier,0,0.23974983067346384
126,2024,6,1.0,catboost_classifier,0,0.25048730131540214
126,2024,7,0.0,catboost_classifier,0,0.28535317567659735
126,2024,8,1.0,catboost_classifier,0,0.35141912179172186
126,2024,11,0.0,catboost_classifier,0,0.4670986986573273
127,2023,10,1.0,catboost_classifier,0,0.1557409683572584
127,2023,11,1.0,catboost_classifier,0,0.18490898774152079
127,2023,12,0.0,catboost_classifier,0,0.2070045862674272
127,2024,1,0.0,catboost_classifier,0,0.14151380928662916
127,2024,2,0.0,catboost_classifier,0,0.17297955823768085
127,2024,3,1.0,catboost_classifier,0,0.19183373852558047
127,2024,4,0.0,catboost_classifier,0,0.14349251258365298
127,2024,5,1.0,catboost_classifier,0,0.2724683855894252
127,2024,6,0.0,catboost_classifier,0,0.2135536143275306
127,2024,7,1.0,catboost_classifier,0,0.3359122577455708
127,2024,8,0.0,catboost_classifier,0,0.41809058587873593
127,2024,11,0.0,catboost_classifier,0,0.44790177675141946
128,2023,10,0.0,catboost_classifier,0,0.27442246430850165
128,2023,11,0.0,catboost_classifier,0,0.18922450958784007
128,2023,12,0.0,catboost_classifier,0,0.08945296786669513
128,2024,1,0.0,catboost_classifier,0,0.09765024152237028
128,2024,2,0.0,catboost_classifier,0,0.176265447689662
128,2024,3,0.0,catboost_classifier,0,0.3111365439091911
128,2024,4,0.0,catboost_classifier,0,0.13866671074588366
128,2024,5,1.0,catboost_classifier,0,0.19526608435216172
128,2024,6,0.0,catboost_classifier,0,0.19118089473099376
128,2024,7,0.0,catboost_classifier,0,0.12201892146409456
128,2024,8,0.0,catboost_classifier,0,0.2855303551006947
128,2024,11,1.0,catboost_classifier,0,0.0973076553821516
129,2023,10,0.0,catboost_classifier,0,0.20498567311981133
129,2023,11,0.0,catboost_classifier,0,0.1592498709066536
129,2023,12,0.0,catboost_classifier,0,0.06406952588640326
129,2024,1,0.0,catboost_classifier,0,0.037401986336548884
129,2024,2,0.0,catboost_classifier,0,0.14303947622818547
129,2024,3,0.0,catboost_classifier,0,0.20591699008484732
129,2024,4,0.0,catboost_classifier,0,0.08005431833879081
129,2024,5,1.0,catboost_classifier,0,0.12589883427116857
129,2024,6,0.0,catboost_classifier,0,0.1568813079720813
129,2024,7,0.0,catboost_classifier,0,0.1415225185381519
129,2024,8,0.0,catboost_classifier,0,0.3008907498656703
129,2024,11,1.0,catboost_classifier,0,0.06653759042632905
131,2023,10,0.0,catboost_classifier,0,0.17376562573519094
131,2023,11,0.0,catboost_classifier,0,0.1500067279517401
131,2023,12,0.0,catboost_classifier,0,0.23183758962236875
131,2024,1,0.0,catboost_classifier,0,0.106625092839466
131,2024,2,0.0,catboost_classifier,0,0.12533534663942755
131,2024,3,0.0,catboost_classifier,0,0.2121468842380548
131,2024,4,0.0,catboost_classifier,0,0.09647759993564431
131,2024,5,1.0,catboost_classifier,0,0.15516631226109595
131,2024,6,0.0,catboost_classifier,0,0.17758483921704094
131,2024,7,0.0,catboost_classifier,0,0.13242535916859025
131,2024,8,0.0,catboost_classifier,0,0.19509866772208806
131,2024,11,0.0,catboost_classifier,0,0.08550804490671483
132,2023,10,0.0,catboost_classifier,0,0.12744971638180855
132,2023,11,0.0,catboost_classifier,0,0.05090756191758615
132,2023,12,0.0,catboost_classifier,0,0.1333190244045464
132,2024,1,0.0,catboost_classifier,0,0.04473759898370071
132,2024,2,0.0,catboost_classifier,0,0.07712694469723953
132,2024,3,0.0,catboost_classifier,0,0.07017093259081163
132,2024,4,0.0,catboost_classifier,0,0.06317283227762396
132,2024,5,0.0,catboost_classifier,0,0.07577004936671854
132,2024,6,0.0,catboost_classifier,0,0.06803168033480964
132,2024,7,0.0,catboost_classifier,0,0.07259037771329538
132,2024,8,0.0,catboost_classifier,0,0.06487187781461773
132,2024,11,0.0,catboost_classifier,0,0.05021345779585694
133,2023,10,0.0,catboost_classifier,0,0.16899699558392348
133,2023,11,0.0,catboost_classifier,0,0.0918830070693267
133,2023,12,0.0,catboost_classifier,0,0.10104056891430938
133,2024,1,0.0,catboost_classifier,0,0.05795136137472385
133,2024,2,0.0,catboost_classifier,0,0.133539036918192
133,2024,3,0.0,catboost_classifier,0,0.12458735407242628
133,2024,4,0.0,catboost_classifier,0,0.07704003262969607
133,2024,5,0.0,catboost_classifier,0,0.17097011425095981
133,2024,6,0.0,catboost_classifier,0,0.1614394461713252
133,2024,7,0.0,catboost_classifier,0,0.07762667641769477
133,2024,8,0.0,catboost_classifier,0,0.08263801584130173
133,2024,11,0.0,catboost_classifier,0,0.08137502005511471
134,2023,10,0.0,catboost_classifier,0,0.06615243240032656
134,2023,11,0.0,catboost_classifier,0,0.09755270953089212
134,2023,12,0.0,catboost_classifier,0,0.08762362244765642
134,2024,1,0.0,catboost_classifier,0,0.03594173612585517
134,2024,2,0.0,catboost_classifier,0,0.08167228066372331
134,2024,3,0.0,catboost_classifier,0,0.07019558282593352
134,2024,4,0.0,catboost_classifier,0,0.04974955790096429
134,2024,5,0.0,catboost_classifier,0,0.10775949964255387
134,2024,6,0.0,catboost_classifier,0,0.09254822611359191
134,2024,7,0.0,catboost_classifier,0,0.08367180411181187
134,2024,8,0.0,catboost_classifier,0,0.11843370998536916
134,2024,11,0.0,catboost_classifier,0,0.07834094564778704
135,2023,10,0.0,catboost_classifier,0,0.07046993669042578
135,2023,11,0.0,catboost_classifier,0,0.10943369246829485
135,2023,12,0.0,catboost_classifier,0,0.14850514187661618
135,2024,1,0.0,catboost_classifier,0,0.08821016954344062
135,2024,2,0.0,catboost_classifier,0,0.2674176941561114
135,2024,3,0.0,catboost_classifier,0,0.08506627535754474
135,2024,4,0.0,catboost_classifier,0,0.0954776410988208
135,2024,5,0.0,catboost_classifier,0,0.1180396573295192
135,2024,6,0.0,catboost_classifier,0,0.20664137344291905
135,2024,7,0.0,catboost_classifier,0,0.08752112237383515
135,2024,8,0.0,catboost_classifier,0,0.12505497264792903
135,2024,11,0.0,catboost_classifier,0,0.0708607835546658
136,2023,10,1.0,catboost_classifier,0,0.2485363468695671
136,2023,11,0.0,catboost_classifier,0,0.46417007083317585
136,2023,12,0.0,catboost_classifier,0,0.2699727218654323
136,2024,1,1.0,catboost_classifier,0,0.17536652701726416
136,2024,2,0.0,catboost_classifier,0,0.21284518531112892
136,2024,3,0.0,catboost_classifier,0,0.30268823669336103
136,2024,4,0.0,catboost_classifier,0,0.15831071806399888
136,2024,5,0.0,catboost_classifier,0,0.20062471480003777
136,2024,6,0.0,catboost_classifier,0,0.1505665143349042
136,2024,7,0.0,catboost_classifier,0,0.15926806135239727
136,2024,8,1.0,catboost_classifier,0,0.23578425821685478
136,2024,11,1.0,catboost_classifier,0,0.18247504395891273
137,2023,10,0.0,catboost_classifier,1,0.7609644756492487
137,2023,11,1.0,catboost_classifier,1,0.6254661273901587
137,2023,12,1.0,catboost_classifier,1,0.8096474171569625
137,2024,1,1.0,catboost_classifier,1,0.5888718145297138
137,2024,2,0.0,catboost_classifier,1,0.5760966681872606
137,2024,3,1.0,catboost_classifier,1,0.6010639875054204
137,2024,4,1.0,catboost_classifier,1,0.5147503947652556
137,2024,5,0.0,catboost_classifier,1,0.7943897836162355
137,2024,6,0.0,catboost_classifier,1,0.7347786478235342
137,2024,7,0.0,catboost_classifier,0,0.4804119670032665
137,2024,8,1.0,catboost_classifier,0,0.44678396609301574
137,2024,11,1.0,catboost_classifier,1,0.6116239381827194
138,2023,10,1.0,catboost_classifier,1,0.9000350207997231
138,2023,11,1.0,catboost_classifier,1,0.6823698265206447
138,2023,12,1.0,catboost_classifier,1,0.7440344244402359
138,2024,1,1.0,catboost_classifier,1,0.6667553110383119
138,2024,2,1.0,catboost_classifier,1,0.7201971682158624
138,2024,3,1.0,catboost_classifier,1,0.7210139912932224
138,2024,4,1.0,catboost_classifier,1,0.7235474807131796
138,2024,5,0.0,catboost_classifier,1,0.8453771651191638
138,2024,6,0.0,catboost_classifier,1,0.7024021555518211
138,2024,7,0.0,catboost_classifier,1,0.5468515926463717
138,2024,8,1.0,catboost_classifier,0,0.4820983548758014
138,2024,11,1.0,catboost_classifier,0,0.49268461619061155
139,2023,10,0.0,catboost_classifier,0,0.32328447126859894
139,2023,11,0.0,catboost_classifier,0,0.15471059698554138
139,2023,12,0.0,catboost_classifier,0,0.1597369765802257
139,2024,1,0.0,catboost_classifier,0,0.12964965322776772
139,2024,2,0.0,catboost_classifier,0,0.21883818224409984
139,2024,3,0.0,catboost_classifier,0,0.303866180091003
139,2024,4,1.0,catboost_classifier,0,0.07106331659190336
139,2024,5,0.0,catboost_classifier,0,0.2861660617847921
139,2024,6,1.0,catboost_classifier,0,0.2700224684424394
139,2024,7,0.0,catboost_classifier,0,0.35167921946129577
139,2024,8,0.0,catboost_classifier,0,0.48189185882209745
139,2024,11,0.0,catboost_classifier,0,0.11841865255473641
140,2023,10,1.0,catboost_classifier,1,0.9310261913622927
140,2023,11,0.0,catboost_classifier,1,0.8262648466996967
140,2023,12,1.0,catboost_classifier,1,0.8613448966602583
140,2024,1,0.0,catboost_classifier,1,0.6509095809538964
140,2024,2,1.0,catboost_classifier,0,0.3999614235412846
140,2024,3,0.0,catboost_classifier,1,0.633405585096936
140,2024,4,1.0,catboost_classifier,0,0.41663773899260625
140,2024,5,0.0,catboost_classifier,1,0.8765702295049429
140,2024,6,1.0,catboost_classifier,1,0.6813491642335257
140,2024,7,0.0,catboost_classifier,1,0.7628091367153746
140,2024,8,1.0,catboost_classifier,1,0.7717403428981325
140,2024,11,1.0,catboost_classifier,1,0.8519469700110385
142,2023,10,0.0,catboost_classifier,1,0.8062938738327522
143,2023,12,1.0,catboost_classifier,1,0.7970194828605349
143,2024,1,1.0,catboost_classifier,1,0.6542648714786597
143,2024,2,1.0,catboost_classifier,1,0.766706914588566
143,2024,3,1.0,catboost_classifier,1,0.9087021807300675
143,2024,4,1.0,catboost_classifier,1,0.8475997524153354
143,2024,5,0.0,catboost_classifier,1,0.9300582013518773
143,2024,6,0.0,catboost_classifier,1,0.8633946193442671
143,2024,7,0.0,catboost_classifier,1,0.856797476338213
143,2024,8,1.0,catboost_classifier,1,0.7554585602569136
143,2024,11,1.0,catboost_classifier,1,0.9683827870507143
