model,threshold,accuracy,precision,recall,f1,balanced_precision_recall,tn,fp,fn,tp
catboost_classifier,0.05,0.32082324455205813,0.3005671077504726,0.9754601226993865,0.4595375722543353,0.6380136152249296,53,1110,12,477
catboost_classifier,0.06,0.3486682808716707,0.3082952318745918,0.9652351738241309,0.46732673267326735,0.6367652028493613,104,1059,17,472
catboost_classifier,0.07,0.37832929782082325,0.3167574931880109,0.950920245398773,0.4752171691364333,0.633838869293392,160,1003,24,465
catboost_classifier,0.08,0.4085956416464891,0.32521489971346706,0.9284253578732107,0.4816976127320955,0.6268201287933388,221,942,35,454
catboost_classifier,0.09,0.43341404358353514,0.3330843913368185,0.9120654396728016,0.487964989059081,0.62257491550481,270,893,43,446
catboost_classifier,0.1,0.45581113801452783,0.3405909797822706,0.8957055214723927,0.49352112676056337,0.6181482506273317,315,848,51,438
catboost_classifier,0.11,0.4812348668280872,0.34991843393148453,0.8773006134969326,0.5002915451895044,0.6136095237142085,366,797,60,429
catboost_classifier,0.12,0.5096852300242131,0.36246786632390743,0.8650306748466258,0.5108695652173914,0.6137492705852666,419,744,66,423
catboost_classifier,0.13,0.5217917675544794,0.36574487065120426,0.8384458077709611,0.5093167701863354,0.6020953392110827,452,711,79,410
catboost_classifier,0.14,0.5399515738498789,0.37488457987072943,0.8302658486707567,0.5165394402035624,0.602575214270743,486,677,83,406
catboost_classifier,0.15,0.5575060532687651,0.3832046332046332,0.8118609406952966,0.520655737704918,0.5975327869499649,524,639,92,397
catboost_classifier,0.16,0.5738498789346247,0.391742195367573,0.7955010224948875,0.524966261808367,0.5936216089312303,559,604,100,389
catboost_classifier,0.17,0.5889830508474576,0.40041928721174,0.7811860940695297,0.5294525294525294,0.5908026906406348,591,572,107,382
catboost_classifier,0.18,0.6041162227602905,0.40963855421686746,0.7648261758691206,0.5335235378031383,0.587232365042994,624,539,115,374
catboost_classifier,0.19,0.612590799031477,0.4129181084198385,0.7321063394683026,0.528023598820059,0.5725122239440705,654,509,131,358
catboost_classifier,0.2,0.6222760290556901,0.41935483870967744,0.7177914110429447,0.5294117647058824,0.5685731248763111,677,486,138,351
catboost_classifier,0.21,0.6343825665859564,0.42803504380475593,0.6993865030674846,0.531055900621118,0.5637107734361203,706,457,147,342
catboost_classifier,0.22,0.6507263922518159,0.4417989417989418,0.6830265848670757,0.5365461847389559,0.5624127633330087,741,422,155,334
catboost_classifier,0.23,0.6628329297820823,0.453168044077135,0.6728016359918201,0.5415637860082304,0.5629848400344776,766,397,160,329
catboost_classifier,0.24,0.6707021791767555,0.4602026049204052,0.6503067484662577,0.5389830508474577,0.5552546766933315,790,373,171,318
catboost_classifier,0.25,0.6755447941888619,0.46466165413533833,0.6319018404907976,0.5355285961871751,0.5482817473130679,807,356,180,309
catboost_classifier,0.26,0.6822033898305084,0.4716981132075472,0.6134969325153374,0.5333333333333333,0.5425975228614424,827,336,189,300
catboost_classifier,0.27,0.6912832929782082,0.4828150572831424,0.6032719836400818,0.5363636363636364,0.5430435204616121,847,316,194,295
catboost_classifier,0.28,0.6949152542372882,0.4873096446700508,0.588957055214724,0.5333333333333333,0.5381333499423874,860,303,201,288
catboost_classifier,0.29,0.700363196125908,0.49473684210526314,0.5766871165644172,0.5325779036827195,0.5357119793348402,875,288,207,282
catboost_classifier,0.3,0.7082324455205811,0.5064220183486239,0.5644171779141104,0.5338491295938105,0.5354195981313672,894,269,213,276
catboost_classifier,0.31,0.7191283292978208,0.5239005736137667,0.5603271983640081,0.541501976284585,0.5421138859888874,914,249,215,274
catboost_classifier,0.32,0.7239709443099274,0.5329341317365269,0.5460122699386503,0.5393939393939394,0.5394732008375887,929,234,222,267
catboost_classifier,0.33,0.7263922518159807,0.5379876796714579,0.5357873210633947,0.5368852459016393,0.5368875003674263,938,225,227,262
catboost_classifier,0.34,0.7269975786924939,0.5404255319148936,0.5194274028629857,0.529718456725756,0.5299264673889397,947,216,235,254
catboost_classifier,0.35,0.7282082324455206,0.5442477876106194,0.5030674846625767,0.5228480340063762,0.5236576361365981,957,206,243,246
catboost_classifier,0.36,0.7288135593220338,0.546485260770975,0.49284253578732107,0.5182795698924731,0.519663898279148,963,200,248,241
catboost_classifier,0.37,0.7294188861985472,0.5490654205607477,0.48057259713701433,0.5125408942202835,0.514819008848881,970,193,254,235
catboost_classifier,0.38,0.7300242130750605,0.5515587529976019,0.4703476482617587,0.5077262693156733,0.5109532006296803,976,187,259,230
catboost_classifier,0.39,0.7312348668280871,0.5555555555555556,0.4601226993865031,0.5033557046979866,0.5078391274710293,983,180,264,225
catboost_classifier,0.4,0.7336561743341404,0.5623409669211196,0.45194274028629855,0.5011337868480725,0.5071418536037091,991,172,268,221
catboost_classifier,0.41,0.7324455205811138,0.5613577023498695,0.4396728016359918,0.49311926605504586,0.5005152519929307,995,168,274,215
catboost_classifier,0.42,0.7318401937046005,0.5625,0.4233128834355828,0.4830805134189031,0.4929064417177914,1002,161,282,207
catboost_classifier,0.43,0.7306295399515739,0.5617977528089888,0.40899795501022496,0.47337278106508873,0.4853978539096069,1007,156,289,200
catboost_classifier,0.44,0.7324455205811138,0.5689149560117303,0.3967280163599182,0.4674698795180723,0.4828214861858242,1016,147,295,194
catboost_classifier,0.45,0.7348668280871671,0.5770392749244713,0.39059304703476483,0.4658536585365854,0.48381616097961805,1023,140,298,191
catboost_classifier,0.46,0.7324455205811138,0.573208722741433,0.37627811860940696,0.454320987654321,0.47474342067541997,1026,137,305,184
catboost_classifier,0.47,0.7336561743341404,0.5792880258899676,0.3660531697341513,0.44862155388471175,0.47267059781205945,1033,130,310,179
catboost_classifier,0.48,0.7348668280871671,0.5852842809364549,0.35787321063394684,0.44416243654822335,0.47157874578520087,1039,124,314,175
catboost_classifier,0.49,0.738498789346247,0.6,0.3496932515337423,0.4418604651162791,0.47484662576687114,1049,114,318,171
catboost_classifier,0.5,0.7397094430992736,0.6057347670250897,0.3456032719836401,0.4401041666666667,0.4756690195043649,1053,110,320,169
catboost_classifier,0.51,0.7397094430992736,0.6088560885608856,0.3374233128834356,0.4342105263157895,0.4731397007221606,1057,106,324,165
catboost_classifier,0.52,0.7403147699757869,0.6153846153846154,0.32719836400818,0.4272363150867824,0.47129148969639767,1063,100,329,160
catboost_classifier,0.53,0.7397094430992736,0.6175298804780877,0.3169734151329243,0.4189189189189189,0.467251647805506,1067,96,334,155
catboost_classifier,0.54,0.7378934624697336,0.6138211382113821,0.30879345603271985,0.4108843537414966,0.461307297122051,1068,95,338,151
catboost_classifier,0.55,0.738498789346247,0.6212765957446809,0.2985685071574642,0.40331491712707185,0.4599225514510725,1074,89,343,146
catboost_classifier,0.56,0.7378934624697336,0.6238938053097345,0.2883435582822086,0.3944055944055944,0.45611868179597154,1078,85,348,141
catboost_classifier,0.57,0.7372881355932204,0.6244343891402715,0.2822085889570552,0.38873239436619716,0.4533214890486633,1080,83,351,138
catboost_classifier,0.58,0.736682808716707,0.6261682242990654,0.2740286298568507,0.3812233285917496,0.45009842707795805,1083,80,355,134
catboost_classifier,0.59,0.7348668280871671,0.624390243902439,0.261758691206544,0.3688760806916426,0.44307446755449154,1086,77,361,128
catboost_classifier,0.6,0.7324455205811138,0.6180904522613065,0.25153374233128833,0.35755813953488375,0.43481209729629744,1087,76,366,123
catboost_classifier,0.61,0.7318401937046005,0.6210526315789474,0.24130879345603273,0.3475699558173785,0.4311807125174901,1091,72,371,118
catboost_classifier,0.62,0.7312348668280871,0.6216216216216216,0.23517382413087934,0.34124629080118696,0.42839772287625044,1093,70,374,115
catboost_classifier,0.63,0.7294188861985472,0.6153846153846154,0.22903885480572597,0.33383010432190763,0.4222117350951707,1093,70,377,112
catboost_classifier,0.64,0.7300242130750605,0.6214689265536724,0.2249488752556237,0.3303303303303303,0.423208900904648,1096,67,379,110
catboost_classifier,0.65,0.7306295399515739,0.627906976744186,0.22085889570552147,0.3267776096822995,0.4243829362248538,1099,64,381,108
catboost_classifier,0.66,0.7294188861985472,0.6265060240963856,0.21267893660531698,0.31755725190839695,0.4195924803508513,1101,62,385,104
catboost_classifier,0.67,0.7263922518159807,0.6178343949044586,0.1983640081799591,0.30030959752321984,0.40809920154220886,1103,60,392,97
catboost_classifier,0.68,0.7245762711864406,0.6118421052631579,0.1901840490797546,0.29017160686427457,0.40101307717145623,1104,59,396,93
catboost_classifier,0.69,0.725181598062954,0.6190476190476191,0.18609406952965235,0.2861635220125786,0.4025708442886357,1107,56,398,91
catboost_classifier,0.7,0.7263922518159807,0.6330935251798561,0.17995910020449898,0.2802547770700637,0.40652631269217754,1112,51,401,88
catboost_classifier,0.71,0.7276029055690073,0.6444444444444445,0.17791411042944785,0.27884615384615385,0.41117927743694616,1115,48,402,87
catboost_classifier,0.72,0.7257869249394673,0.640625,0.16768916155419222,0.26580226904376014,0.4041570807770961,1117,46,407,82
catboost_classifier,0.73,0.7233656174334141,0.6311475409836066,0.1574642126789366,0.2520458265139116,0.3943058768312716,1118,45,412,77
catboost_classifier,0.74,0.7221549636803875,0.6293103448275862,0.1492842535787321,0.2413223140495868,0.38929729920315914,1120,43,416,73
catboost_classifier,0.75,0.7203389830508474,0.6238532110091743,0.1390593047034765,0.22742474916387959,0.3814562578563254,1122,41,421,68
catboost_classifier,0.76,0.7197336561743342,0.63,0.12883435582822086,0.21392190152801357,0.37941717791411045,1126,37,426,63
catboost_classifier,0.77,0.7215496368038741,0.6559139784946236,0.12474437627811862,0.20962199312714777,0.39032917738637113,1131,32,428,61
catboost_classifier,0.78,0.7215496368038741,0.6666666666666666,0.11860940695296524,0.2013888888888889,0.3926380368098159,1134,29,431,58
catboost_classifier,0.79,0.7197336561743342,0.6585365853658537,0.11042944785276074,0.18914185639229422,0.3844830166093072,1135,28,435,54
catboost_classifier,0.8,0.7203389830508474,0.68,0.10429447852760736,0.18085106382978725,0.3921472392638037,1139,24,438,51
catboost_classifier,0.81,0.7203389830508474,0.7014925373134329,0.09611451942740286,0.16906474820143885,0.3988035283704179,1143,20,442,47
catboost_classifier,0.82,0.7215496368038741,0.7230769230769231,0.09611451942740286,0.16967509025270758,0.409595721252163,1145,18,442,47
catboost_classifier,0.83,0.7215496368038741,0.7377049180327869,0.09202453987730061,0.16363636363636364,0.4148647289550438,1147,16,444,45
catboost_classifier,0.84,0.7191283292978208,0.7192982456140351,0.08384458077709611,0.15018315018315018,0.4015714131955656,1147,16,448,41
catboost_classifier,0.85,0.7179176755447942,0.7254901960784313,0.07566462167689161,0.13703703703703704,0.40057740887766147,1149,14,452,37
catboost_classifier,0.86,0.7197336561743342,0.7954545454545454,0.07157464212678936,0.13133208255159476,0.43351459379066737,1154,9,454,35
catboost_classifier,0.87,0.7197336561743342,0.825,0.06748466257668712,0.12476370510396975,0.44624233128834356,1156,7,456,33
catboost_classifier,0.88,0.7197336561743342,0.8611111111111112,0.06339468302658487,0.1180952380952381,0.46225289706884803,1158,5,458,31
catboost_classifier,0.89,0.7179176755447942,0.8709677419354839,0.05521472392638037,0.10384615384615385,0.46309123293093213,1159,4,462,27
catboost_classifier,0.9,0.7167070217917676,0.8620689655172413,0.05112474437627812,0.09652509652509653,0.4565968549467597,1159,4,464,25
catboost_classifier,0.91,0.7130750605326877,0.8571428571428571,0.03680981595092025,0.07058823529411765,0.4469763365468887,1160,3,471,18
catboost_classifier,0.92,0.7124697336561744,0.85,0.034764826175869123,0.06679764243614932,0.4423824130879346,1160,3,472,17
catboost_classifier,0.93,0.7094430992736077,0.8461538461538461,0.022494887525562373,0.043824701195219126,0.43432436683970427,1161,2,478,11
catboost_classifier,0.94,0.7082324455205811,0.8888888888888888,0.016359918200409,0.0321285140562249,0.45262440354464895,1162,1,481,8
catboost_classifier,0.95,0.7064164648910412,0.8333333333333334,0.010224948875255624,0.020202020202020204,0.4217791411042945,1162,1,484,5
logistic_regression,0.05,0.29782082324455206,0.2962962962962963,0.9979550102249489,0.45692883895131087,0.6471256532606227,4,1159,1,488
logistic_regression,0.06,0.29782082324455206,0.2962962962962963,0.9979550102249489,0.45692883895131087,0.6471256532606227,4,1159,1,488
logistic_regression,0.07,0.29782082324455206,0.2962962962962963,0.9979550102249489,0.45692883895131087,0.6471256532606227,4,1159,1,488
logistic_regression,0.08,0.2984261501210654,0.29647630619684084,0.9979550102249489,0.45714285714285713,0.6472156582108949,5,1158,1,488
logistic_regression,0.09,0.2990314769975787,0.2966565349544073,0.9979550102249489,0.45735707591377694,0.6473057725896781,6,1157,1,488
logistic_regression,0.1,0.2990314769975787,0.2966565349544073,0.9979550102249489,0.45735707591377694,0.6473057725896781,6,1157,1,488
logistic_regression,0.11,0.30205811138014527,0.2975609756097561,0.9979550102249489,0.45843118835133867,0.6477579929173525,11,1152,1,488
logistic_regression,0.12,0.30387409200968524,0.2981062919975565,0.9979550102249489,0.4590780809031044,0.6480306511112527,14,1149,1,488
logistic_regression,0.13,0.3062953995157385,0.2988364972443356,0.9979550102249489,0.4599434495758718,0.6483957537346423,18,1145,1,488
logistic_regression,0.14,0.31174334140435833,0.29975278121137205,0.9918200408997955,0.4603701945894637,0.6457864110555838,30,1133,4,485
logistic_regression,0.15,0.31476997578692495,0.3001864512119329,0.9877300613496932,0.4604385128693994,0.643958256280813,37,1126,6,483
logistic_regression,0.16,0.3196125907990315,0.30094043887147337,0.9815950920245399,0.46065259117082535,0.6412677654480066,48,1115,9,480
logistic_regression,0.17,0.32324455205811137,0.302076777847703,0.9815950920245399,0.4619826756496631,0.6418359349361215,54,1109,9,480
logistic_regression,0.18,0.32506053268765134,0.30164765525982257,0.9734151329243353,0.46057087566521526,0.6375313940920789,61,1102,13,476
logistic_regression,0.19,0.3311138014527845,0.3033205619412516,0.9713701431492843,0.46228710462287104,0.6373453525452679,72,1091,14,475
logistic_regression,0.2,0.3383777239709443,0.3049095607235142,0.9652351738241309,0.4634266077565047,0.6350723672738225,87,1076,17,472
logistic_regression,0.21,0.3523002421307506,0.3087557603686636,0.9591002044989775,0.46713147410358563,0.6339279824338205,113,1050,20,469
logistic_regression,0.22,0.36561743341404357,0.3132932531730127,0.9591002044989775,0.47230614300100704,0.6361967288359951,135,1028,20,469
logistic_regression,0.23,0.37409200968523004,0.31575388776200136,0.9550102249488752,0.47459349593495936,0.6353820563554383,151,1012,22,467
logistic_regression,0.24,0.38861985472154964,0.3202208419599724,0.9488752556237219,0.478844169246646,0.6345480487918471,178,985,25,464
logistic_regression,0.25,0.40375302663438256,0.3248587570621469,0.9406952965235174,0.48293963254593175,0.6327770267928321,207,956,29,460
logistic_regression,0.26,0.4158595641646489,0.3282828282828283,0.9304703476482618,0.48533333333333334,0.6293765879655451,232,931,34,455
logistic_regression,0.27,0.42675544794188863,0.3306213017751479,0.9141104294478528,0.485605649103748,0.6223658656115003,258,905,42,447
logistic_regression,0.28,0.44128329297820823,0.3358547655068079,0.9079754601226994,0.49033683048039756,0.6219151128147536,285,878,45,444
logistic_regression,0.29,0.45278450363196127,0.33927188226181254,0.8957055214723927,0.49213483146067416,0.6174887018671026,310,853,51,438
logistic_regression,0.3,0.4642857142857143,0.34285714285714286,0.8834355828220859,0.4939965694682676,0.6131463628396143,335,828,57,432
logistic_regression,0.31,0.47760290556900725,0.34796747967479674,0.8752556237218814,0.49796393251890636,0.611611551698339,361,802,61,428
logistic_regression,0.32,0.48789346246973364,0.3516209476309227,0.8650306748466258,0.5,0.6083258112387743,383,780,66,423
logistic_regression,0.33,0.49878934624697335,0.35598980458793544,0.8568507157464212,0.503001200480192,0.6064202601671783,405,758,70,419
logistic_regression,0.34,0.5175544794188862,0.3644366197183099,0.8466257668711656,0.5095384615384615,0.6055311932947378,441,722,75,414
logistic_regression,0.35,0.5314769975786925,0.3712737127371274,0.8404907975460123,0.5150375939849624,0.6058822551415699,467,696,78,411
logistic_regression,0.36,0.5429782082324455,0.37662337662337664,0.8302658486707567,0.5181876196553925,0.6034446126470667,491,672,83,406
logistic_regression,0.37,0.5569007263922519,0.3841754051477598,0.8241308793456033,0.5240572171651495,0.6041531422466815,517,646,86,403
logistic_regression,0.38,0.5641646489104116,0.3864306784660767,0.803680981595092,0.5219123505976095,0.5950558300305844,539,624,96,393
logistic_regression,0.39,0.5690072639225182,0.3881644934804413,0.7914110429447853,0.5208613728129206,0.5897877682126133,553,610,102,387
logistic_regression,0.4,0.5750605326876513,0.39076923076923076,0.7791411042944786,0.5204918032786885,0.5849551675318547,569,594,108,381
logistic_regression,0.41,0.5871670702179177,0.39744952178533477,0.7648261758691206,0.5230769230769231,0.5811378488272276,596,567,115,374
logistic_regression,0.42,0.5950363196125908,0.40153172866520787,0.7505112474437627,0.5231646471846044,0.5760214880544853,616,547,122,367
logistic_regression,0.43,0.6047215496368039,0.40765765765765766,0.7402862985685071,0.5257806826434277,0.5739719781130824,637,526,127,362
logistic_regression,0.44,0.6113801452784504,0.41135573580533025,0.7259713701431493,0.5251479289940828,0.5686635529742398,655,508,134,355
logistic_regression,0.45,0.6168280871670703,0.4148936170212766,0.7177914110429447,0.5258426966292135,0.5663425140321107,668,495,138,351
logistic_regression,0.46,0.6253026634382567,0.42073170731707316,0.7055214723926381,0.5271199388846448,0.5631265898548556,688,475,144,345
logistic_regression,0.47,0.6307506053268765,0.42312579415501905,0.6809815950920245,0.5219435736677116,0.5520536946235217,709,454,156,333
logistic_regression,0.48,0.639225181598063,0.42932628797886396,0.6646216768916156,0.521669341894061,0.5469739824352398,731,432,164,325
logistic_regression,0.49,0.6458837772397095,0.43460490463215257,0.6523517382413088,0.5216680294358136,0.5434783214367307,748,415,170,319
logistic_regression,0.5,0.6531476997578692,0.4410112359550562,0.6421267893660532,0.5228975853455454,0.5415690126605547,765,398,175,314
logistic_regression,0.51,0.6585956416464891,0.44619799139167865,0.6359918200408998,0.524451939291737,0.5410949057162893,777,386,178,311
logistic_regression,0.52,0.662227602905569,0.4484304932735426,0.6134969325153374,0.5181347150259067,0.53096371289444,794,369,189,300
logistic_regression,0.53,0.6664648910411622,0.4523076923076923,0.6012269938650306,0.5162423178226514,0.5267673430863615,807,356,195,294
logistic_regression,0.54,0.6749394673123487,0.46153846153846156,0.588957055214724,0.5175202156334232,0.5252477583765928,827,336,201,288
logistic_regression,0.55,0.6803874092009685,0.4674457429048414,0.5725971370143149,0.5147058823529411,0.5200214399595782,844,319,209,280
logistic_regression,0.56,0.6852300242130751,0.47294938917975565,0.5541922290388548,0.5103578154425612,0.5135708091093052,861,302,218,271
logistic_regression,0.57,0.6937046004842615,0.484629294755877,0.5480572597137015,0.5143953934740882,0.5163432772347892,878,285,221,268
logistic_regression,0.58,0.6979418886198547,0.49070631970260226,0.5398773006134969,0.5141187925998053,0.5152918101580496,889,274,225,264
logistic_regression,0.59,0.6991525423728814,0.49233716475095785,0.5255623721881391,0.5084075173095944,0.5089497684695484,898,265,232,257
logistic_regression,0.6,0.7058111380145279,0.5029821073558648,0.5173824130879345,0.5100806451612904,0.5101822602218997,913,250,236,253
logistic_regression,0.61,0.715496368038741,0.5197505197505198,0.5112474437627812,0.5154639175257731,0.5154989817566504,932,231,239,250
logistic_regression,0.62,0.7185230024213075,0.5258620689655172,0.49897750511247446,0.5120671563483735,0.5124197870389958,943,220,245,244
logistic_regression,0.63,0.7233656174334141,0.5355555555555556,0.49284253578732107,0.5133120340788072,0.5141990456714383,954,209,248,241
logistic_regression,0.64,0.7263922518159807,0.5419501133786848,0.4887525562372188,0.513978494623656,0.5153513348079518,961,202,250,239
logistic_regression,0.65,0.7282082324455206,0.5467289719626168,0.4785276073619632,0.5103598691384951,0.51262828966229,969,194,255,234
logistic_regression,0.66,0.7318401937046005,0.5552884615384616,0.4723926380368098,0.5104972375690607,0.5138405497876357,978,185,258,231
logistic_regression,0.67,0.7318401937046005,0.556930693069307,0.4601226993865031,0.503919372900336,0.508526696227905,984,179,264,225
logistic_regression,0.68,0.7348668280871671,0.5658914728682171,0.44785276073619634,0.5,0.5068721168022067,995,168,270,219
logistic_regression,0.69,0.7360774818401937,0.5702917771883289,0.4396728016359918,0.49653579676674364,0.5049822894121604,1001,162,274,215
logistic_regression,0.7,0.7348668280871671,0.5694822888283378,0.4274028629856851,0.4883177570093458,0.49844257590701146,1005,158,280,209
logistic_regression,0.71,0.7378934624697336,0.58,0.41513292433537835,0.48390941597139453,0.4975664621676892,1016,147,286,203
logistic_regression,0.72,0.7360774818401937,0.5791044776119403,0.3967280163599182,0.470873786407767,0.4879162469859293,1022,141,295,194
logistic_regression,0.73,0.7403147699757869,0.59375,0.3885480572597137,0.46971569839307786,0.4911490286298569,1033,130,299,190
logistic_regression,0.74,0.7397094430992736,0.5960912052117264,0.37423312883435583,0.45979899497487436,0.48516216702304116,1039,124,306,183
logistic_regression,0.75,0.7391041162227603,0.5966666666666667,0.3660531697341513,0.45373891001267425,0.481359918200409,1042,121,310,179
logistic_regression,0.76,0.7415254237288136,0.6083916083916084,0.3558282208588957,0.44903225806451613,0.4821099146252521,1051,112,315,174
logistic_regression,0.77,0.7391041162227603,0.605072463768116,0.34151329243353784,0.4366013071895425,0.4732928781008269,1054,109,322,167
logistic_regression,0.78,0.7415254237288136,0.6183206106870229,0.3312883435582822,0.43142476697736354,0.47480447712265256,1063,100,327,162
logistic_regression,0.79,0.7397094430992736,0.6213991769547325,0.30879345603271985,0.412568306010929,0.4650963164937262,1071,92,338,151
logistic_regression,0.8,0.7354721549636803,0.6120689655172413,0.2903885480572597,0.39389736477115117,0.4512287567872505,1073,90,347,142
logistic_regression,0.81,0.7342615012106537,0.6126126126126126,0.278118609406953,0.38255977496483823,0.4453656110097828,1077,86,353,136
logistic_regression,0.82,0.7372881355932204,0.631578947368421,0.26993865030674846,0.37822349570200575,0.45075879883758474,1086,77,357,132
logistic_regression,0.83,0.7342615012106537,0.6344086021505376,0.24130879345603273,0.3496296296296296,0.4378586978032852,1095,68,371,118
logistic_regression,0.84,0.7336561743341404,0.6416184971098265,0.22699386503067484,0.33534743202416917,0.4343061810702507,1101,62,378,111
logistic_regression,0.85,0.7312348668280871,0.6380368098159509,0.21267893660531698,0.31901840490797545,0.42535787321063395,1104,59,385,104
logistic_regression,0.86,0.7276029055690073,0.6274509803921569,0.19631901840490798,0.29906542056074764,0.4118849993985324,1106,57,393,96
logistic_regression,0.87,0.7269975786924939,0.6338028169014085,0.18404907975460122,0.28526148969889065,0.4089259483280049,1111,52,399,90
logistic_regression,0.88,0.7276029055690073,0.6511627906976745,0.17177914110429449,0.27184466019417475,0.4114709659009845,1118,45,405,84
logistic_regression,0.89,0.7257869249394673,0.6607142857142857,0.15132924335378323,0.24625623960066556,0.4060217645340345,1125,38,415,74
logistic_regression,0.9,0.7233656174334141,0.6632653061224489,0.1329243353783231,0.22146507666098808,0.39809482075038605,1130,33,424,65
logistic_regression,0.91,0.7227602905569007,0.6741573033707865,0.12269938650306748,0.20761245674740483,0.39842834493692697,1134,29,429,60
logistic_regression,0.92,0.7197336561743342,0.6625,0.1083844580777096,0.18629173989455183,0.3854422290388548,1136,27,436,53
logistic_regression,0.93,0.7148910411622276,0.640625,0.08384458077709611,0.14828209764918626,0.36223479038854806,1140,23,448,41
logistic_regression,0.94,0.7100484261501211,0.6041666666666666,0.05930470347648262,0.10800744878957169,0.33173568507157464,1144,19,460,29
logistic_regression,0.95,0.711864406779661,0.6756756756756757,0.05112474437627812,0.09505703422053231,0.3634002100259769,1151,12,464,25
random_forest,0.05,0.2960048426150121,0.2960048426150121,1.0,0.456795889771135,0.6480024213075061,0,1163,0,489
random_forest,0.06,0.2960048426150121,0.2960048426150121,1.0,0.456795889771135,0.6480024213075061,0,1163,0,489
random_forest,0.07,0.29721549636803873,0.2963636363636364,1.0,0.45722300140252453,0.6481818181818182,2,1161,0,489
random_forest,0.08,0.2984261501210654,0.2967233009708738,1.0,0.4576509124941507,0.6483616504854369,4,1159,0,489
random_forest,0.09,0.30387409200968524,0.2978593272171254,0.9959100204498977,0.4585687382297552,0.6468846738335116,15,1148,2,487
random_forest,0.1,0.30811138014527845,0.29914004914004916,0.9959100204498977,0.4600850259801606,0.6475250347949735,22,1141,2,487
random_forest,0.11,0.3159806295399516,0.3015479876160991,0.9959100204498977,0.4629277566539924,0.6487290040329984,35,1128,2,487
random_forest,0.12,0.3177966101694915,0.3018633540372671,0.9938650306748467,0.4630776560266794,0.6478641923560569,39,1124,3,486
random_forest,0.13,0.3238498789346247,0.3032581453634085,0.9897750511247444,0.4642685851318945,0.6465165982440765,51,1112,5,484
random_forest,0.14,0.3341404358353511,0.30578512396694213,0.983640081799591,0.466537342386033,0.6447126028832666,71,1092,8,481
random_forest,0.15,0.3486682808716707,0.30953926022063594,0.9754601226993865,0.46995073891625616,0.6424996914600112,99,1064,12,477
random_forest,0.16,0.36077481840193704,0.3121272365805169,0.9631901840490797,0.47147147147147145,0.6376587103147984,125,1038,18,471
random_forest,0.17,0.36803874092009686,0.3141326188881447,0.9591002044989775,0.47325933400605447,0.6366164116935611,139,1024,20,469
random_forest,0.18,0.3831719128329298,0.3179945054945055,0.9468302658486708,0.47609254498714654,0.6324123856715882,170,993,26,463
random_forest,0.19,0.39285714285714285,0.31926863572433195,0.9284253578732107,0.47514390371533227,0.6238469967987713,195,968,35,454
random_forest,0.2,0.40314769975786924,0.3221188260558339,0.9202453987730062,0.47720042417815484,0.62118211241442,216,947,39,450
random_forest,0.21,0.41646489104116224,0.3252391464311994,0.9038854805725971,0.47835497835497837,0.6145623135018983,246,917,47,442
random_forest,0.22,0.4322033898305085,0.3305660377358491,0.8957055214723927,0.4829106945975744,0.6131357796041209,276,887,51,438
random_forest,0.23,0.44854721549636806,0.3361801242236025,0.885480572597137,0.48733821046707937,0.6108303484103698,308,855,56,433
random_forest,0.24,0.4654963680387409,0.3418940609951846,0.8711656441717791,0.4910662824207493,0.6065298525834819,343,820,63,426
random_forest,0.25,0.4782082324455206,0.3462489694971146,0.8588957055214724,0.4935370152761457,0.6025723375092935,370,793,69,420
random_forest,0.26,0.49515738498789347,0.35344095157179267,0.8507157464212679,0.49939975990396157,0.6020783489965302,402,761,73,416
random_forest,0.27,0.5066585956416465,0.35651408450704225,0.8282208588957055,0.49846153846153846,0.5923674717013738,432,731,84,405
random_forest,0.28,0.5272397094430993,0.3663003663003663,0.8179959100204499,0.5060088551549652,0.5921481381604081,471,692,89,400
random_forest,0.29,0.5453995157384988,0.3754752851711027,0.8077709611451943,0.5126541207008436,0.5916231231581485,506,657,94,395
random_forest,0.3,0.5702179176755447,0.38894472361809046,0.7914110429447853,0.5215633423180593,0.5901778832814378,555,608,102,387
random_forest,0.31,0.5944309927360775,0.4030010718113612,0.7689161554192229,0.5288326300984529,0.585958613615292,606,557,113,376
random_forest,0.32,0.6131961259079903,0.41496598639455784,0.7484662576687117,0.5339168490153173,0.5817161220316347,647,516,123,366
random_forest,0.33,0.6325665859564165,0.42804878048780487,0.7177914110429447,0.5362872421695951,0.5729200957653748,694,469,138,351
random_forest,0.34,0.6483050847457628,0.4401041666666667,0.6912065439672802,0.5377883850437549,0.5656553553169734,733,430,151,338
random_forest,0.35,0.6634382566585957,0.45314685314685316,0.6625766871165644,0.5382059800664452,0.5578617701317088,772,391,165,324
random_forest,0.36,0.6700968523002422,0.4583333333333333,0.6298568507157464,0.5305770887166236,0.5440950920245399,799,364,181,308
random_forest,0.37,0.6791767554479419,0.46709470304975925,0.5950920245398773,0.5233812949640287,0.5310933637948183,831,332,198,291
random_forest,0.38,0.6949152542372882,0.48709122203098104,0.5787321063394683,0.5289719626168224,0.5329116641852246,865,298,206,283
random_forest,0.39,0.7039951573849879,0.5,0.5460122699386503,0.5219941348973607,0.5230061349693251,896,267,222,267
random_forest,0.4,0.7100484261501211,0.5098814229249012,0.5276073619631901,0.5185929648241207,0.5187443924440457,915,248,231,258
random_forest,0.41,0.7197336561743342,0.5278969957081545,0.5030674846625767,0.5151832460732985,0.5154822401853656,943,220,243,246
random_forest,0.42,0.7239709443099274,0.5374149659863946,0.48466257668711654,0.5096774193548387,0.5110387713367556,959,204,252,237
random_forest,0.43,0.7306295399515739,0.5531400966183575,0.46830265848670755,0.5071982281284607,0.5107213775525326,978,185,260,229
random_forest,0.44,0.7318401937046005,0.5602094240837696,0.4376278118609407,0.49138920780711826,0.49891861797235515,995,168,275,214
random_forest,0.45,0.7421307506053268,0.5897435897435898,0.4233128834355828,0.4928571428571429,0.5065282365895862,1019,144,282,207
random_forest,0.46,0.7421307506053268,0.5940298507462687,0.4069529652351738,0.4830097087378641,0.5004914079907212,1027,136,290,199
random_forest,0.47,0.7439467312348669,0.6037735849056604,0.39263803680981596,0.4758364312267658,0.4982058108577382,1037,126,297,192
random_forest,0.48,0.7415254237288136,0.6026490066225165,0.3721881390593047,0.46017699115044247,0.4874185728409106,1043,120,307,182
random_forest,0.49,0.7403147699757869,0.6041666666666666,0.3558282208588957,0.44787644787644787,0.4799974437627812,1049,114,315,174
random_forest,0.5,0.7409200968523002,0.6101083032490975,0.3456032719836401,0.4412532637075718,0.4778557876163688,1055,108,320,169
random_forest,0.51,0.7403147699757869,0.6136363636363636,0.3312883435582822,0.4302788844621514,0.4724623535973229,1061,102,327,162
random_forest,0.52,0.7403147699757869,0.6219512195121951,0.3128834355828221,0.4163265306122449,0.46741732754750864,1070,93,336,153
random_forest,0.53,0.7354721549636803,0.6140350877192983,0.28629856850715746,0.3905160390516039,0.45016682811322783,1075,88,349,140
random_forest,0.54,0.736682808716707,0.6261682242990654,0.2740286298568507,0.3812233285917496,0.45009842707795805,1083,80,355,134
random_forest,0.55,0.7360774818401937,0.6305418719211823,0.261758691206544,0.3699421965317919,0.44615028156386316,1088,75,361,128
random_forest,0.56,0.7324455205811138,0.6243386243386243,0.24130879345603273,0.3480825958702065,0.4328237088973285,1092,71,371,118
random_forest,0.57,0.7330508474576272,0.6379310344827587,0.22699386503067484,0.334841628959276,0.43246244975671677,1100,63,378,111
random_forest,0.58,0.7312348668280871,0.6363636363636364,0.2147239263803681,0.3211009174311927,0.4255437813720022,1103,60,384,105
random_forest,0.59,0.7294188861985472,0.6363636363636364,0.20040899795501022,0.3048211508553655,0.4183863171593233,1107,56,391,98
random_forest,0.6,0.7282082324455206,0.6388888888888888,0.18813905930470348,0.29067930489731436,0.41351397409679613,1111,52,397,92
random_forest,0.61,0.7312348668280871,0.6666666666666666,0.18404907975460122,0.28846153846153844,0.4253578732106339,1118,45,399,90
random_forest,0.62,0.7318401937046005,0.6796875,0.17791411042944785,0.2820097244732577,0.4288008052147239,1122,41,402,87
random_forest,0.63,0.7318401937046005,0.6885245901639344,0.17177914110429449,0.27495908346972175,0.43015186563411445,1125,38,405,84
random_forest,0.64,0.7306295399515739,0.6929824561403509,0.16155419222903886,0.2620232172470978,0.4272683241846949,1128,35,410,79
random_forest,0.65,0.7318401937046005,0.7129629629629629,0.1574642126789366,0.25795644891122277,0.43521358782094977,1132,31,412,77
random_forest,0.66,0.7276029055690073,0.693069306930693,0.14314928425357873,0.23728813559322035,0.4181092955921359,1132,31,419,70
random_forest,0.67,0.725181598062954,0.6881720430107527,0.130879345603272,0.21993127147766323,0.40952569430701236,1134,29,425,64
random_forest,0.68,0.7227602905569007,0.6867469879518072,0.1165644171779141,0.1993006993006993,0.40165570256486066,1137,26,432,57
random_forest,0.69,0.7221549636803875,0.7027027027027027,0.10633946830265849,0.1847246891651865,0.4045210855026806,1141,22,437,52
random_forest,0.7,0.7203389830508474,0.7014925373134329,0.09611451942740286,0.16906474820143885,0.3988035283704179,1143,20,442,47
random_forest,0.71,0.7203389830508474,0.7076923076923077,0.09406952965235174,0.16606498194945848,0.4008809186723297,1144,19,443,46
random_forest,0.72,0.7209443099273608,0.75,0.08588957055214724,0.15412844036697249,0.4179447852760736,1149,14,447,42
random_forest,0.73,0.7215496368038741,0.7735849056603774,0.08384458077709611,0.15129151291512916,0.42871474321873676,1151,12,448,41
random_forest,0.74,0.7209443099273608,0.7692307692307693,0.081799591002045,0.1478743068391867,0.42551518011640715,1151,12,449,40
random_forest,0.75,0.7173123486682809,0.7619047619047619,0.065439672801636,0.12052730696798493,0.4136722173531989,1153,10,457,32
random_forest,0.76,0.7167070217917676,0.8,0.05725971370143149,0.10687022900763359,0.42862985685071575,1156,7,461,28
random_forest,0.77,0.7130750605326877,0.7586206896551724,0.044989775051124746,0.08494208494208494,0.4018052323531486,1156,7,467,22
random_forest,0.78,0.7124697336561744,0.8181818181818182,0.03680981595092025,0.07045009784735812,0.42749581706636924,1159,4,471,18
random_forest,0.79,0.7106537530266344,0.7894736842105263,0.03067484662576687,0.05905511811023622,0.4100742654181466,1159,4,474,15
random_forest,0.8,0.7106537530266344,0.8666666666666667,0.026584867075664622,0.051587301587301584,0.4466257668711657,1161,2,476,13
random_forest,0.81,0.7094430992736077,0.8461538461538461,0.022494887525562373,0.043824701195219126,0.43432436683970427,1161,2,478,11
random_forest,0.82,0.7076271186440678,0.8,0.016359918200409,0.03206412825651302,0.40817995910020455,1161,2,481,8
random_forest,0.83,0.7070217917675545,0.8571428571428571,0.012269938650306749,0.024193548387096774,0.43470639789658194,1162,1,483,6
random_forest,0.84,0.7052058111380145,0.75,0.006134969325153374,0.012170385395537525,0.37806748466257667,1162,1,486,3
random_forest,0.85,0.7052058111380145,1.0,0.00408997955010225,0.008146639511201629,0.5020449897750511,1163,0,487,2
random_forest,0.86,0.7046004842615012,1.0,0.002044989775051125,0.004081632653061225,0.5010224948875256,1163,0,488,1
random_forest,0.87,0.7039951573849879,0.0,0.0,0.0,0.0,1163,0,489,0
random_forest,0.88,0.7039951573849879,0.0,0.0,0.0,0.0,1163,0,489,0
random_forest,0.89,0.7039951573849879,0.0,0.0,0.0,0.0,1163,0,489,0
random_forest,0.9,0.7039951573849879,0.0,0.0,0.0,0.0,1163,0,489,0
random_forest,0.91,0.7039951573849879,0.0,0.0,0.0,0.0,1163,0,489,0
random_forest,0.92,0.7039951573849879,0.0,0.0,0.0,0.0,1163,0,489,0
random_forest,0.93,0.7039951573849879,0.0,0.0,0.0,0.0,1163,0,489,0
random_forest,0.94,0.7039951573849879,0.0,0.0,0.0,0.0,1163,0,489,0
random_forest,0.95,0.7039951573849879,0.0,0.0,0.0,0.0,1163,0,489,0
