model,feature,importance
poisson_regression,num__station_to_weather_grid_km,0.076282162778723
poisson_regression,num__site_id,0.07547137898838303
poisson_regression,num__crash_count_500m_roll6_sum,0.0747461227330404
poisson_regression,num__site_avg_crash_count_history,0.05971132538475119
poisson_regression,num__crash_count_500m,0.05374663352428371
poisson_regression,num__crash_count_500m_roll6_mean,0.05316631184558898
poisson_regression,num__crash_happened_500m,0.050008557155726406
poisson_regression,num__avg_cloud_cover,0.040364314378294866
poisson_regression,num__crash_happened_500m_lag2,0.038601833743820015
poisson_regression,num__crash_count_500m_roll3_std,0.03681155420521281
poisson_regression,num__avg_wind_speed_10m_roll3_std,0.035352283744215486
poisson_regression,num__most_common_weather_code,0.03365533498223189
poisson_regression,num__zero_count_intervals_out,0.03345093822245934
poisson_regression,num__crash_happened_500m_lag1,0.03325680019708975
poisson_regression,num__mean_interval_count_in,0.032730353577174645
poisson_regression,num__crash_count_500m_roll3_mean,0.029754361810221265
poisson_regression,num__total_count_in,0.027853021150871585
poisson_regression,num__total_precipitation_roll6_mean,0.0270395589199694
poisson_regression,num__avg_wind_speed_10m_roll6_mean,0.026835320628687157
poisson_regression,num__crash_count_500m_roll3_sum,0.026812931392762945
poisson_regression,num__crashes_per_1000_cyclists_lag1,0.025020190404086158
poisson_regression,num__zero_count_intervals_out_roll6_mean,0.02260901805005927
poisson_regression,num__in_out_ratio_lag1,0.02254454886011586
poisson_regression,num__zero_count_intervals_out_lag2,0.022225421564695924
poisson_regression,num__total_count_sum,0.022222969714292412
poisson_regression,num__avg_relative_humidity_2m,0.022161064740620347
poisson_regression,num__zero_count_intervals_out_lag1,0.021913052455077093
poisson_regression,num__avg_cloud_cover_lag1,0.021113789238593163
poisson_regression,num__zero_count_intervals_out_roll3_mean,0.02100737022793792
poisson_regression,num__in_out_ratio,0.02037776791558287
poisson_regression,num__total_count_out_change_lag1,0.019785530214309996
poisson_regression,num__zero_count_intervals_in,0.01940107183010632
poisson_regression,num__total_snowfall,0.019011274878564927
poisson_regression,num__zero_count_intervals_out_roll3_std,0.01808182951805886
poisson_regression,num__min_temperature_2m,0.01800602876081029
poisson_regression,num__total_count_in_lag2,0.015977344800042124
poisson_regression,num__month_sin,0.015862135066088752
poisson_regression,num__avg_cloud_cover_lag2,0.014540071827746762
poisson_regression,num__total_precipitation_roll3_mean,0.014452292907799504
poisson_regression,num__mean_interval_count_out,0.01396802134141088
poisson_regression,num__mean_interval_count_out_roll3_mean,0.013510933484089802
poisson_regression,num__year,0.012611711263274577
poisson_regression,num__mean_interval_count_out_lag1,0.012490422147311128
poisson_regression,num__mean_interval_count_out_roll3_std,0.012318991706120925
poisson_regression,num__mean_interval_count_in_lag2,0.012117945361275535
poisson_regression,num__total_precipitation_lag2,0.011977478108
poisson_regression,num__avg_temperature_2m_lag2,0.01146751839567257
poisson_regression,num__zero_count_intervals_in_roll3_std,0.010757058194296067
poisson_regression,num__site_avg_total_count_in_history,0.010607553006454424
poisson_regression,num__total_count_out_roll3_mean,0.010495063174248656
poisson_regression,num__avg_temperature_2m,0.01041140470984427
poisson_regression,num__avg_cloud_cover_roll3_mean,0.010343842498942388
poisson_regression,num__total_count_out_lag1,0.010251340260852927
poisson_regression,num__total_precipitation_roll3_std,0.009855215493091188
poisson_regression,num__total_count_in_roll6_mean,0.009772611806121857
poisson_regression,num__avg_wind_speed_10m_lag1,0.009747107324337818
poisson_regression,num__crash_count_500m_lag1,0.009619415123285522
poisson_regression,num__avg_temperature_2m_roll6_mean,0.009494958097557337
poisson_regression,num__max_interval_count_in,0.00885490192028392
poisson_regression,num__total_count_out,0.008293032452802912
poisson_regression,num__total_precipitation_lag1,0.008272772434637428
poisson_regression,num__avg_temperature_2m_roll3_std,0.008160778135232633
poisson_regression,num__avg_temperature_2m_roll3_mean,0.0073995537766924115
poisson_regression,num__total_precipitation_change_lag1,0.007289987244065172
poisson_regression,num__total_count_in_roll3_std,0.007001382095088692
poisson_regression,num__mean_interval_count_out_roll6_mean,0.006989268792600366
poisson_regression,num__month_cos,0.0069266364513178285
poisson_regression,num__total_count_in_roll3_mean,0.006563240418008739
poisson_regression,num__avg_cloud_cover_roll6_mean,0.006305194283322835
poisson_regression,num__total_count_out_roll3_std,0.006168925485497673
poisson_regression,num__avg_wind_speed_10m_lag2,0.005702442932567923
poisson_regression,num__avg_temperature_2m_change_lag1,0.005688253588461053
poisson_regression,num__zero_count_intervals_in_lag2,0.004696212542287957
poisson_regression,num__total_count_in_lag1,0.004533075609728648
poisson_regression,num__mean_interval_count_in_roll3_std,0.003632387799465547
poisson_regression,num__mean_interval_count_out_lag2,0.003051460447853434
poisson_regression,num__total_count_in_change_lag1,0.002890507512522697
poisson_regression,num__max_interval_count_out,0.0025452790190687367
poisson_regression,num__weather_hours_available,0.0025338315172050234
poisson_regression,num__zero_count_intervals_in_lag1,0.002527074942334307
poisson_regression,num__crash_count_500m_lag2,0.002311838047701025
poisson_regression,num__avg_wind_speed_10m_roll3_mean,0.0021536681538369623
poisson_regression,num__max_temperature_2m,0.0021390196743279835
poisson_regression,num__total_count_out_lag2,0.0019330012335693346
poisson_regression,num__mean_interval_count_in_lag1,0.0018988821225658212
poisson_regression,num__avg_wind_speed_10m,0.0018357686906898772
poisson_regression,num__total_precipitation,0.0017729456873906368
poisson_regression,num__total_count_sum_lag1,0.0016602968099316835
poisson_regression,num__zero_count_intervals_in_roll3_mean,0.0013388098986246591
poisson_regression,num__interval_count_in,0.001332787608841521
poisson_regression,num__mean_interval_count_in_roll3_mean,0.0013314541660771795
poisson_regression,num__interval_count_out,0.0012659252584876076
poisson_regression,num__zero_count_intervals_in_roll6_mean,0.001231038759449933
poisson_regression,num__mean_interval_count_in_roll6_mean,0.001046431449442921
poisson_regression,num__avg_temperature_2m_lag1,0.0008777938871593344
poisson_regression,num__avg_cloud_cover_roll3_std,0.0006737424585997008
poisson_regression,num__month,0.0006663582554821959
poisson_regression,num__total_count_out_roll6_mean,0.000493353703741666
poisson_regression,num__site_avg_total_count_out_history,0.00026717391907776105
poisson_regression,num__total_rain,0.00016537199131418272
poisson_regression,num__min_interval_count_out,0.0
poisson_regression,num__min_interval_count_in,0.0
random_forest_regressor,num__site_avg_crash_count_history,0.15539521932176323
random_forest_regressor,num__crash_count_500m_roll6_mean,0.06504377504942242
random_forest_regressor,num__crash_count_500m_roll6_sum,0.04946908272404036
random_forest_regressor,num__station_to_weather_grid_km,0.03990563852960073
random_forest_regressor,num__site_id,0.025499907458682497
random_forest_regressor,num__total_count_sum,0.01897165493903232
random_forest_regressor,num__mean_interval_count_in,0.0173958915603469
random_forest_regressor,num__total_count_out,0.01724881948762588
random_forest_regressor,num__zero_count_intervals_out,0.017077516035158096
random_forest_regressor,num__zero_count_intervals_in,0.015592181884578435
random_forest_regressor,num__avg_wind_speed_10m,0.014173163498718685
random_forest_regressor,num__total_count_in,0.013334833645001914
random_forest_regressor,num__avg_wind_speed_10m_roll6_mean,0.013128605602892491
random_forest_regressor,num__total_precipitation_roll6_mean,0.01311049929660168
random_forest_regressor,num__total_count_sum_lag1,0.01249949449219946
random_forest_regressor,num__max_temperature_2m,0.012326829516015953
random_forest_regressor,num__total_precipitation_roll3_std,0.012197214281701025
random_forest_regressor,num__total_count_out_lag2,0.011661579811821067
random_forest_regressor,num__total_precipitation_roll3_mean,0.011506718246769134
random_forest_regressor,num__crash_count_500m,0.011505772043662786
random_forest_regressor,num__in_out_ratio,0.011227160148988035
random_forest_regressor,num__avg_relative_humidity_2m,0.01099442078134886
random_forest_regressor,num__zero_count_intervals_in_roll3_std,0.010452171224103515
random_forest_regressor,num__mean_interval_count_out,0.009983378837697105
random_forest_regressor,num__zero_count_intervals_out_roll6_mean,0.009946017734020412
random_forest_regressor,num__avg_temperature_2m_roll6_mean,0.009706423984213675
random_forest_regressor,num__avg_cloud_cover_roll6_mean,0.009593048782016762
random_forest_regressor,num__total_count_out_roll6_mean,0.00940987973903809
random_forest_regressor,num__avg_cloud_cover,0.009405858856931392
random_forest_regressor,num__avg_wind_speed_10m_roll3_std,0.009039094535221153
random_forest_regressor,num__site_avg_total_count_in_history,0.009007156883226139
random_forest_regressor,num__site_avg_total_count_out_history,0.008829283664580554
random_forest_regressor,num__zero_count_intervals_out_roll3_std,0.008828213320754128
random_forest_regressor,num__mean_interval_count_out_lag2,0.00863475350398989
random_forest_regressor,num__min_temperature_2m,0.008585129362156349
random_forest_regressor,num__max_interval_count_in,0.008354892207676162
random_forest_regressor,num__avg_temperature_2m_roll3_mean,0.008118176724614378
random_forest_regressor,num__avg_cloud_cover_lag2,0.008059301932818005
random_forest_regressor,num__avg_cloud_cover_roll3_std,0.008013020157747927
random_forest_regressor,num__avg_temperature_2m_roll3_std,0.008007779975717775
random_forest_regressor,num__total_count_in_roll6_mean,0.007834835769890098
random_forest_regressor,num__avg_wind_speed_10m_roll3_mean,0.007598902183643489
random_forest_regressor,num__max_interval_count_out,0.007503920968408609
random_forest_regressor,num__total_precipitation_lag1,0.007491347772120217
random_forest_regressor,num__mean_interval_count_out_roll6_mean,0.007399613475713848
random_forest_regressor,num__avg_wind_speed_10m_lag2,0.007361488190132367
random_forest_regressor,num__avg_wind_speed_10m_lag1,0.007311335789068097
random_forest_regressor,num__avg_temperature_2m,0.006814460693358939
random_forest_regressor,num__total_precipitation_lag2,0.006753129391417533
random_forest_regressor,num__avg_temperature_2m_lag1,0.006704901893318478
random_forest_regressor,num__mean_interval_count_out_lag1,0.00663516046297098
random_forest_regressor,num__total_rain,0.0064836529957284375
random_forest_regressor,num__avg_cloud_cover_lag1,0.0064452226157688305
random_forest_regressor,num__avg_cloud_cover_roll3_mean,0.006305383031965961
random_forest_regressor,num__avg_temperature_2m_lag2,0.006300923628426554
random_forest_regressor,num__avg_temperature_2m_change_lag1,0.006283244041246433
random_forest_regressor,num__total_count_out_roll3_mean,0.00625579335255174
random_forest_regressor,num__total_count_in_change_lag1,0.0062057033968823585
random_forest_regressor,num__mean_interval_count_in_roll6_mean,0.006064512705768325
random_forest_regressor,num__year,0.006021551896406162
random_forest_regressor,num__total_count_out_change_lag1,0.005998578243779908
random_forest_regressor,num__crashes_per_1000_cyclists_lag1,0.0059906502262258915
random_forest_regressor,num__mean_interval_count_out_roll3_std,0.005860267402045631
random_forest_regressor,num__mean_interval_count_out_roll3_mean,0.00584711869836544
random_forest_regressor,num__total_precipitation,0.005822496145570506
random_forest_regressor,num__in_out_ratio_lag1,0.005790123667841577
random_forest_regressor,num__total_precipitation_change_lag1,0.005755599641387878
random_forest_regressor,num__zero_count_intervals_in_roll6_mean,0.005502582369743855
random_forest_regressor,num__mean_interval_count_in_roll3_std,0.004923190676394242
random_forest_regressor,num__zero_count_intervals_out_lag2,0.004887004390652158
random_forest_regressor,num__total_count_in_roll3_std,0.004873109040897603
random_forest_regressor,num__total_count_out_roll3_std,0.004838544245140672
random_forest_regressor,num__zero_count_intervals_out_lag1,0.004817184424585627
random_forest_regressor,num__zero_count_intervals_out_roll3_mean,0.004760945827405057
random_forest_regressor,num__zero_count_intervals_in_lag1,0.0040360177567683245
random_forest_regressor,num__total_count_out_lag1,0.003914493271717383
random_forest_regressor,num__mean_interval_count_in_lag1,0.0038102513322483436
random_forest_regressor,num__crash_count_500m_roll3_std,0.0037644487238990497
random_forest_regressor,num__mean_interval_count_in_roll3_mean,0.0036366586706638383
random_forest_regressor,num__zero_count_intervals_in_roll3_mean,0.0034899910391047147
random_forest_regressor,num__total_snowfall,0.003276798464495319
random_forest_regressor,num__zero_count_intervals_in_lag2,0.00325815781124372
random_forest_regressor,num__crash_count_500m_roll3_sum,0.0031770353649385216
random_forest_regressor,num__crash_count_500m_roll3_mean,0.002836047024868423
random_forest_regressor,num__total_count_in_lag1,0.002696091668174024
random_forest_regressor,num__total_count_in_lag2,0.00254091104141805
random_forest_regressor,num__mean_interval_count_in_lag2,0.002533396448437617
random_forest_regressor,num__total_count_in_roll3_mean,0.002463735553750548
random_forest_regressor,num__crash_count_500m_lag1,0.0018015152936447579
random_forest_regressor,num__month,0.0016827949766848416
random_forest_regressor,num__interval_count_in,0.0013907019523962127
random_forest_regressor,num__crash_happened_500m,0.00114562235607854
random_forest_regressor,num__month_sin,0.0011372657946571868
random_forest_regressor,num__crash_count_500m_lag2,0.0009876007394260288
random_forest_regressor,num__month_cos,0.0009764284572114379
random_forest_regressor,num__interval_count_out,0.0009254458955263446
random_forest_regressor,num__crash_happened_500m_lag2,0.0005589391296809251
random_forest_regressor,num__most_common_weather_code,0.0004990901660558625
random_forest_regressor,num__weather_hours_available,0.0004849983817701935
random_forest_regressor,num__crash_happened_500m_lag1,0.0002935236478208867
random_forest_regressor,num__min_interval_count_out,0.0
random_forest_regressor,num__min_interval_count_in,0.0
