model,site_id,naam,gemeente,months_evaluated,actual_positive_months,predicted_positive_months,tn,fp,fn,tp,accuracy,precision,recall,specificity
logistic_regression,16,Kortrijk 1,Kortrijk,13,13,13,0,0,0,13,1.0,1.0,1.0,
logistic_regression,17,Kortrijk 2,Kortrijk,13,13,13,0,0,0,13,1.0,1.0,1.0,
logistic_regression,23,Tienen 3,Tienen,13,11,13,0,2,0,11,0.8461538461538461,0.8461538461538461,1.0,0.0
logistic_regression,24,Tienen 1,Tienen,13,10,13,0,3,0,10,0.7692307692307693,0.7692307692307693,1.0,0.0
logistic_regression,69,Leuven teller 1,Leuven,13,10,13,0,3,0,10,0.7692307692307693,0.7692307692307693,1.0,0.0
logistic_regression,22,Tienen 2,Tienen,13,10,12,0,3,1,9,0.6923076923076923,0.75,0.9,0.0
logistic_regression,118,Gent teller 1,Gent,13,9,13,0,4,0,9,0.6923076923076923,0.6923076923076923,1.0,0.0
logistic_regression,138,Hasselt-Kempische brug,Hasselt,13,10,12,0,3,1,9,0.6923076923076923,0.75,0.9,0.0
logistic_regression,143,Eco Display Classic Budastraat,Kortrijk,12,9,12,0,3,0,9,0.75,0.75,1.0,0.0
logistic_regression,6,Evergem 2,Evergem,13,9,12,0,4,1,8,0.6153846153846154,0.6666666666666666,0.8888888888888888,0.0
logistic_regression,7,Evergem 1,Evergem,13,9,12,0,4,1,8,0.6153846153846154,0.6666666666666666,0.8888888888888888,0.0
logistic_regression,15,Oostende 2,Oostende,13,8,13,0,5,0,8,0.6153846153846154,0.6153846153846154,1.0,0.0
logistic_regression,18,Oostende 1,Oostende,13,8,13,0,5,0,8,0.6153846153846154,0.6153846153846154,1.0,0.0
logistic_regression,77,Leuven teller 2,Leuven,13,8,13,0,5,0,8,0.6153846153846154,0.6153846153846154,1.0,0.0
logistic_regression,100,Mechelen teller 2,Mechelen,13,8,13,0,5,0,8,0.6153846153846154,0.6153846153846154,1.0,0.0
logistic_regression,107,leuven totem,Leuven,13,8,13,0,5,0,8,0.6153846153846154,0.6153846153846154,1.0,0.0
logistic_regression,115,Aalter,Aalter,13,9,12,0,4,1,8,0.6153846153846154,0.6666666666666666,0.8888888888888888,0.0
logistic_regression,137,Hasselt-Kempische brug,Hasselt,13,8,13,0,5,0,8,0.6153846153846154,0.6153846153846154,1.0,0.0
logistic_regression,25,Bree,Bree,13,9,9,2,2,2,7,0.6923076923076923,0.7777777777777778,0.7777777777777778,0.5
logistic_regression,125,Dendermonde totem,Dendermonde,13,7,13,0,6,0,7,0.5384615384615384,0.5384615384615384,1.0,0.0
logistic_regression,140,Hasselt ring,Hasselt,13,8,12,0,5,1,7,0.5384615384615384,0.5833333333333334,0.875,0.0
logistic_regression,41,Maasmechelen teller 1,Maasmechelen,13,7,11,1,5,1,6,0.5384615384615384,0.5454545454545454,0.8571428571428571,0.16666666666666666
logistic_regression,42,Maasmechelen teller 2,Maasmechelen,13,7,11,1,5,1,6,0.5384615384615384,0.5454545454545454,0.8571428571428571,0.16666666666666666
logistic_regression,13,Gent,Gent,13,6,13,0,7,0,6,0.46153846153846156,0.46153846153846156,1.0,0.0
logistic_regression,122,Dendermonde teller 2,Dendermonde,13,7,10,1,5,2,5,0.46153846153846156,0.5,0.7142857142857143,0.16666666666666666
logistic_regression,1,Machelen,Machelen,13,5,13,0,8,0,5,0.38461538461538464,0.38461538461538464,1.0,0.0
logistic_regression,26,Zaventem,Zaventem,13,5,13,0,8,0,5,0.38461538461538464,0.38461538461538464,1.0,0.0
logistic_regression,110,Herentals totem,Herentals,13,5,13,0,8,0,5,0.38461538461538464,0.38461538461538464,1.0,0.0
logistic_regression,45,Pelt teller 1,Pelt,13,5,10,2,6,1,4,0.46153846153846156,0.4,0.8,0.25
logistic_regression,46,Pelt teller 2,Pelt,13,5,10,2,6,1,4,0.46153846153846156,0.4,0.8,0.25
logistic_regression,52,Brugge,Brugge,13,5,10,2,6,1,4,0.46153846153846156,0.4,0.8,0.25
logistic_regression,75,Kortrijk teller 2,Kortrijk,13,5,10,2,6,1,4,0.46153846153846156,0.4,0.8,0.25
logistic_regression,64,Nieuwpoort teller 1,Nieuwpoort,13,4,12,1,8,0,4,0.38461538461538464,0.3333333333333333,1.0,0.1111111111111111
logistic_regression,49,Bokrijk,Genk,13,5,12,0,8,1,4,0.3076923076923077,0.3333333333333333,0.8,0.0
logistic_regression,73,Herent teller 2,Herent,13,4,13,0,9,0,4,0.3076923076923077,0.3076923076923077,1.0,0.0
logistic_regression,89,Westerlo teller 2,Westerlo,13,4,13,0,9,0,4,0.3076923076923077,0.3076923076923077,1.0,0.0
logistic_regression,127,Geel totem,Westerlo,13,5,4,7,1,2,3,0.7692307692307693,0.75,0.6,0.875
logistic_regression,74,Kortrijk teller 1,Kortrijk,13,5,5,6,2,2,3,0.6923076923076923,0.6,0.6,0.75
logistic_regression,126,Hamme totem,Hamme,13,6,6,4,3,3,3,0.5384615384615384,0.5,0.5,0.5714285714285714
logistic_regression,101,Diest teller 1,Diest,13,9,6,1,3,6,3,0.3076923076923077,0.5,0.3333333333333333,0.25
logistic_regression,2,Brasschaat 2,Brasschaat,13,3,13,0,10,0,3,0.23076923076923078,0.23076923076923078,1.0,0.0
logistic_regression,3,Brasschaat 1,Brasschaat,13,3,13,0,10,0,3,0.23076923076923078,0.23076923076923078,1.0,0.0
logistic_regression,47,Vilvoorde,Vilvoorde,13,3,13,0,10,0,3,0.23076923076923078,0.23076923076923078,1.0,0.0
logistic_regression,48,As,As,13,3,4,8,2,1,2,0.7692307692307693,0.5,0.6666666666666666,0.8
logistic_regression,63,Nieuwpoort teller 3,Nieuwpoort,13,4,5,6,3,2,2,0.6153846153846154,0.4,0.5,0.6666666666666666
logistic_regression,66,Nieuwpoort totem,Nieuwpoort,13,4,5,6,3,2,2,0.6153846153846154,0.4,0.5,0.6666666666666666
logistic_regression,19,Aalst 1,Aalst,13,5,5,5,3,3,2,0.5384615384615384,0.4,0.4,0.625
logistic_regression,65,Nieuwpoort teller 2,Nieuwpoort,13,5,5,5,3,3,2,0.5384615384615384,0.4,0.4,0.625
logistic_regression,108,Heverlee teller 1,Leuven,13,3,8,4,6,1,2,0.46153846153846156,0.25,0.6666666666666666,0.4
logistic_regression,111,Zaventem totem,Zaventem,13,8,3,4,1,6,2,0.46153846153846156,0.6666666666666666,0.25,0.8
logistic_regression,119,Gent teller 2,Gent,13,9,2,4,0,7,2,0.46153846153846156,1.0,0.2222222222222222,1.0
logistic_regression,70,Kampenhout teller 1,Kampenhout,13,2,11,2,9,0,2,0.3076923076923077,0.18181818181818182,1.0,0.18181818181818182
logistic_regression,71,Kampenhout teller 2,Kampenhout,13,2,11,2,9,0,2,0.3076923076923077,0.18181818181818182,1.0,0.18181818181818182
logistic_regression,112,Geel teller 2,Westerlo,13,2,11,2,9,0,2,0.3076923076923077,0.18181818181818182,1.0,0.18181818181818182
logistic_regression,12,Tervuren,Kraainem,4,2,4,0,2,0,2,0.5,0.5,1.0,0.0
logistic_regression,14,Genk,Genk,13,6,9,0,7,4,2,0.15384615384615385,0.2222222222222222,0.3333333333333333,0.0
logistic_regression,90,Brecht teller 1,Brecht,13,1,2,11,1,0,1,0.9230769230769231,0.5,1.0,0.9166666666666666
logistic_regression,91,Brecht teller 2,Brecht,13,1,2,11,1,0,1,0.9230769230769231,0.5,1.0,0.9166666666666666
logistic_regression,76,Heverlee teller 2,Leuven,13,3,1,10,0,2,1,0.8461538461538461,1.0,0.3333333333333333,1.0
logistic_regression,43,Maaseik teller 1,Maaseik,13,3,2,9,1,2,1,0.7692307692307693,0.5,0.3333333333333333,0.9
logistic_regression,87,Aarschot,Aarschot,13,3,2,9,1,2,1,0.7692307692307693,0.5,0.3333333333333333,0.9
logistic_regression,8,Heist op den Berg 1,Heist-op-den-Berg,13,3,3,8,2,2,1,0.6923076923076923,0.3333333333333333,0.3333333333333333,0.8
logistic_regression,27,Grimbergen,Meise,13,5,1,8,0,4,1,0.6923076923076923,1.0,0.2,1.0
logistic_regression,61,Wervik teller 2,Wervik,13,1,5,8,4,0,1,0.6923076923076923,0.2,1.0,0.6666666666666666
logistic_regression,94,Herentals teller 2,Herentals,13,5,1,8,0,4,1,0.6923076923076923,1.0,0.2,1.0
logistic_regression,62,Wervik teller 1,Wervik,13,1,6,7,5,0,1,0.6153846153846154,0.16666666666666666,1.0,0.5833333333333334
logistic_regression,4,Balen 1,Balen,13,4,4,6,3,3,1,0.5384615384615384,0.25,0.25,0.6666666666666666
logistic_regression,95,Lier teller 1,Lier,13,1,7,6,6,0,1,0.5384615384615384,0.14285714285714285,1.0,0.5
logistic_regression,96,Lier teller 2,Lier,13,2,6,6,5,1,1,0.5384615384615384,0.16666666666666666,0.5,0.5454545454545454
logistic_regression,5,Balen 2,Balen,13,4,5,5,4,3,1,0.46153846153846156,0.2,0.25,0.5555555555555556
logistic_regression,21,Bilzen,Bilzen,13,1,10,3,9,0,1,0.3076923076923077,0.1,1.0,0.25
logistic_regression,102,Diest teller 2,Diest,13,9,2,3,1,8,1,0.3076923076923077,0.5,0.1111111111111111,0.75
logistic_regression,29,Tongeren,Tongeren,13,1,11,2,10,0,1,0.23076923076923078,0.09090909090909091,1.0,0.16666666666666666
logistic_regression,20,Brugge,Brugge,13,1,12,1,11,0,1,0.15384615384615385,0.08333333333333333,1.0,0.08333333333333333
logistic_regression,37,Lommel teller 1,Lommel,13,2,11,1,10,1,1,0.15384615384615385,0.09090909090909091,0.5,0.09090909090909091
logistic_regression,50,"Brugge, Sint-Andries",Brugge,13,1,12,1,11,0,1,0.15384615384615385,0.08333333333333333,1.0,0.08333333333333333
logistic_regression,51,"Brugge, Sint-Andries",Brugge,13,1,13,0,12,0,1,0.07692307692307693,0.07692307692307693,1.0,0.0
logistic_regression,109,Zemst,Zemst,13,1,13,0,12,0,1,0.07692307692307693,0.07692307692307693,1.0,0.0
logistic_regression,144,test leuven,Leuven,1,1,1,0,0,0,1,1.0,1.0,1.0,
logistic_regression,39,Peer teller 1,Peer,13,0,0,13,0,0,0,1.0,,,1.0
logistic_regression,40,Peer teller 2,Peer,13,0,0,13,0,0,0,1.0,,,1.0
logistic_regression,103,Malle teller 1,Malle,13,0,0,13,0,0,0,1.0,,,1.0
logistic_regression,104,Malle teller 2,Malle,13,0,0,13,0,0,0,1.0,,,1.0
logistic_regression,132,Gierde lille,Lille,13,0,0,13,0,0,0,1.0,,,1.0
logistic_regression,133,Gierde Lille Totem,Lille,13,0,0,13,0,0,0,1.0,,,1.0
logistic_regression,31,Herk De Stad,Herk-de-Stad,13,0,1,12,1,0,0,0.9230769230769231,0.0,,0.9230769230769231
logistic_regression,67,Ieper totem,Ieper,13,1,0,12,0,1,0,0.9230769230769231,,0.0,1.0
logistic_regression,68,Ieper,Ieper,13,1,0,12,0,1,0,0.9230769230769231,,0.0,1.0
logistic_regression,78,Pepingen teller 1,Pepingen,13,1,0,12,0,1,0,0.9230769230769231,,0.0,1.0
logistic_regression,85,Asse teller 1,Asse,13,1,0,12,0,1,0,0.9230769230769231,,0.0,1.0
logistic_regression,86,Asse teller 2,Asse,13,1,0,12,0,1,0,0.9230769230769231,,0.0,1.0
logistic_regression,92,Nijlen teller 1,Nijlen,13,1,0,12,0,1,0,0.9230769230769231,,0.0,1.0
logistic_regression,93,Nijlen teller 2,Nijlen,13,1,0,12,0,1,0,0.9230769230769231,,0.0,1.0
logistic_regression,113,Deinze teller 2,Deinze,13,1,0,12,0,1,0,0.9230769230769231,,0.0,1.0
logistic_regression,114,Deinze teller 1,Nazareth,13,1,0,12,0,1,0,0.9230769230769231,,0.0,1.0
logistic_regression,131,Nevele,Deinze,13,1,0,12,0,1,0,0.9230769230769231,,0.0,1.0
logistic_regression,30,Herk De Stad,Herk-de-Stad,13,0,2,11,2,0,0,0.8461538461538461,0.0,,0.8461538461538461
logistic_regression,36,Lanaken teller 2,Lanaken,13,0,2,11,2,0,0,0.8461538461538461,0.0,,0.8461538461538461
logistic_regression,55,Torhout teller 1,Torhout,13,2,0,11,0,2,0,0.8461538461538461,,0.0,1.0
logistic_regression,56,Torhout teller 2,Torhout,13,2,0,11,0,2,0,0.8461538461538461,,0.0,1.0
logistic_regression,57,Meulebeke teller 1,Meulebeke,13,2,0,11,0,2,0,0.8461538461538461,,0.0,1.0
logistic_regression,58,Meulebeke teller 2,Meulebeke,13,2,0,11,0,2,0,0.8461538461538461,,0.0,1.0
logistic_regression,79,Pepingen teller 2,Pepingen,13,1,1,11,1,1,0,0.8461538461538461,0.0,0.0,0.9166666666666666
logistic_regression,81,Wemmel teller 2,Wemmel,13,1,1,11,1,1,0,0.8461538461538461,0.0,0.0,0.9166666666666666
logistic_regression,82,Beersel teller 1,Beersel,13,1,1,11,1,1,0,0.8461538461538461,0.0,0.0,0.9166666666666666
logistic_regression,105,St. pieters leeuw teller 2,Halle,13,2,0,11,0,2,0,0.8461538461538461,,0.0,1.0
logistic_regression,32,Lummen,Lummen,13,0,3,10,3,0,0,0.7692307692307693,0.0,,0.7692307692307693
logistic_regression,34,Heers teller 1,Heers,13,2,1,10,1,2,0,0.7692307692307693,0.0,0.0,0.9090909090909091
logistic_regression,35,Lanaken teller 1,Lanaken,13,0,3,10,3,0,0,0.7692307692307693,0.0,,0.7692307692307693
logistic_regression,44,Maaseik teller 2,Maaseik,13,3,0,10,0,3,0,0.7692307692307693,,0.0,1.0
logistic_regression,60,Ardooie teller 2,Ardooie,13,2,1,10,1,2,0,0.7692307692307693,0.0,0.0,0.9090909090909091
logistic_regression,83,Beersel teller 2,Beersel,13,1,2,10,2,1,0,0.7692307692307693,0.0,0.0,0.8333333333333334
logistic_regression,97,Geel teller 1,Geel,13,3,0,10,0,3,0,0.7692307692307693,,0.0,1.0
logistic_regression,98,Geel teller 2,Geel,13,3,0,10,0,3,0,0.7692307692307693,,0.0,1.0
logistic_regression,134,Retie,Dessel,13,1,2,10,2,1,0,0.7692307692307693,0.0,0.0,0.8333333333333334
logistic_regression,9,Heist op den Berg 2,Heist-op-den-Berg,13,2,2,9,2,2,0,0.6923076923076923,0.0,0.0,0.8181818181818182
logistic_regression,59,Ardooie teller 1,Ardooie,13,2,2,9,2,2,0,0.6923076923076923,0.0,0.0,0.8181818181818182
logistic_regression,84,Roeselare totem,Izegem,13,1,3,9,3,1,0,0.6923076923076923,0.0,0.0,0.75
logistic_regression,106,St. pieters leeuw teller 1,Sint-Pieters-Leeuw,13,2,2,9,2,2,0,0.6923076923076923,0.0,0.0,0.8181818181818182
logistic_regression,121,Zele teller 2,Zele,13,4,0,9,0,4,0,0.6923076923076923,,0.0,1.0
logistic_regression,129,Lokeren teller 2,Lokeren,13,3,1,9,1,3,0,0.6923076923076923,0.0,0.0,0.9
logistic_regression,135,Retie 2,Dessel,13,0,4,9,4,0,0,0.6923076923076923,0.0,,0.6923076923076923
logistic_regression,136,Gent R4,Gent,13,4,0,9,0,4,0,0.6923076923076923,,0.0,1.0
logistic_regression,139,Houthalen-Helchteren,Houthalen-Helchteren,13,2,2,9,2,2,0,0.6923076923076923,0.0,0.0,0.8181818181818182
logistic_regression,10,Aalst 2,Aalst,13,4,1,8,1,4,0,0.6153846153846154,0.0,0.0,0.8888888888888888
logistic_regression,28,Heers,Heers,13,2,3,8,3,2,0,0.6153846153846154,0.0,0.0,0.7272727272727273
logistic_regression,33,Lummen,Lummen,13,0,5,8,5,0,0,0.6153846153846154,0.0,,0.6153846153846154
logistic_regression,116,Melle teller 2,Melle,13,5,0,8,0,5,0,0.6153846153846154,,0.0,1.0
logistic_regression,120,Zele teller 1,Zele,13,5,0,8,0,5,0,0.6153846153846154,,0.0,1.0
logistic_regression,124,Beveren teller 2,Beveren,12,2,2,8,2,2,0,0.6666666666666666,0.0,0.0,0.8
logistic_regression,128,Lokeren teller 1,Lokeren,13,3,2,8,2,3,0,0.6153846153846154,0.0,0.0,0.8
logistic_regression,53,Brugge teller 1,Brugge,13,5,1,7,1,5,0,0.5384615384615384,0.0,0.0,0.875
logistic_regression,72,Herent teller 1,Herent,13,4,2,7,2,4,0,0.5384615384615384,0.0,0.0,0.7777777777777778
logistic_regression,117,Melle teller 1,Melle,13,5,1,7,1,5,0,0.5384615384615384,0.0,0.0,0.875
logistic_regression,11,Aalst 3,Aalst,13,6,1,6,1,6,0,0.46153846153846156,0.0,0.0,0.8571428571428571
logistic_regression,54,Brugge teller 2,Brugge,13,5,3,5,3,5,0,0.38461538461538464,0.0,0.0,0.625
logistic_regression,80,Wemmel teller 1,Wemmel,8,1,2,5,2,1,0,0.625,0.0,0.0,0.7142857142857143
logistic_regression,99,Mechelen teller 1,Mechelen,13,8,0,5,0,8,0,0.38461538461538464,,0.0,1.0
logistic_regression,88,Westerlo teller 1,Westerlo,13,4,5,4,5,4,0,0.3076923076923077,0.0,0.0,0.4444444444444444
logistic_regression,38,Lommel teller 2,Lommel,13,2,8,3,8,2,0,0.23076923076923078,0.0,0.0,0.2727272727272727
logistic_regression,123,Beveren teller 1,Beveren,2,0,2,0,2,0,0,0.0,0.0,,0.0
logistic_regression,142,TEST Validatie BRUGGE Y2H22022134,Brugge,1,0,1,0,1,0,0,0.0,0.0,,0.0
random_forest,16,Kortrijk 1,Kortrijk,13,13,13,0,0,0,13,1.0,1.0,1.0,
random_forest,17,Kortrijk 2,Kortrijk,13,13,13,0,0,0,13,1.0,1.0,1.0,
random_forest,69,Leuven teller 1,Leuven,13,10,13,0,3,0,10,0.7692307692307693,0.7692307692307693,1.0,0.0
random_forest,138,Hasselt-Kempische brug,Hasselt,13,10,13,0,3,0,10,0.7692307692307693,0.7692307692307693,1.0,0.0
random_forest,118,Gent teller 1,Gent,13,9,13,0,4,0,9,0.6923076923076923,0.6923076923076923,1.0,0.0
random_forest,143,Eco Display Classic Budastraat,Kortrijk,12,9,12,0,3,0,9,0.75,0.75,1.0,0.0
random_forest,77,Leuven teller 2,Leuven,13,8,11,2,3,0,8,0.7692307692307693,0.7272727272727273,1.0,0.4
random_forest,18,Oostende 1,Oostende,13,8,12,1,4,0,8,0.6923076923076923,0.6666666666666666,1.0,0.2
random_forest,107,leuven totem,Leuven,13,8,13,0,5,0,8,0.6153846153846154,0.6153846153846154,1.0,0.0
random_forest,137,Hasselt-Kempische brug,Hasselt,13,8,13,0,5,0,8,0.6153846153846154,0.6153846153846154,1.0,0.0
random_forest,100,Mechelen teller 2,Mechelen,13,8,10,2,3,1,7,0.6923076923076923,0.7,0.875,0.4
random_forest,15,Oostende 2,Oostende,13,8,11,1,4,1,7,0.6153846153846154,0.6363636363636364,0.875,0.2
random_forest,41,Maasmechelen teller 1,Maasmechelen,13,7,12,1,5,0,7,0.6153846153846154,0.5833333333333334,1.0,0.16666666666666666
random_forest,42,Maasmechelen teller 2,Maasmechelen,13,7,13,0,6,0,7,0.5384615384615384,0.5384615384615384,1.0,0.0
random_forest,111,Zaventem totem,Zaventem,13,8,9,2,3,2,6,0.6153846153846154,0.6666666666666666,0.75,0.4
random_forest,115,Aalter,Aalter,13,9,8,2,2,3,6,0.6153846153846154,0.75,0.6666666666666666,0.5
random_forest,140,Hasselt ring,Hasselt,13,8,9,2,3,2,6,0.6153846153846154,0.6666666666666666,0.75,0.4
random_forest,122,Dendermonde teller 2,Dendermonde,13,7,9,2,4,2,5,0.5384615384615384,0.5555555555555556,0.7142857142857143,0.3333333333333333
random_forest,126,Hamme totem,Hamme,13,6,8,3,4,2,4,0.5384615384615384,0.5,0.6666666666666666,0.42857142857142855
random_forest,125,Dendermonde totem,Dendermonde,13,7,9,1,5,3,4,0.38461538461538464,0.4444444444444444,0.5714285714285714,0.16666666666666666
random_forest,65,Nieuwpoort teller 2,Nieuwpoort,13,5,3,8,0,2,3,0.8461538461538461,1.0,0.6,1.0
random_forest,64,Nieuwpoort teller 1,Nieuwpoort,13,4,7,5,4,1,3,0.6153846153846154,0.42857142857142855,0.75,0.5555555555555556
random_forest,13,Gent,Gent,13,6,7,3,4,3,3,0.46153846153846156,0.42857142857142855,0.5,0.42857142857142855
random_forest,23,Tienen 3,Tienen,13,11,3,2,0,8,3,0.38461538461538464,1.0,0.2727272727272727,1.0
random_forest,110,Herentals totem,Herentals,13,5,3,7,1,3,2,0.6923076923076923,0.6666666666666666,0.4,0.875
random_forest,47,Vilvoorde,Vilvoorde,13,3,8,4,6,1,2,0.46153846153846156,0.25,0.6666666666666666,0.4
random_forest,22,Tienen 2,Tienen,13,10,2,3,0,8,2,0.38461538461538464,1.0,0.2,1.0
random_forest,3,Brasschaat 1,Brasschaat,13,3,11,1,9,1,2,0.23076923076923078,0.18181818181818182,0.6666666666666666,0.1
random_forest,12,Tervuren,Kraainem,4,2,3,1,1,0,2,0.75,0.6666666666666666,1.0,0.5
random_forest,112,Geel teller 2,Westerlo,13,2,2,10,1,1,1,0.8461538461538461,0.5,0.5,0.9090909090909091
random_forest,4,Balen 1,Balen,13,4,1,9,0,3,1,0.7692307692307693,1.0,0.25,1.0
random_forest,108,Heverlee teller 1,Leuven,13,3,2,9,1,2,1,0.7692307692307693,0.5,0.3333333333333333,0.9
random_forest,136,Gent R4,Gent,13,4,1,9,0,3,1,0.7692307692307693,1.0,0.25,1.0
random_forest,27,Grimbergen,Meise,13,5,1,8,0,4,1,0.6923076923076923,1.0,0.2,1.0
random_forest,48,As,As,13,3,3,8,2,2,1,0.6923076923076923,0.3333333333333333,0.3333333333333333,0.8
random_forest,66,Nieuwpoort totem,Nieuwpoort,13,4,2,8,1,3,1,0.6923076923076923,0.5,0.25,0.8888888888888888
random_forest,89,Westerlo teller 2,Westerlo,13,4,2,8,1,3,1,0.6923076923076923,0.5,0.25,0.8888888888888888
random_forest,52,Brugge,Brugge,13,5,2,7,1,4,1,0.6153846153846154,0.5,0.2,0.875
random_forest,73,Herent teller 2,Herent,13,4,3,7,2,3,1,0.6153846153846154,0.3333333333333333,0.25,0.7777777777777778
random_forest,106,St. pieters leeuw teller 1,Sint-Pieters-Leeuw,13,2,5,7,4,1,1,0.6153846153846154,0.2,0.5,0.6363636363636364
random_forest,109,Zemst,Zemst,13,1,6,7,5,0,1,0.6153846153846154,0.16666666666666666,1.0,0.5833333333333334
random_forest,102,Diest teller 2,Diest,13,9,1,4,0,8,1,0.38461538461538464,1.0,0.1111111111111111,1.0
random_forest,6,Evergem 2,Evergem,13,9,2,3,1,8,1,0.3076923076923077,0.5,0.1111111111111111,0.75
random_forest,71,Kampenhout teller 2,Kampenhout,13,2,9,3,8,1,1,0.3076923076923077,0.1111111111111111,0.5,0.2727272727272727
random_forest,24,Tienen 1,Tienen,13,10,2,2,1,9,1,0.23076923076923078,0.5,0.1,0.6666666666666666
random_forest,25,Bree,Bree,13,9,3,2,2,8,1,0.23076923076923078,0.3333333333333333,0.1111111111111111,0.5
random_forest,30,Herk De Stad,Herk-de-Stad,13,0,0,13,0,0,0,1.0,,,1.0
random_forest,31,Herk De Stad,Herk-de-Stad,13,0,0,13,0,0,0,1.0,,,1.0
random_forest,32,Lummen,Lummen,13,0,0,13,0,0,0,1.0,,,1.0
random_forest,33,Lummen,Lummen,13,0,0,13,0,0,0,1.0,,,1.0
random_forest,35,Lanaken teller 1,Lanaken,13,0,0,13,0,0,0,1.0,,,1.0
random_forest,36,Lanaken teller 2,Lanaken,13,0,0,13,0,0,0,1.0,,,1.0
random_forest,39,Peer teller 1,Peer,13,0,0,13,0,0,0,1.0,,,1.0
random_forest,40,Peer teller 2,Peer,13,0,0,13,0,0,0,1.0,,,1.0
random_forest,103,Malle teller 1,Malle,13,0,0,13,0,0,0,1.0,,,1.0
random_forest,104,Malle teller 2,Malle,13,0,0,13,0,0,0,1.0,,,1.0
random_forest,132,Gierde lille,Lille,13,0,0,13,0,0,0,1.0,,,1.0
random_forest,133,Gierde Lille Totem,Lille,13,0,0,13,0,0,0,1.0,,,1.0
random_forest,135,Retie 2,Dessel,13,0,0,13,0,0,0,1.0,,,1.0
random_forest,21,Bilzen,Bilzen,13,1,0,12,0,1,0,0.9230769230769231,,0.0,1.0
random_forest,29,Tongeren,Tongeren,13,1,0,12,0,1,0,0.9230769230769231,,0.0,1.0
random_forest,50,"Brugge, Sint-Andries",Brugge,13,1,0,12,0,1,0,0.9230769230769231,,0.0,1.0
random_forest,61,Wervik teller 2,Wervik,13,1,0,12,0,1,0,0.9230769230769231,,0.0,1.0
random_forest,62,Wervik teller 1,Wervik,13,1,0,12,0,1,0,0.9230769230769231,,0.0,1.0
random_forest,67,Ieper totem,Ieper,13,1,0,12,0,1,0,0.9230769230769231,,0.0,1.0
random_forest,68,Ieper,Ieper,13,1,0,12,0,1,0,0.9230769230769231,,0.0,1.0
random_forest,78,Pepingen teller 1,Pepingen,13,1,0,12,0,1,0,0.9230769230769231,,0.0,1.0
random_forest,79,Pepingen teller 2,Pepingen,13,1,0,12,0,1,0,0.9230769230769231,,0.0,1.0
random_forest,81,Wemmel teller 2,Wemmel,13,1,0,12,0,1,0,0.9230769230769231,,0.0,1.0
random_forest,82,Beersel teller 1,Beersel,13,1,0,12,0,1,0,0.9230769230769231,,0.0,1.0
random_forest,83,Beersel teller 2,Beersel,13,1,0,12,0,1,0,0.9230769230769231,,0.0,1.0
random_forest,84,Roeselare totem,Izegem,13,1,0,12,0,1,0,0.9230769230769231,,0.0,1.0
random_forest,85,Asse teller 1,Asse,13,1,0,12,0,1,0,0.9230769230769231,,0.0,1.0
random_forest,86,Asse teller 2,Asse,13,1,0,12,0,1,0,0.9230769230769231,,0.0,1.0
random_forest,90,Brecht teller 1,Brecht,13,1,0,12,0,1,0,0.9230769230769231,,0.0,1.0
random_forest,91,Brecht teller 2,Brecht,13,1,0,12,0,1,0,0.9230769230769231,,0.0,1.0
random_forest,92,Nijlen teller 1,Nijlen,13,1,0,12,0,1,0,0.9230769230769231,,0.0,1.0
random_forest,93,Nijlen teller 2,Nijlen,13,1,0,12,0,1,0,0.9230769230769231,,0.0,1.0
random_forest,95,Lier teller 1,Lier,13,1,0,12,0,1,0,0.9230769230769231,,0.0,1.0
random_forest,113,Deinze teller 2,Deinze,13,1,0,12,0,1,0,0.9230769230769231,,0.0,1.0
random_forest,114,Deinze teller 1,Nazareth,13,1,0,12,0,1,0,0.9230769230769231,,0.0,1.0
random_forest,131,Nevele,Deinze,13,1,0,12,0,1,0,0.9230769230769231,,0.0,1.0
random_forest,134,Retie,Dessel,13,1,0,12,0,1,0,0.9230769230769231,,0.0,1.0
random_forest,20,Brugge,Brugge,13,1,1,11,1,1,0,0.8461538461538461,0.0,0.0,0.9166666666666666
random_forest,28,Heers,Heers,13,2,0,11,0,2,0,0.8461538461538461,,0.0,1.0
random_forest,34,Heers teller 1,Heers,13,2,0,11,0,2,0,0.8461538461538461,,0.0,1.0
random_forest,37,Lommel teller 1,Lommel,13,2,0,11,0,2,0,0.8461538461538461,,0.0,1.0
random_forest,38,Lommel teller 2,Lommel,13,2,0,11,0,2,0,0.8461538461538461,,0.0,1.0
random_forest,51,"Brugge, Sint-Andries",Brugge,13,1,1,11,1,1,0,0.8461538461538461,0.0,0.0,0.9166666666666666
random_forest,55,Torhout teller 1,Torhout,13,2,0,11,0,2,0,0.8461538461538461,,0.0,1.0
random_forest,56,Torhout teller 2,Torhout,13,2,0,11,0,2,0,0.8461538461538461,,0.0,1.0
random_forest,57,Meulebeke teller 1,Meulebeke,13,2,0,11,0,2,0,0.8461538461538461,,0.0,1.0
random_forest,58,Meulebeke teller 2,Meulebeke,13,2,0,11,0,2,0,0.8461538461538461,,0.0,1.0
random_forest,59,Ardooie teller 1,Ardooie,13,2,0,11,0,2,0,0.8461538461538461,,0.0,1.0
random_forest,60,Ardooie teller 2,Ardooie,13,2,0,11,0,2,0,0.8461538461538461,,0.0,1.0
random_forest,96,Lier teller 2,Lier,13,2,0,11,0,2,0,0.8461538461538461,,0.0,1.0
random_forest,105,St. pieters leeuw teller 2,Halle,13,2,0,11,0,2,0,0.8461538461538461,,0.0,1.0
random_forest,8,Heist op den Berg 1,Heist-op-den-Berg,13,3,0,10,0,3,0,0.7692307692307693,,0.0,1.0
random_forest,43,Maaseik teller 1,Maaseik,13,3,0,10,0,3,0,0.7692307692307693,,0.0,1.0
random_forest,44,Maaseik teller 2,Maaseik,13,3,0,10,0,3,0,0.7692307692307693,,0.0,1.0
random_forest,76,Heverlee teller 2,Leuven,13,3,0,10,0,3,0,0.7692307692307693,,0.0,1.0
random_forest,87,Aarschot,Aarschot,13,3,0,10,0,3,0,0.7692307692307693,,0.0,1.0
random_forest,97,Geel teller 1,Geel,13,3,0,10,0,3,0,0.7692307692307693,,0.0,1.0
random_forest,98,Geel teller 2,Geel,13,3,0,10,0,3,0,0.7692307692307693,,0.0,1.0
random_forest,128,Lokeren teller 1,Lokeren,13,3,0,10,0,3,0,0.7692307692307693,,0.0,1.0
random_forest,129,Lokeren teller 2,Lokeren,13,3,0,10,0,3,0,0.7692307692307693,,0.0,1.0
random_forest,5,Balen 2,Balen,13,4,0,9,0,4,0,0.6923076923076923,,0.0,1.0
random_forest,9,Heist op den Berg 2,Heist-op-den-Berg,13,2,2,9,2,2,0,0.6923076923076923,0.0,0.0,0.8181818181818182
random_forest,63,Nieuwpoort teller 3,Nieuwpoort,13,4,0,9,0,4,0,0.6923076923076923,,0.0,1.0
random_forest,72,Herent teller 1,Herent,13,4,0,9,0,4,0,0.6923076923076923,,0.0,1.0
random_forest,121,Zele teller 2,Zele,13,4,0,9,0,4,0,0.6923076923076923,,0.0,1.0
random_forest,1,Machelen,Machelen,13,5,0,8,0,5,0,0.6153846153846154,,0.0,1.0
random_forest,10,Aalst 2,Aalst,13,4,1,8,1,4,0,0.6153846153846154,0.0,0.0,0.8888888888888888
random_forest,19,Aalst 1,Aalst,13,5,0,8,0,5,0,0.6153846153846154,,0.0,1.0
random_forest,45,Pelt teller 1,Pelt,13,5,0,8,0,5,0,0.6153846153846154,,0.0,1.0
random_forest,46,Pelt teller 2,Pelt,13,5,0,8,0,5,0,0.6153846153846154,,0.0,1.0
random_forest,53,Brugge teller 1,Brugge,13,5,0,8,0,5,0,0.6153846153846154,,0.0,1.0
random_forest,54,Brugge teller 2,Brugge,13,5,0,8,0,5,0,0.6153846153846154,,0.0,1.0
random_forest,74,Kortrijk teller 1,Kortrijk,13,5,0,8,0,5,0,0.6153846153846154,,0.0,1.0
random_forest,75,Kortrijk teller 2,Kortrijk,13,5,0,8,0,5,0,0.6153846153846154,,0.0,1.0
random_forest,88,Westerlo teller 1,Westerlo,13,4,1,8,1,4,0,0.6153846153846154,0.0,0.0,0.8888888888888888
random_forest,94,Herentals teller 2,Herentals,13,5,0,8,0,5,0,0.6153846153846154,,0.0,1.0
random_forest,116,Melle teller 2,Melle,13,5,0,8,0,5,0,0.6153846153846154,,0.0,1.0
random_forest,117,Melle teller 1,Melle,13,5,0,8,0,5,0,0.6153846153846154,,0.0,1.0
random_forest,120,Zele teller 1,Zele,13,5,0,8,0,5,0,0.6153846153846154,,0.0,1.0
random_forest,124,Beveren teller 2,Beveren,12,2,2,8,2,2,0,0.6666666666666666,0.0,0.0,0.8
random_forest,127,Geel totem,Westerlo,13,5,0,8,0,5,0,0.6153846153846154,,0.0,1.0
random_forest,139,Houthalen-Helchteren,Houthalen-Helchteren,13,2,3,8,3,2,0,0.6153846153846154,0.0,0.0,0.7272727272727273
random_forest,11,Aalst 3,Aalst,13,6,0,7,0,6,0,0.5384615384615384,,0.0,1.0
random_forest,14,Genk,Genk,13,6,0,7,0,6,0,0.5384615384615384,,0.0,1.0
random_forest,49,Bokrijk,Genk,13,5,1,7,1,5,0,0.5384615384615384,0.0,0.0,0.875
random_forest,26,Zaventem,Zaventem,13,5,2,6,2,5,0,0.46153846153846156,0.0,0.0,0.75
random_forest,80,Wemmel teller 1,Wemmel,8,1,1,6,1,1,0,0.75,0.0,0.0,0.8571428571428571
random_forest,70,Kampenhout teller 1,Kampenhout,13,2,6,5,6,2,0,0.38461538461538464,0.0,0.0,0.45454545454545453
random_forest,99,Mechelen teller 1,Mechelen,13,8,0,5,0,8,0,0.38461538461538464,,0.0,1.0
random_forest,2,Brasschaat 2,Brasschaat,13,3,6,4,6,3,0,0.3076923076923077,0.0,0.0,0.4
random_forest,7,Evergem 1,Evergem,13,9,0,4,0,9,0,0.3076923076923077,,0.0,1.0
random_forest,119,Gent teller 2,Gent,13,9,0,4,0,9,0,0.3076923076923077,,0.0,1.0
random_forest,101,Diest teller 1,Diest,13,9,1,3,1,9,0,0.23076923076923078,0.0,0.0,0.75
random_forest,123,Beveren teller 1,Beveren,2,0,2,0,2,0,0,0.0,0.0,,0.0
random_forest,142,TEST Validatie BRUGGE Y2H22022134,Brugge,1,0,1,0,1,0,0,0.0,0.0,,0.0
random_forest,144,test leuven,Leuven,1,1,0,0,0,1,0,0.0,,0.0,
