site_id,year,month,predicted_probability,predicted_label,predicted_count,forecast_risk_score,naam,gemeente,datum_van,forecast_risk_rank
69,2024,11,0.9905823573768084,1.0,1.6868529198426665,0.9893617021276595,Leuven teller 1,Leuven,2022-07-07,1
142,2023,10,0.9986837119370482,1.0,1.083633535358106,0.9787234042553192,TEST Validatie BRUGGE Y2H22022134,Brugge,2023-10-24,2
107,2024,11,0.9285599604478736,1.0,1.761734609913149,0.975177304964539,leuven totem,Leuven,2022-08-23,3
16,2024,11,0.9378445877605316,1.0,1.1568568978448184,0.9751773049645389,Kortrijk 1,Kortrijk,2019-08-22,4
17,2024,11,0.930312988491518,1.0,1.3765639006359087,0.9716312056737588,Kortrijk 2,Kortrijk,2019-08-22,5
137,2024,11,0.9418495209806468,1.0,0.9822845277710458,0.9680851063829787,Hasselt-Kempische brug,Hasselt,2023-04-19,6
143,2024,11,0.8567395784362026,1.0,2.3340710562943,0.9539007092198581,Eco Display Classic Budastraat,Kortrijk,2023-12-08,7
77,2024,11,0.922252448116646,1.0,0.8949595142176554,0.9397163120567376,Leuven teller 2,Leuven,2022-07-07,8
118,2024,11,0.9249202788655644,1.0,0.8690088430011278,0.9361702127659575,Gent teller 1,Gent,2022-10-04,9
7,2024,11,0.9371095708038656,1.0,0.7205320154516084,0.9290780141843971,Evergem 1,Evergem,2019-08-22,10
6,2024,11,0.915905646914553,1.0,0.801341790592543,0.9184397163120568,Evergem 2,Evergem,2019-08-22,11
140,2024,11,0.833297579946613,1.0,1.1008109280772047,0.9184397163120568,Hasselt ring,Hasselt,2023-05-04,12
25,2024,11,0.8260291759444817,1.0,0.916640227952042,0.9042553191489362,Bree,Bree,2020-05-09,13
125,2024,11,0.9130699483306056,1.0,0.6797932439736059,0.9007092198581561,Dendermonde totem,Dendermonde,2022-10-22,14
23,2024,11,0.8976798039720723,1.0,0.6763255356538991,0.8936170212765957,Tienen 3,Tienen,2019-08-31,15
18,2024,11,0.7915190908169322,1.0,0.8758186230608235,0.8865248226950355,Oostende 1,Oostende,2019-08-22,16
24,2024,11,0.8744174716087946,1.0,0.606596093495666,0.8829787234042553,Tienen 1,Tienen,2019-08-31,17
15,2024,11,0.7662562623845436,1.0,0.8596130717536823,0.8723404255319149,Oostende 2,Oostende,2019-08-22,18
100,2024,11,0.7798231567080972,1.0,0.7505132433302506,0.8652482269503545,Mechelen teller 2,Mechelen,2022-07-28,19
111,2024,11,0.8390836336014889,1.0,0.5684783205389,0.8581560283687943,Zaventem totem,Zaventem,2022-09-02,20
101,2024,11,0.7595027002608414,1.0,0.6866758172608438,0.8475177304964538,Diest teller 1,Diest,2022-08-02,21
22,2024,11,0.7925350342423508,1.0,0.5568638914153453,0.8368794326241135,Tienen 2,Tienen,2019-08-31,22
138,2024,11,0.8065928592358609,1.0,0.5282966801545669,0.8297872340425532,Hasselt-Kempische brug,Hasselt,2023-04-20,23
102,2024,11,0.7085659046755463,1.0,0.6417574806854324,0.8297872340425532,Diest teller 2,Diest,2022-08-02,24
115,2024,11,0.764348221147853,1.0,0.5189131597170266,0.8049645390070922,Aalter,Aalter,2022-10-01,25
41,2024,11,0.8442004075331297,1.0,0.4439166281522428,0.801418439716312,Maasmechelen teller 1,Maasmechelen,2022-04-22,26
64,2024,11,0.7564028635128416,1.0,0.5273337957116297,0.801418439716312,Nieuwpoort teller 1,Nieuwpoort,2022-06-24,27
42,2024,11,0.8365661897582424,1.0,0.4432355743621287,0.7872340425531915,Maasmechelen teller 2,Maasmechelen,2022-04-22,28
13,2024,11,0.6944890707560875,1.0,0.5030261830271991,0.7872340425531915,Gent,Gent,2019-08-22,29
126,2024,11,0.6305990511152897,1.0,0.5537758343625411,0.7872340425531914,Hamme totem,Hamme,2022-10-25,30
89,2024,11,0.5844174057204561,1.0,0.5858646866436904,0.7765957446808511,Westerlo teller 2,Westerlo,2022-07-16,31
122,2024,11,0.8407417577840772,1.0,0.4322063173049456,0.776595744680851,Dendermonde teller 2,Dendermonde,2022-10-05,32
26,2024,11,0.6170696229893176,1.0,0.5014551604988094,0.7588652482269503,Zaventem,Zaventem,2021-08-06,33
1,2024,11,0.6419406380428696,1.0,0.4583463848779455,0.74822695035461,Machelen,Machelen,2019-08-22,34
88,2024,11,0.5811649277068719,1.0,0.485653650936137,0.7340425531914894,Westerlo teller 1,Westerlo,2022-07-16,35
127,2024,11,0.4897299040658859,0.0,0.5304361664866316,0.7304964539007093,Geel totem,Westerlo,2022-10-26,36
47,2024,11,0.641166143207564,1.0,0.4350346173871081,0.7198581560283688,Vilvoorde,Vilvoorde,2022-05-19,37
14,2024,11,0.6438392016025252,1.0,0.4179710575905744,0.7092198581560284,Genk,Genk,2019-08-22,38
99,2024,11,0.5650969855759869,1.0,0.4536651707522777,0.7021276595744681,Mechelen teller 1,Mechelen,2022-07-28,39
73,2024,11,0.5787884498799942,1.0,0.4339030330125263,0.6808510638297872,Herent teller 2,Herent,2022-07-07,40
108,2024,11,0.4566898778618651,0.0,0.4883717549522726,0.6808510638297872,Heverlee teller 1,Leuven,2022-08-25,41
46,2024,11,0.5931374951239476,1.0,0.4014122613057932,0.6702127659574468,Pelt teller 2,Pelt,2022-04-30,42
45,2024,11,0.599014461483097,1.0,0.3972314530871328,0.6666666666666667,Pelt teller 1,Pelt,2022-04-30,43
27,2024,11,0.5212726773049389,1.0,0.4187156793908846,0.6595744680851063,Grimbergen,Meise,2021-08-14,44
3,2024,11,0.6769355251518793,1.0,0.3548321710200603,0.6382978723404256,Brasschaat 1,Brasschaat,2019-08-22,45
110,2024,11,0.4690301206400316,0.0,0.4281498896774381,0.6382978723404256,Herentals totem,Herentals,2022-08-31,46
52,2024,11,0.4273752104206307,0.0,0.4811777639748548,0.6382978723404256,Brugge,Brugge,2022-06-01,47
54,2024,11,0.4218899071581933,0.0,0.4777620327849544,0.6312056737588652,Brugge teller 2,Brugge,2022-06-02,48
70,2024,11,0.5808122784062344,1.0,0.3712418882380823,0.6276595744680851,Kampenhout teller 1,Kampenhout,2022-07-07,49
112,2024,11,0.4014656422803899,0.0,0.4824299737710255,0.6205673758865248,Geel teller 2,Westerlo,2022-09-06,50
71,2024,11,0.5610848752945858,1.0,0.3701398773238267,0.6134751773049645,Kampenhout teller 2,Kampenhout,2022-07-07,51
117,2024,11,0.4759209423410099,0.0,0.3916497527084832,0.6134751773049645,Melle teller 1,Melle,2022-10-01,52
20,2024,11,0.4853279896771668,0.0,0.3841072070668795,0.6099290780141844,Brugge,Brugge,2019-08-22,53
4,2024,11,0.6287695286152083,1.0,0.3530637829923768,0.6063829787234043,Balen 1,Balen,2019-08-22,54
2,2024,11,0.458878533473892,0.0,0.3999195028473184,0.6063829787234043,Brasschaat 2,Brasschaat,2019-08-22,55
5,2024,11,0.617032937235424,1.0,0.3533307942269006,0.6028368794326241,Balen 2,Balen,2019-08-22,56
65,2024,11,0.4364670432542894,0.0,0.4158639339726525,0.5921985815602837,Nieuwpoort teller 2,Nieuwpoort,2022-06-24,57
116,2024,11,0.4557223707126553,0.0,0.3762798662017284,0.5780141843971631,Melle teller 2,Melle,2022-10-01,58
53,2024,11,0.3604527619401775,0.0,0.4454126443387848,0.5709219858156028,Brugge teller 1,Brugge,2022-06-02,59
109,2024,11,0.3510903612609283,0.0,0.4748273837569742,0.5709219858156028,Zemst,Zemst,2022-08-26,60
72,2024,11,0.4928197273734507,0.0,0.3545641993369141,0.5673758865248226,Herent teller 1,Herent,2022-07-07,61
76,2024,11,0.4163639175536963,0.0,0.4028700366527957,0.5673758865248226,Heverlee teller 2,Leuven,2022-07-07,62
48,2024,11,0.3587370755641734,0.0,0.4412317712371265,0.5531914893617021,As,As,2022-06-01,63
38,2024,11,0.4892656104324149,0.0,0.3498629398488966,0.549645390070922,Lommel teller 2,Lommel,2022-04-20,64
21,2024,11,0.4540050068834605,0.0,0.3606505436136162,0.549645390070922,Bilzen,Bilzen,2019-08-31,65
87,2024,11,0.3330002664705781,0.0,0.4425543289087185,0.5390070921985816,Aarschot,Aarschot,2022-07-16,66
129,2024,11,0.4682551097005187,0.0,0.3469931948991271,0.5212765957446809,Lokeren teller 2,Lokeren,2022-10-29,67
19,2024,11,0.4145677770903413,0.0,0.3621138873199397,0.5177304964539007,Aalst 1,Aalst,2019-08-22,68
37,2024,11,0.5064009019734237,1.0,0.3230030311397578,0.5070921985815603,Lommel teller 1,Lommel,2022-04-20,69
43,2024,11,0.4662427253913364,0.0,0.3428616135658827,0.5070921985815603,Maaseik teller 1,Maaseik,2022-04-28,70
60,2024,11,0.3701282547127754,0.0,0.3617132725940097,0.49645390070921985,Ardooie teller 2,Ardooie,2022-06-03,71
11,2024,11,0.4331658685304577,0.0,0.3494006165860003,0.4929078014184397,Aalst 3,Aalst,2019-08-22,72
75,2024,11,0.3668890068127031,0.0,0.3673547225088401,0.4929078014184397,Kortrijk teller 2,Kortrijk,2022-07-07,73
80,2024,4,0.4389826399254198,0.0,0.345131900812404,0.4858156028368794,Wemmel teller 1,Wemmel,2022-07-13,74
128,2024,11,0.4301544357603454,0.0,0.3487751224648591,0.4858156028368794,Lokeren teller 1,Lokeren,2022-10-29,75
94,2024,11,0.3723067296983782,0.0,0.3547615735068452,0.4787234042553191,Herentals teller 2,Herentals,2022-07-24,76
119,2024,11,0.2373576180442106,0.0,0.5999351929083538,0.4787234042553191,Gent teller 2,Gent,2022-10-04,77
51,2024,11,0.320657456506898,0.0,0.3777501591523646,0.4716312056737589,"Brugge, Sint-Andries",Brugge,2022-06-01,78
12,2024,11,0.0439252564859008,0.0,0.8352519937571514,0.4645390070921986,Tervuren,Kraainem,2019-08-22,79
74,2024,11,0.3475161224878269,0.0,0.3559560218077783,0.450354609929078,Kortrijk teller 1,Kortrijk,2022-07-07,80
10,2024,11,0.4119706723234804,0.0,0.3386807945680044,0.43971631205673756,Aalst 2,Aalst,2019-08-22,81
8,2024,11,0.4519113780301044,0.0,0.3077416790431106,0.4326241134751773,Heist op den Berg 1,Heist-op-den-Berg,2019-08-22,82
29,2024,11,0.4523972491172304,0.0,0.3059076343895671,0.42907801418439717,Tongeren,Tongeren,2022-04-14,83
63,2024,11,0.3685401265993441,0.0,0.3393113134372363,0.425531914893617,Nieuwpoort teller 3,Nieuwpoort,2022-06-24,84
49,2024,11,0.3424114370789771,0.0,0.3496876283745352,0.4219858156028369,Bokrijk,Genk,2022-06-01,85
44,2024,11,0.4207305763420128,0.0,0.2993976195607841,0.3900709219858156,Maaseik teller 2,Maaseik,2022-04-28,86
66,2024,11,0.357988170986552,0.0,0.3233949626577019,0.38652482269503546,Nieuwpoort totem,Nieuwpoort,2022-06-30,87
136,2024,11,0.2735701739711178,0.0,0.3715293692217799,0.38652482269503546,Gent R4,Gent,2023-03-01,88
9,2024,11,0.3170518246628107,0.0,0.3246364136561754,0.3617021276595745,Heist op den Berg 2,Heist-op-den-Berg,2019-08-22,89
28,2024,11,0.3303121795237051,0.0,0.3150406955078304,0.35106382978723405,Heers,Heers,2022-04-14,90
134,2024,11,0.2590322787868349,0.0,0.3570547121553346,0.34397163120567376,Retie,Dessel,2023-02-15,91
35,2024,11,0.3628847249221682,0.0,0.2957401492924008,0.3404255319148936,Lanaken teller 1,Lanaken,2022-04-15,92
57,2024,11,0.3126923327522954,0.0,0.3171397553938302,0.3404255319148936,Meulebeke teller 1,Meulebeke,2022-06-03,93
139,2024,11,0.2943355043395037,0.0,0.335776638355568,0.33687943262411346,Houthalen-Helchteren,Houthalen-Helchteren,2023-04-21,94
84,2024,11,0.2786373481268754,0.0,0.3461368576336909,0.33687943262411346,Roeselare totem,Izegem,2022-07-13,95
121,2024,11,0.2577544502354534,0.0,0.3559732875578783,0.33687943262411346,Zele teller 2,Zele,2022-10-05,96
95,2024,11,0.3921670890223007,0.0,0.2840405917791647,0.326241134751773,Lier teller 1,Lier,2022-07-26,97
31,2024,11,0.3676559869201106,0.0,0.2859462140114031,0.3226950354609929,Herk De Stad,Herk-de-Stad,2022-04-14,98
59,2024,11,0.2740473121968594,0.0,0.3424709358778123,0.3120567375886525,Ardooie teller 1,Ardooie,2022-06-03,99
30,2024,11,0.299979590252004,0.0,0.308192094014704,0.3049645390070922,Herk De Stad,Herk-de-Stad,2022-04-14,100
50,2024,11,0.305575429478776,0.0,0.3008912699023112,0.2978723404255319,"Brugge, Sint-Andries",Brugge,2022-06-01,101
123,2024,11,0.0200573113457534,0.0,0.3847922863421119,0.2978723404255319,Beveren teller 1,Beveren,2022-10-06,102
58,2024,11,0.2923961848707925,0.0,0.3066249928281285,0.2907801418439716,Meulebeke teller 2,Meulebeke,2022-06-03,103
34,2024,11,0.2754657898631313,0.0,0.318291596317613,0.2907801418439716,Heers teller 1,Heers,2022-04-15,104
61,2024,11,0.3316500264895736,0.0,0.2856147091873455,0.2801418439716312,Wervik teller 2,Wervik,2022-06-05,105
68,2024,11,0.2730946900911616,0.0,0.3102977122007858,0.2624113475177305,Ieper,Ieper,2022-06-30,106
67,2024,11,0.3148821505671222,0.0,0.2820358304437839,0.25531914893617025,Ieper totem,Ieper,2022-06-30,107
56,2024,11,0.2729409717128808,0.0,0.3100395267158519,0.25531914893617025,Torhout teller 2,Torhout,2022-06-02,108
62,2024,11,0.3103924533840502,0.0,0.2840078675935489,0.25177304964539005,Wervik teller 1,Wervik,2022-06-05,109
131,2024,11,0.2768289943137196,0.0,0.2992887073790027,0.25177304964539005,Nevele,Deinze,2023-01-25,110
96,2024,11,0.237606731618765,0.0,0.3271266158459151,0.24468085106382978,Lier teller 2,Lier,2022-07-26,111
79,2024,11,0.3059023456746447,0.0,0.2806761153524879,0.24113475177304963,Pepingen teller 2,Pepingen,2022-07-13,112
113,2024,11,0.2874986879136211,0.0,0.2874418851922432,0.2375886524822695,Deinze teller 2,Deinze,2022-09-21,113
55,2024,11,0.2677694302163868,0.0,0.3008995712629662,0.23404255319148937,Torhout teller 1,Torhout,2022-06-02,114
135,2024,11,0.2814694204529112,0.0,0.2858404690789645,0.22695035460992907,Retie 2,Dessel,2023-02-15,115
33,2024,11,0.302205057197412,0.0,0.2710823683510122,0.2127659574468085,Lummen,Lummen,2022-04-14,116
91,2024,11,0.260613830983561,0.0,0.2878146557080871,0.19858156028368795,Brecht teller 2,Brecht,2022-07-21,117
81,2024,11,0.3011977965243979,0.0,0.2640594185067062,0.1879432624113475,Wemmel teller 2,Wemmel,2022-07-13,118
106,2024,11,0.2911780406152428,0.0,0.2678427966504602,0.1879432624113475,St. pieters leeuw teller 1,Sint-Pieters-Leeuw,2022-08-04,119
36,2024,11,0.2750317162739583,0.0,0.2801522451633438,0.1879432624113475,Lanaken teller 2,Lanaken,2022-04-15,120
90,2024,11,0.2573168708064017,0.0,0.2875161919281731,0.18439716312056736,Brecht teller 1,Brecht,2022-07-21,121
93,2024,11,0.2302878603220598,0.0,0.2920076421040865,0.16666666666666669,Nijlen teller 2,Nijlen,2022-07-24,122
97,2024,11,0.2806343801457598,0.0,0.2643763070401725,0.16666666666666666,Geel teller 1,Geel,2022-07-26,123
92,2024,11,0.2137641332422849,0.0,0.289271927691937,0.1524822695035461,Nijlen teller 1,Nijlen,2022-07-24,124
98,2024,11,0.2735982298819756,0.0,0.2660940310219056,0.14893617021276595,Geel teller 2,Geel,2022-07-26,125
120,2024,11,0.1939206248405248,0.0,0.2990669891771171,0.14893617021276595,Zele teller 1,Zele,2022-10-05,126
86,2024,11,0.2436182126318654,0.0,0.2776600446235659,0.13120567375886524,Asse teller 2,Asse,2022-07-14,127
32,2024,11,0.2447566672799147,0.0,0.2705880860287075,0.12765957446808512,Lummen,Lummen,2022-04-14,128
104,2024,11,0.2306920199817273,0.0,0.2794982943757566,0.12056737588652483,Malle teller 2,Malle,2022-08-03,129
124,2024,11,0.0334846399620919,0.0,0.2890945121655728,0.11702127659574468,Beveren teller 2,Beveren,2022-10-06,130
103,2024,11,0.2210300003148668,0.0,0.2775821236015163,0.10638297872340424,Malle teller 1,Malle,2022-08-03,131
40,2024,11,0.2204009179546506,0.0,0.2746217116761169,0.09929078014184398,Peer teller 2,Peer,2022-04-20,132
78,2024,11,0.2442969733739272,0.0,0.2506753451774807,0.0851063829787234,Pepingen teller 1,Pepingen,2022-07-13,133
39,2024,11,0.2130523990246749,0.0,0.2664804338503015,0.07801418439716312,Peer teller 1,Peer,2022-04-20,134
114,2024,11,0.2441271916538946,0.0,0.2491580371461186,0.07446808510638299,Deinze teller 1,Nazareth,2022-09-21,135
105,2024,11,0.2406216833504103,0.0,0.2493786362562491,0.07092198581560283,St. pieters leeuw teller 2,Halle,2022-08-04,136
133,2024,11,0.1988664216970107,0.0,0.2614822551010198,0.05319148936170213,Gierde Lille Totem,Lille,2023-02-15,137
83,2024,11,0.1989785363220575,0.0,0.2514561230419602,0.04609929078014184,Beersel teller 2,Beersel,2022-07-13,138
85,2024,11,0.1759293726930293,0.0,0.2627121077190267,0.04609929078014184,Asse teller 1,Asse,2022-07-14,139
82,2024,11,0.1825891930598077,0.0,0.2526087696046104,0.03900709219858156,Beersel teller 1,Beersel,2022-07-13,140
132,2024,11,0.1443368932263282,0.0,0.2597609561777277,0.035460992907801414,Gierde lille,Lille,2023-02-15,141
