site_id,months_observed,total_crashes_500m,average_monthly_crashes_500m,total_cyclists,average_monthly_cyclists,crash_month_share,crashes_per_10000_cyclists,smoothed_crashes_per_10000_cyclists,naam,gemeente,datum_van,historical_risk_rank
42,31,33.0,1.064516129032258,136711.0,4410.032258064516,0.6774193548387096,2.413851116589009,2.273615210062134,Maasmechelen teller 2,Maasmechelen,2022-04-22,1
41,31,33.0,1.064516129032258,137032.0,4420.387096774193,0.6774193548387096,2.408196625605698,2.268644577777326,Maasmechelen teller 1,Maasmechelen,2022-04-22,2
105,28,9.0,0.32142857142857145,33608.0,1200.2857142857142,0.2857142857142857,2.677933825279695,2.1449776034323182,St. pieters leeuw teller 2,Halle,2022-08-04,3
106,28,9.0,0.32142857142857145,41229.0,1472.4642857142858,0.2857142857142857,2.1829294913774286,1.8246108394465133,St. pieters leeuw teller 1,Sint-Pieters-Leeuw,2022-08-04,4
99,29,20.0,0.6896551724137931,106055.0,3657.0689655172414,0.5172413793103449,1.8858139644524068,1.7531208520233064,Mechelen teller 1,Mechelen,2022-07-28,5
119,26,34.0,1.3076923076923077,235662.0,9063.923076923076,0.6923076923076923,1.4427442693348949,1.397799140743458,Gent teller 2,Gent,2022-10-04,6
144,1,1.0,1.0,0.0,0.0,1.0,,1.3373837991301039,test leuven,Leuven,2024-01-12,7
102,28,25.0,0.8928571428571429,204812.0,7314.714285714285,0.5714285714285714,1.2206316036169755,1.1793646588470543,Diest teller 2,Diest,2022-08-02,8
114,27,6.0,0.2222222222222222,48309.0,1789.2222222222222,0.2222222222222222,1.2420045954170031,1.085984638083797,Deinze teller 1,Nazareth,2022-09-21,9
14,62,32.0,0.5161290322580645,298466.0,4813.967741935484,0.3870967741935484,1.0721489214851943,1.0481381302888872,Genk,Genk,2019-08-22,10
111,27,36.0,1.3333333333333333,341529.0,12649.222222222223,0.7777777777777778,1.0540832550090915,1.0335192873508416,Zaventem totem,Zaventem,2022-09-02,11
101,28,26.0,0.9285714285714286,259178.0,9256.357142857143,0.5714285714285714,1.0031715654878115,0.97816588705687,Diest teller 1,Diest,2022-08-02,12
86,29,7.0,0.2413793103448276,67022.0,2311.103448275862,0.20689655172413793,1.0444331711975172,0.9516155664088477,Asse teller 2,Asse,2022-07-14,13
123,4,1.0,0.25,4287.0,1071.75,0.25,2.332633543270352,0.9302858229969868,Beveren teller 1,Beveren,2022-10-06,14
7,62,48.0,0.7741935483870968,526932.0,8498.90322580645,0.5483870967741935,0.91093347908269,0.9000857610284867,Evergem 1,Evergem,2019-08-22,15
6,62,48.0,0.7741935483870968,572198.0,9229.0,0.5483870967741935,0.8388704609243653,0.8300794601807716,Evergem 2,Evergem,2019-08-22,16
80,24,6.0,0.25,66573.0,2773.875,0.16666666666666666,0.9012662791221666,0.8262680833078397,Wemmel teller 1,Wemmel,2022-07-13,17
94,29,13.0,0.4482758620689655,151526.0,5225.0344827586205,0.3448275862068966,0.8579385715982736,0.8250658177760577,Herentals teller 2,Herentals,2022-07-24,18
81,29,6.0,0.20689655172413793,78720.0,2714.4827586206898,0.13793103448275862,0.7621951219512195,0.7128804278092566,Wemmel teller 2,Wemmel,2022-07-13,19
45,31,14.0,0.45161290322580644,191672.0,6182.967741935484,0.3548387096774194,0.7304144580324722,0.710293075037428,Pelt teller 1,Pelt,2022-04-30,20
24,62,42.0,0.6774193548387096,626183.0,10099.725806451614,0.532258064516129,0.6707304414204793,0.665275658080454,Tienen 1,Tienen,2019-08-31,21
58,29,4.0,0.13793103448275862,57904.0,1996.6896551724137,0.10344827586206896,0.6907985631389887,0.6366523199707249,Meulebeke teller 2,Meulebeke,2022-06-03,22
27,39,23.0,0.5897435897435898,357134.0,9157.28205128205,0.46153846153846156,0.6440159715960956,0.635274746547856,Grimbergen,Meise,2021-08-14,23
17,62,79.0,1.2741935483870968,1255273.0,20246.33870967742,0.7419354838709677,0.6293451703334653,0.6269234064912466,Kortrijk 2,Kortrijk,2019-08-22,24
4,62,17.0,0.27419354838709675,266711.0,4301.790322580645,0.24193548387096775,0.6373940332419735,0.6260288794632264,Balen 1,Balen,2019-08-22,25
120,26,6.0,0.23076923076923078,92240.0,3547.6923076923076,0.19230769230769232,0.6504770164787511,0.6184226270812706,Zele teller 1,Zele,2022-10-05,26
15,62,69.0,1.1129032258064515,1112283.0,17940.048387096773,0.6612903225806451,0.6203457213676735,0.6176939159731357,Oostende 2,Oostende,2019-08-22,27
74,29,15.0,0.5172413793103449,239470.0,8257.586206896553,0.3448275862068966,0.6263832630392115,0.6142088102018445,Kortrijk teller 1,Kortrijk,2022-07-07,28
16,62,79.0,1.2741935483870968,1288076.0,20775.41935483871,0.7419354838709677,0.6133178477046386,0.6110782687730714,Kortrijk 1,Kortrijk,2019-08-22,29
18,62,69.0,1.1129032258064515,1210534.0,19524.74193548387,0.6612903225806451,0.5699963817620983,0.5679622695558114,Oostende 1,Oostende,2019-08-22,30
5,62,17.0,0.27419354838709675,298175.0,4809.274193548387,0.24193548387096775,0.5701349878427098,0.5620704525846647,Balen 2,Balen,2019-08-22,31
116,27,13.0,0.48148148148148145,227089.0,8410.703703703704,0.37037037037037035,0.5724627789104713,0.5618819234954359,Melle teller 2,Melle,2022-10-01,32
25,54,50.0,0.9259259259259259,914241.0,16930.38888888889,0.5740740740740741,0.54690174691356,0.5444602414817343,Bree,Bree,2020-05-09,33
46,31,12.0,0.3870967741935484,221744.0,7153.032258064516,0.3225806451612903,0.5411645861894797,0.5316637062983715,Pelt teller 2,Pelt,2022-04-30,34
72,29,11.0,0.3793103448275862,205046.0,7070.551724137931,0.27586206896551724,0.5364649883440789,0.5264399752757395,Herent teller 1,Herent,2022-07-07,35
75,29,15.0,0.5172413793103449,291672.0,10057.655172413793,0.3448275862068966,0.5142763103760388,0.5078529942205506,Kortrijk teller 2,Kortrijk,2022-07-07,36
60,29,5.0,0.1724137931034483,95127.0,3280.2413793103447,0.1724137931034483,0.5256131277134778,0.5060990186962698,Ardooie teller 2,Ardooie,2022-06-03,37
12,49,26.0,0.5306122448979592,516383.0,10538.42857142857,0.3673469387755102,0.5035022454263599,0.5000226736088694,Tervuren,Kraainem,2019-08-22,38
83,29,3.0,0.10344827586206896,58543.0,2018.7241379310344,0.10344827586206896,0.5124438446953521,0.48437112340854216,Beersel teller 2,Beersel,2022-07-13,39
22,62,34.0,0.5483870967741935,711576.0,11477.032258064517,0.43548387096774194,0.477812629993142,0.4756234544402207,Tienen 2,Tienen,2019-08-31,40
28,31,3.0,0.0967741935483871,60957.0,1966.3548387096773,0.0967741935483871,0.49215020424233474,0.4678451297558151,Heers,Heers,2022-04-14,41
118,26,34.0,1.3076923076923077,727944.0,27997.846153846152,0.6923076923076923,0.467068895409537,0.46507095704814644,Gent teller 1,Gent,2022-10-04,42
117,27,13.0,0.48148148148148145,279684.0,10358.666666666666,0.37037037037037035,0.46481028589408047,0.4597949788955666,Melle teller 1,Melle,2022-10-01,43
34,31,3.0,0.0967741935483871,63764.0,2056.9032258064517,0.0967741935483871,0.4704849131171194,0.44999259640945977,Heers teller 1,Heers,2022-04-15,44
77,29,36.0,1.2413793103448276,797162.0,27488.344827586207,0.6551724137931034,0.4516020583018257,0.4499632637715299,Leuven teller 2,Leuven,2022-07-07,45
57,29,4.0,0.13793103448275862,86206.0,2972.6206896551726,0.10344827586206896,0.46400482565018675,0.4489641456022298,Meulebeke teller 1,Meulebeke,2022-06-03,46
126,26,16.0,0.6153846153846154,359530.0,13828.076923076924,0.5769230769230769,0.44502544989291576,0.4416192187351248,Hamme totem,Hamme,2022-10-25,47
115,27,23.0,0.8518518518518519,520736.0,19286.51851851852,0.6666666666666666,0.44168254163338044,0.4393730457383441,Aalter,Aalter,2022-10-01,48
78,29,3.0,0.10344827586206896,68457.0,2360.5862068965516,0.06896551724137931,0.4382312984793374,0.4230057491125389,Pepingen teller 1,Pepingen,2022-07-13,49
88,29,10.0,0.3448275862068966,238102.0,8210.413793103447,0.27586206896551724,0.4199880723387456,0.41590280049366196,Westerlo teller 1,Westerlo,2022-07-16,50
129,26,9.0,0.34615384615384615,219261.0,8433.115384615385,0.2692307692307692,0.4104697141762557,0.40645549867687397,Lokeren teller 2,Lokeren,2022-10-29,51
23,62,45.0,0.7258064516129032,1114564.0,17976.83870967742,0.5806451612903226,0.40374532104033506,0.4029861244575722,Tienen 3,Tienen,2019-08-31,52
128,26,9.0,0.34615384615384615,223375.0,8591.346153846154,0.2692307692307692,0.4029099048684947,0.39928413373065774,Lokeren teller 1,Lokeren,2022-10-29,53
65,29,21.0,0.7241379310344828,539366.0,18598.827586206895,0.5172413793103449,0.3893460099450095,0.38804849272879716,Nieuwpoort teller 2,Nieuwpoort,2022-06-24,54
70,29,11.0,0.3793103448275862,294571.0,10157.620689655172,0.3448275862068966,0.37342440362425355,0.3715957859764202,Kampenhout teller 1,Kampenhout,2022-07-07,55
55,29,5.0,0.1724137931034483,135949.0,4687.896551724138,0.1724137931034483,0.3677849781903508,0.36434524831420567,Torhout teller 1,Torhout,2022-06-02,56
29,31,4.0,0.12903225806451613,109486.0,3531.8064516129034,0.12903225806451613,0.3653435142392635,0.3613411890946121,Tongeren,Tongeren,2022-04-14,57
59,29,4.0,0.13793103448275862,110120.0,3797.2413793103447,0.13793103448275862,0.3632401017072285,0.3594307738149301,Ardooie teller 1,Ardooie,2022-06-03,58
71,29,11.0,0.3793103448275862,306965.0,10585.0,0.3448275862068966,0.3583470428224716,0.35705627226849873,Kampenhout teller 2,Kampenhout,2022-07-07,59
127,26,13.0,0.5,370909.0,14265.73076923077,0.34615384615384615,0.35049028198291227,0.3496184856488232,Geel totem,Westerlo,2022-10-26,60
82,29,2.0,0.06896551724137931,56526.0,1949.1724137931035,0.06896551724137931,0.3538194813006404,0.34832342550685,Beersel teller 1,Beersel,2022-07-13,61
136,22,8.0,0.36363636363636365,228956.0,10407.09090909091,0.3181818181818182,0.3494121141179965,0.34806622082775285,Gent R4,Gent,2023-03-01,62
3,62,40.0,0.6451612903225806,1170432.0,18877.935483870966,0.43548387096774194,0.3417541557305337,0.3415454552980021,Brasschaat 1,Brasschaat,2019-08-22,63
69,29,68.0,2.3448275862068964,1993799.0,68751.68965517242,0.896551724137931,0.3410574486194446,0.3409379190501167,Leuven teller 1,Leuven,2022-07-07,64
10,62,18.0,0.2903225806451613,529926.0,8547.193548387097,0.22580645161290322,0.3396700671414499,0.3392515234924949,Aalst 2,Aalst,2019-08-22,65
76,29,8.0,0.27586206896551724,243727.0,8404.379310344828,0.2413793103448276,0.3282361002268932,0.3277868930816199,Heverlee teller 2,Leuven,2022-07-07,66
49,30,10.0,0.3333333333333333,322550.0,10751.666666666666,0.3,0.3100294527980158,0.3102234577110879,Bokrijk,Genk,2022-06-01,67
124,25,7.0,0.28,228990.0,9159.6,0.28,0.30569020481243725,0.3061382464594023,Beveren teller 2,Beveren,2022-10-06,68
56,29,5.0,0.1724137931034483,164867.0,5685.068965517241,0.1724137931034483,0.30327476086785105,0.30402276599391437,Torhout teller 2,Torhout,2022-06-02,69
21,62,14.0,0.22580645161290322,462798.0,7464.4838709677415,0.1774193548387097,0.30250778957558155,0.30280013920639803,Bilzen,Bilzen,2019-08-31,70
2,62,38.0,0.6129032258064516,1274996.0,20564.451612903227,0.4032258064516129,0.2980401507141983,0.298181753386775,Brasschaat 2,Brasschaat,2019-08-22,71
53,29,10.0,0.3448275862068966,337297.0,11630.931034482759,0.27586206896551724,0.29647462029013005,0.2970429592838185,Brugge teller 1,Brugge,2022-06-02,72
26,39,18.0,0.46153846153846156,618625.0,15862.179487179486,0.41025641025641024,0.2909678722974338,0.2913676256910021,Zaventem,Zaventem,2021-08-06,73
125,26,26.0,1.0,931966.0,35844.846153846156,0.5384615384615384,0.2789801344684248,0.27937158295024284,Dendermonde totem,Dendermonde,2022-10-22,74
113,27,5.0,0.18518518518518517,182320.0,6752.592592592592,0.18518518518518517,0.27424308907415534,0.27640353841641957,Deinze teller 2,Deinze,2022-09-21,75
54,29,10.0,0.3448275862068966,368707.0,12714.034482758621,0.27586206896551724,0.2712180674627821,0.2723929379468831,Brugge teller 2,Brugge,2022-06-02,76
140,19,29.0,1.5263157894736843,1094415.0,57600.78947368421,0.631578947368421,0.26498174823992726,0.2654398006072008,Hasselt ring,Hasselt,2023-05-04,77
67,29,7.0,0.2413793103448276,267089.0,9209.965517241379,0.20689655172413793,0.2620849230031937,0.2640141155393766,Ieper totem,Ieper,2022-06-30,78
68,29,7.0,0.2413793103448276,271224.0,9352.551724137931,0.20689655172413793,0.2580892546382326,0.2601293513753554,Ieper,Ieper,2022-06-30,79
48,30,14.0,0.4666666666666667,548107.0,18270.233333333334,0.26666666666666666,0.255424579507286,0.25649898304667035,As,As,2022-06-01,80
9,62,17.0,0.27419354838709675,666557.0,10750.91935483871,0.24193548387096775,0.25504195440149907,0.2559337393658465,Heist op den Berg 2,Heist-op-den-Berg,2019-08-22,81
11,62,18.0,0.2903225806451613,708050.0,11420.161290322581,0.24193548387096775,0.2542193347927406,0.2550707991028417,Aalst 3,Aalst,2019-08-22,82
38,31,6.0,0.1935483870967742,241795.0,7799.8387096774195,0.12903225806451613,0.24814408900101326,0.2508100646809533,Lommel teller 2,Lommel,2022-04-20,83
47,30,15.0,0.5,621803.0,20726.766666666666,0.4666666666666667,0.2412339599519462,0.24240310574688242,Vilvoorde,Vilvoorde,2022-05-19,84
122,26,23.0,0.8846153846153846,966453.0,37171.269230769234,0.5,0.23798363707288403,0.23877265021716074,Dendermonde teller 2,Dendermonde,2022-10-05,85
1,62,17.0,0.27419354838709675,721774.0,11641.516129032258,0.25806451612903225,0.2355307894160776,0.23661653987985856,Machelen,Machelen,2019-08-22,86
8,62,13.0,0.20967741935483872,552929.0,8918.209677419354,0.20967741935483872,0.2351115604354266,0.23653038717488023,Heist op den Berg 1,Heist-op-den-Berg,2019-08-22,87
97,29,7.0,0.2413793103448276,309891.0,10685.896551724138,0.2413793103448276,0.22588587600156185,0.22866605791023442,Geel teller 1,Geel,2022-07-26,88
139,20,6.0,0.3,267754.0,13387.7,0.25,0.22408628816002749,0.22735206886018244,Houthalen-Helchteren,Houthalen-Helchteren,2023-04-21,89
37,31,5.0,0.16129032258064516,243479.0,7854.1612903225805,0.12903225806451613,0.2053565194534231,0.20965975938524675,Lommel teller 1,Lommel,2022-04-20,90
112,27,9.0,0.3333333333333333,439214.0,16267.185185185184,0.2222222222222222,0.20491150099951277,0.20734855952851453,Geel teller 2,Westerlo,2022-09-06,91
137,20,23.0,1.15,1120640.0,56032.0,0.75,0.20523986293546545,0.2062050193780704,Hasselt-Kempische brug,Hasselt,2023-04-19,92
138,20,23.0,1.15,1139955.0,56997.75,0.85,0.20176235026821235,0.2027409230500487,Hasselt-Kempische brug,Hasselt,2023-04-20,93
98,29,6.0,0.20689655172413793,304024.0,10483.586206896553,0.20689655172413793,0.19735284056521854,0.20107571171474797,Geel teller 2,Geel,2022-07-26,94
79,29,3.0,0.10344827586206896,162790.0,5613.448275862069,0.06896551724137931,0.1842865040850175,0.1917976225729015,Pepingen teller 2,Pepingen,2022-07-13,95
121,26,5.0,0.19230769230769232,277530.0,10674.23076923077,0.15384615384615385,0.18016070334738588,0.18481302764686885,Zele teller 2,Zele,2022-10-05,96
13,62,25.0,0.4032258064516129,1368476.0,22072.1935483871,0.3064516129032258,0.18268497218803983,0.18363689356653207,Gent,Gent,2019-08-22,97
39,31,3.0,0.0967741935483871,171147.0,5520.870967741936,0.0967741935483871,0.1752879103928202,0.18293931745643288,Peer teller 1,Peer,2022-04-20,98
31,31,6.0,0.1935483870967742,339716.0,10958.58064516129,0.1935483870967742,0.17661811630891686,0.18054198458761292,Herk De Stad,Herk-de-Stad,2022-04-14,99
30,31,6.0,0.1935483870967742,340750.0,10991.935483870968,0.1935483870967742,0.1760821716801174,0.18000944350657636,Herk De Stad,Herk-de-Stad,2022-04-14,100
52,30,13.0,0.43333333333333335,794678.0,26489.266666666666,0.36666666666666664,0.16358827097264553,0.1654517083986852,Brugge,Brugge,2022-06-01,101
96,29,4.0,0.13793103448275862,255882.0,8823.51724137931,0.13793103448275862,0.15632205469708693,0.16223247416775563,Lier teller 2,Lier,2022-07-26,102
36,31,3.0,0.0967741935483871,203556.0,6566.322580645161,0.0967741935483871,0.14737959087425573,0.15515018754492244,Lanaken teller 2,Lanaken,2022-04-15,103
100,29,20.0,0.6896551724137931,1304366.0,44978.137931034486,0.5172413793103449,0.15333119691865627,0.15454837616213982,Mechelen teller 2,Mechelen,2022-07-28,104
103,28,2.0,0.07142857142857142,141910.0,5068.214285714285,0.07142857142857142,0.1409343950391093,0.15227877769362594,Malle teller 1,Malle,2022-08-03,105
73,29,11.0,0.3793103448275862,733010.0,25276.206896551725,0.27586206896551724,0.15006616553662297,0.15226264227383318,Herent teller 2,Herent,2022-07-07,106
132,22,1.0,0.045454545454545456,79536.0,3615.2727272727275,0.045454545454545456,0.12572922953128143,0.1466619694755891,Gierde lille,Lille,2023-02-15,107
85,29,1.0,0.034482758620689655,79654.0,2746.689655172414,0.034482758620689655,0.12554297335978104,0.14646849808752396,Asse teller 1,Asse,2022-07-14,108
104,28,2.0,0.07142857142857142,149240.0,5330.0,0.07142857142857142,0.13401232913428035,0.14526024144254973,Malle teller 2,Malle,2022-08-03,109
89,29,10.0,0.3448275862068966,700964.0,24171.172413793105,0.27586206896551724,0.1426606787224451,0.14505825856695478,Westerlo teller 2,Westerlo,2022-07-16,110
110,28,12.0,0.42857142857142855,841546.0,30055.214285714286,0.32142857142857145,0.14259470070560612,0.14459712793403132,Herentals totem,Herentals,2022-08-31,111
19,62,14.0,0.22580645161290322,981020.0,15822.90322580645,0.1935483870967742,0.14270860940653604,0.14442803524989548,Aalst 1,Aalst,2019-08-22,112
133,22,1.0,0.045454545454545456,83904.0,3813.818181818182,0.045454545454545456,0.11918382913806255,0.1398250851188421,Gierde Lille Totem,Lille,2023-02-15,113
90,29,2.0,0.06896551724137931,155863.0,5374.586206896552,0.06896551724137931,0.12831781757055877,0.13945279557271428,Brecht teller 1,Brecht,2022-07-21,114
91,29,2.0,0.06896551724137931,158001.0,5448.310344827586,0.06896551724137931,0.12658147733242195,0.13767595100152302,Brecht teller 2,Brecht,2022-07-21,115
63,29,8.0,0.27586206896551724,617793.0,21303.206896551725,0.2413793103448276,0.12949321212768677,0.13241407064359437,Nieuwpoort teller 3,Nieuwpoort,2022-06-24,116
43,31,5.0,0.16129032258064516,393839.0,12704.483870967742,0.16129032258064516,0.12695543102638387,0.1315584986656973,Maaseik teller 1,Maaseik,2022-04-28,117
108,28,8.0,0.2857142857142857,626931.0,22390.39285714286,0.25,0.12760574927703366,0.13051372900994235,Heverlee teller 1,Leuven,2022-08-25,118
143,12,19.0,1.5833333333333333,1530083.0,127506.91666666667,0.75,0.12417627017619305,0.12540051373382013,Eco Display Classic Budastraat,Kortrijk,2023-12-08,119
44,31,5.0,0.16129032258064516,430772.0,13895.870967741936,0.16129032258064516,0.11607068240275598,0.12052990712721873,Maaseik teller 2,Maaseik,2022-04-28,120
95,29,3.0,0.10344827586206896,269521.0,9293.827586206897,0.10344827586206896,0.11130858077849222,0.11850915316146703,Lier teller 1,Lier,2022-07-26,121
40,31,2.0,0.06451612903225806,185712.0,5990.709677419355,0.06451612903225806,0.10769363315240803,0.11816202563150995,Peer teller 2,Peer,2022-04-20,122
20,62,12.0,0.1935483870967742,1064138.0,17163.516129032258,0.14516129032258066,0.1127673290494278,0.11462680488258647,Brugge,Brugge,2019-08-22,123
107,28,38.0,1.3571428571428572,3466478.0,123802.78571428571,0.6785714285714286,0.10962135054657782,0.11020466893169055,leuven totem,Leuven,2022-08-23,124
64,29,21.0,0.7241379310344828,2031903.0,70065.62068965517,0.4827586206896552,0.10335139029766677,0.10437465473649676,Nieuwpoort teller 1,Nieuwpoort,2022-06-24,125
134,22,2.0,0.09090909090909091,236494.0,10749.727272727272,0.09090909090909091,0.08456874170169222,0.09379850375137515,Retie,Dessel,2023-02-15,126
66,29,9.0,0.3103448275862069,996738.0,34370.275862068964,0.2413793103448276,0.09029454079206371,0.09249725706190703,Nieuwpoort totem,Nieuwpoort,2022-06-30,127
87,29,5.0,0.1724137931034483,639625.0,22056.03448275862,0.1724137931034483,0.07817080320500293,0.08176766612774303,Aarschot,Aarschot,2022-07-16,128
62,29,3.0,0.10344827586206896,425723.0,14680.103448275862,0.10344827586206896,0.07046835618465529,0.07600504773765139,Wervik teller 1,Wervik,2022-06-05,129
61,29,3.0,0.10344827586206896,426100.0,14693.103448275862,0.10344827586206896,0.07040600797934757,0.07593931217199051,Wervik teller 2,Wervik,2022-06-05,130
142,2,1.0,0.5,184494.0,92247.0,0.5,0.05420230468199508,0.06743345860028187,TEST Validatie BRUGGE Y2H22022134,Brugge,2023-10-24,131
109,28,7.0,0.25,1204089.0,43003.17857142857,0.21428571428571427,0.05813523751151285,0.06022123205868928,Zemst,Zemst,2022-08-26,132
35,31,2.0,0.06451612903225806,375528.0,12113.806451612903,0.06451612903225806,0.05325834558275282,0.05995383212896679,Lanaken teller 1,Lanaken,2022-04-15,133
131,23,1.0,0.043478260869565216,216777.0,9425.08695652174,0.043478260869565216,0.04613035515760436,0.05782529902295751,Nevele,Deinze,2023-01-25,134
135,22,1.0,0.045454545454545456,234345.0,10652.045454545454,0.045454545454545456,0.04267212869914016,0.05366429053716006,Retie 2,Dessel,2023-02-15,135
50,30,2.0,0.06666666666666667,430694.0,14356.466666666667,0.06666666666666667,0.046436681263263474,0.05244535441326898,"Brugge, Sint-Andries",Brugge,2022-06-01,136
92,29,1.0,0.034482758620689655,261831.0,9028.655172413793,0.034482758620689655,0.03819257459964634,0.048233998355019514,Nijlen teller 1,Nijlen,2022-07-24,137
93,29,1.0,0.034482758620689655,268285.0,9251.206896551725,0.034482758620689655,0.037273794658665226,0.047114534365565716,Nijlen teller 2,Nijlen,2022-07-24,138
51,30,2.0,0.06666666666666667,545337.0,18177.9,0.06666666666666667,0.036674570036509535,0.04161463934022728,"Brugge, Sint-Andries",Brugge,2022-06-01,139
33,31,0.0,0.0,70059.0,2259.967741935484,0.0,0.0,0.038841161700547404,Lummen,Lummen,2022-04-14,140
32,31,0.0,0.0,71335.0,2301.1290322580644,0.0,0.0,0.03823028525514829,Lummen,Lummen,2022-04-14,141
84,29,1.0,0.034482758620689655,434201.0,14972.448275862069,0.034482758620689655,0.023030808312279338,0.029508455313775557,Roeselare totem,Izegem,2022-07-13,142
