site_id,site_name,site_gemeente,bike_crash_count_1km,nearest_crash_distance_km,average_crash_distance_km
144,test leuven,Leuven,398,0.02838110259643007,0.6314517966868082
69,Leuven teller 1,Leuven,392,0.018620169846780547,0.6253318464619751
77,Leuven teller 2,Leuven,348,0.047272627550616356,0.709308229513178
143,Eco Display Classic Budastraat,Kortrijk,331,0.004671751431893508,0.6269743929328598
107,leuven totem,Leuven,325,0.0645927576653999,0.7096995661069049
151,Leuven,District Leuven,241,0.1445523307409489,0.7144261449372841
140,Hasselt ring,Hasselt,208,0.020636890745595816,0.6120220150347749
16,Kortrijk 1,Kortrijk,172,0.053769875600611625,0.6222075835430234
17,Kortrijk 2,Kortrijk,171,0.048636791559532454,0.621756445547709
122,Dendermonde teller 2,Dendermonde,143,0.061820587917849106,0.6625099573337325
75,Kortrijk teller 2,Kortrijk,142,0.029325817037671672,0.7224467038277842
74,Kortrijk teller 1,Kortrijk,142,0.04430739062769007,0.7319278982794614
125,Dendermonde totem,Dendermonde,141,0.016533188250177907,0.6466066339370744
138,Hasselt-Kempische brug,Hasselt,124,0.16912559892755244,0.6619701387825726
137,Hasselt-Kempische brug,Hasselt,116,0.22126583413243234,0.6551903425800155
119,Gent teller 2,Gent,111,0.008438540033756414,0.5412352311937632
118,Gent teller 1,Gent,111,0.015731749728242324,0.5378857834083596
15,Oostende 2,Oostende,102,0.01581721167426718,0.6293360696635458
13,Gent,Gent,97,0.02192997927259352,0.7386169666396196
18,Oostende 1,Oostende,97,0.01291358954251515,0.6103348003539392
14,Genk,Genk,78,0.202922220805461,0.7955459644588349
25,Bree,Bree,77,0.06244538394889952,0.5466733683936097
99,Mechelen teller 1,Mechelen,74,0.06453752992708554,0.5651842889938133
100,Mechelen teller 2,Mechelen,74,0.07049801373428972,0.5680843279326558
6,Evergem 2,Evergem,70,0.15121327064918383,0.5259322803809818
7,Evergem 1,Evergem,70,0.1440118841298681,0.5248744501130559
142,TEST Validatie BRUGGE Y2H22022134,Brugge,69,0.0484342491092603,0.6333607456733888
52,Brugge,Brugge,69,0.0484342491092603,0.6333607456733888
22,Tienen 2,Tienen,67,0.057237242823281576,0.582019176559271
101,Diest teller 1,Diest,65,0.02284171269759095,0.5589332397359333
102,Diest teller 2,Diest,65,0.03390156275509915,0.5658203380788681
23,Tienen 3,Tienen,64,0.04111807954214671,0.542281682807922
10,Aalst 2,Aalst,64,0.1309027217619533,0.7449459949323648
24,Tienen 1,Tienen,62,0.009770190624328684,0.5387656368066298
126,Hamme totem,Hamme,61,0.05251729009160452,0.7317591523621438
11,Aalst 3,Aalst,58,0.06176513268917769,0.7885855314225395
64,Nieuwpoort teller 1,Nieuwpoort,58,0.08289435528707362,0.5645380064875807
54,Brugge teller 2,Brugge,57,0.06538894441693058,0.7321334469803633
65,Nieuwpoort teller 2,Nieuwpoort,56,0.06265144275540734,0.5086732475352846
53,Brugge teller 1,Brugge,55,0.059950975093986066,0.7319591829385507
19,Aalst 1,Aalst,53,0.13193777193197367,0.7943752106786932
116,Melle teller 2,Melle,52,0.19925192363540806,0.5757077695667027
117,Melle teller 1,Melle,52,0.19925192363540806,0.5757077695667027
46,Pelt teller 2,Pelt,51,0.02971415273591269,0.6393537050179593
45,Pelt teller 1,Pelt,51,0.05287627819531873,0.6503887138995262
42,Maasmechelen teller 2,Maasmechelen,44,0.052226217022887544,0.6294149907235013
41,Maasmechelen teller 1,Maasmechelen,44,0.030783648186253128,0.6236007336759648
66,Nieuwpoort totem,Nieuwpoort,43,0.24641590435926183,0.6330809506964814
63,Nieuwpoort teller 3,Nieuwpoort,39,0.3319896417764152,0.6765938119889177
128,Lokeren teller 1,Lokeren,37,0.05619099540831618,0.6225536389004941
129,Lokeren teller 2,Lokeren,36,0.03133475586871895,0.6330634621302492
89,Westerlo teller 2,Westerlo,32,0.06785786446359623,0.5936810504193534
88,Westerlo teller 1,Westerlo,32,0.05625248740143969,0.5899771071340342
2,Brasschaat 2,Brasschaat,31,0.048811856872344676,0.6011266040686528
111,Zaventem totem,Zaventem,31,0.18138236560655402,0.8344886939571761
68,Ieper,Ieper,30,0.16627114411565205,0.5605015145255837
67,Ieper totem,Ieper,30,0.18187358136331103,0.5583132052113202
136,Gent R4,Gent,29,0.20741498980610706,0.6964863322203036
47,Vilvoorde,Vilvoorde,28,0.36116856830905303,0.7645212127918847
94,Herentals teller 2,Herentals,27,0.0287625808732144,0.5339442156086409
55,Torhout teller 1,Torhout,27,0.149574239944794,0.5532722231955737
139,Houthalen-Helchteren,Houthalen-Helchteren,27,0.3614251195065059,0.8400632644774861
56,Torhout teller 2,Torhout,27,0.14577638376367227,0.5537765124225706
109,Zemst,Zemst,26,0.27114872572733695,0.6082142172054522
110,Herentals totem,Herentals,26,0.1026517332316727,0.5256090554819476
3,Brasschaat 1,Brasschaat,26,0.03381275850024138,0.5331569686870032
43,Maaseik teller 1,Maaseik,25,0.01700078575125704,0.5568240554105409
146,Overijse 2,District Vilvoorde-gewestwegen,25,0.19034342994347628,0.574192167237814
120,Zele teller 1,Zele,25,0.05525561468912599,0.3433171905123661
44,Maaseik teller 2,Maaseik,25,0.02430369582660021,0.5538123901406823
9,Heist op den Berg 2,Heist-op-den-Berg,24,0.06452259779731256,0.5717866530138486
121,Zele teller 2,Zele,24,0.02170435963800901,0.32070909063387104
70,Kampenhout teller 1,Kampenhout,24,0.1901865516471831,0.5106286001657777
71,Kampenhout teller 2,Kampenhout,24,0.15716749015911824,0.5162019539777918
145,Overijse,District Vilvoorde-gewestwegen,24,0.12653254794415708,0.5289254840922593
115,Aalter,Aalter,24,0.026961428983974255,0.4820557211260886
124,Beveren teller 2,Beveren,22,0.05894547748349357,0.5512955644378367
123,Beveren teller 1,Beveren,22,0.06204198776567474,0.5557591680725232
30,Herk De Stad,Herk-de-Stad,22,0.06752999637106614,0.793165385587789
38,Lommel teller 2,Lommel,21,0.01368120758983138,0.5217686830511706
97,Geel teller 1,Geel,21,0.04860461669169923,0.6220813498337249
98,Geel teller 2,Geel,21,0.07680893683120989,0.6174120505172358
37,Lommel teller 1,Lommel,21,0.020727290223475005,0.5204548697866931
51,"Brugge, Sint-Andries",Brugge,19,0.5716486204614173,0.8101753489644353
84,Roeselare totem,Izegem,19,0.31476939796073533,0.7277671029507006
50,"Brugge, Sint-Andries",Brugge,19,0.5612023635135949,0.8106150162926385
127,Geel totem,Westerlo,18,0.23958405816516976,0.6768825537897479
113,Deinze teller 2,Deinze,17,0.15507235690539714,0.4360982975572351
114,Deinze teller 1,Nazareth,17,0.13910552742198876,0.4265405835146359
60,Ardooie teller 2,Ardooie,17,0.29166929023480803,0.7322741738387434
8,Heist op den Berg 1,Heist-op-den-Berg,17,0.2203671086322294,0.6175217349769699
59,Ardooie teller 1,Ardooie,17,0.2508276650469277,0.6934900531174412
62,Wervik teller 1,Wervik,16,0.02985968524690711,0.6441609557493541
95,Lier teller 1,Lier,16,0.05114385794910293,0.6337293663164195
96,Lier teller 2,Lier,16,0.042052272668087566,0.6260998197986022
112,Geel teller 2,Westerlo,15,0.35706104590946963,0.7067904722974413
26,Zaventem,Zaventem,14,0.20250759494466294,0.521413421030156
21,Bilzen,Bilzen,14,0.19893914016359154,0.5762270771218185
31,Herk De Stad,Herk-de-Stad,14,0.0300005173127875,0.6989648861402751
72,Herent teller 1,Herent,13,0.018331413873627384,0.4551862838977451
61,Wervik teller 2,Wervik,13,0.01941670133924577,0.5569015545974353
73,Herent teller 2,Herent,13,0.01616298835069047,0.45530476266902953
12,Tervuren,Kraainem,13,0.17473059259368434,0.6154333884382193
147,Overijse,District Vilvoorde-gewestwegen,13,0.6869005019460444,0.8073814648291905
135,Retie 2,Dessel,12,0.2560627783892059,0.5187999310867232
134,Retie,Dessel,12,0.2548531432966475,0.5255871050524493
48,As,As,12,0.09461223862179018,0.3822756567452983
141,Test site A support,Lokeren,12,0.40884002358239907,0.6798671174148897
87,Aarschot,Aarschot,12,0.02607064236629949,0.5639616241416445
105,St. pieters leeuw teller 2,Halle,11,0.32331416790193107,0.5784701201102287
27,Grimbergen,Meise,11,0.22821475820148715,0.39817011684680353
106,St. pieters leeuw teller 1,Sint-Pieters-Leeuw,11,0.3490624572356681,0.5759184343761963
108,Heverlee teller 1,Leuven,10,0.031025719849177923,0.6646054612483246
49,Bokrijk,Genk,10,0.06256988158124158,0.40827738167401517
80,Wemmel teller 1,Wemmel,10,0.5337204886346066,0.732944816010958
152,Opwijk,District Vilvoorde-gewestwegen,10,0.08082439130923798,0.685624769463568
131,Nevele,Deinze,9,0.5851726280920826,0.8288569675328158
76,Heverlee teller 2,Leuven,9,0.0977861161812554,0.6646227619878914
93,Nijlen teller 2,Nijlen,9,0.07710784450357656,0.595731962114415
92,Nijlen teller 1,Nijlen,9,0.08258608552870263,0.5963644966205979
86,Asse teller 2,Asse,9,0.29650924040765597,0.7677106962116294
81,Wemmel teller 2,Wemmel,9,0.5552727833736156,0.7174575079003054
1,Machelen,Machelen,8,0.5972105578423624,0.7740767750257779
132,Gierde lille,Lille,8,0.23393355660876358,0.6581365984723263
133,Gierde Lille Totem,Lille,8,0.24531899223905507,0.6503572273998521
20,Brugge,Brugge,8,0.47221115852026085,0.7203639456738161
40,Peer teller 2,Peer,7,0.2477527759015075,0.7053658707205487
39,Peer teller 1,Peer,7,0.19687785503830854,0.6942132310586951
91,Brecht teller 2,Brecht,6,0.18596426347869235,0.6614206477240058
90,Brecht teller 1,Brecht,6,0.19494489153485464,0.6663635792995035
4,Balen 1,Balen,6,0.3110117707731504,0.45577806030674345
5,Balen 2,Balen,6,0.30998746407820976,0.45466737425827314
148,Hoeilaart,District Leuven,5,0.25424150716695254,0.6197272269833316
104,Malle teller 2,Malle,5,0.225680341171791,0.6063836643977808
103,Malle teller 1,Malle,5,0.22694534139283465,0.6072215921094897
57,Meulebeke teller 1,Meulebeke,4,0.11122304491530548,0.4045671588742777
78,Pepingen teller 1,Pepingen,4,0.014930343558190519,0.34548340259007115
36,Lanaken teller 2,Lanaken,4,0.30484791162588665,0.6938515712511762
34,Heers teller 1,Heers,4,0.16947976313789306,0.39968647029430715
28,Heers,Heers,4,0.17287455442536087,0.40047114300563974
79,Pepingen teller 2,Pepingen,4,0.029615318746782908,0.3551360370106622
85,Asse teller 1,Asse,4,0.24214427931159732,0.7268875924007474
58,Meulebeke teller 2,Meulebeke,4,0.14745839361951682,0.43781801618528654
35,Lanaken teller 1,Lanaken,3,0.23383814701900316,0.5297034789863179
33,Lummen,Lummen,2,0.5451392331961485,0.6409828501289709
32,Lummen,Lummen,2,0.5397215116978911,0.6463476320902313
82,Beersel teller 1,Beersel,1,0.09529333594974562,0.09529333594974562
83,Beersel teller 2,Beersel,1,0.04210945741063776,0.04210945741063776
