site_id,site_name,site_gemeente,crash_count_2_5km,nearest_crash_distance_km,average_crash_distance_km
13,Gent,Gent,2112,0.02192997927259352,1.69642321278955
77,Leuven teller 2,Leuven,2107,0.02784825948287718,1.437813194756855
107,leuven totem,Leuven,2092,0.015263472992629538,1.4512887431081565
144,test leuven,Leuven,2049,0.02838110259643007,1.321597497078346
69,Leuven teller 1,Leuven,2049,0.018620169846780547,1.3203568719792171
17,Kortrijk 2,Kortrijk,1803,0.02311100964587884,1.4656815589978984
16,Kortrijk 1,Kortrijk,1799,0.02934198139172384,1.462241688313211
151,Leuven,District Leuven,1711,0.12262838530089128,1.5709636524132211
143,Eco Display Classic Budastraat,Kortrijk,1670,0.004671751431893508,1.2905331903039208
74,Kortrijk teller 1,Kortrijk,1666,0.04430739062769007,1.5430594101415442
75,Kortrijk teller 2,Kortrijk,1664,0.029325817037671672,1.5353615910652907
140,Hasselt ring,Hasselt,1404,0.020636890745595816,1.3238573467964527
118,Gent teller 1,Gent,1394,0.015731749728242324,1.6640871624931228
119,Gent teller 2,Gent,1380,0.008438540033756414,1.662443222128641
15,Oostende 2,Oostende,1326,0.015484989460337049,1.532384273326261
18,Oostende 1,Oostende,1324,0.012594937334786543,1.5335814374454428
47,Vilvoorde,Vilvoorde,1254,0.02772566646271389,1.6639953813093635
52,Brugge,Brugge,1236,0.036539506229796,1.7384142264466116
142,TEST Validatie BRUGGE Y2H22022134,Brugge,1236,0.036539506229796,1.7384142264466116
138,Hasselt-Kempische brug,Hasselt,1232,0.010017345397112389,1.389827593209705
137,Hasselt-Kempische brug,Hasselt,1222,0.04404648825662453,1.4086910442693512
11,Aalst 3,Aalst,1220,0.061230249537184575,1.5976919140710324
10,Aalst 2,Aalst,1198,0.03329113394148211,1.5850766865877874
54,Brugge teller 2,Brugge,1191,0.04627764296356805,1.722475917666346
53,Brugge teller 1,Brugge,1189,0.05258806797244564,1.725288289304478
19,Aalst 1,Aalst,1186,0.11372372810743232,1.632115579391369
26,Zaventem,Zaventem,1077,0.14748545133449426,1.6066573712478416
111,Zaventem totem,Zaventem,1041,0.07151570601182293,1.5937525576986546
99,Mechelen teller 1,Mechelen,1039,0.06453752992708554,1.6080807332938252
100,Mechelen teller 2,Mechelen,1039,0.07049801373428972,1.6113998060363581
14,Genk,Genk,979,0.17412350490579703,1.3951854657643332
2,Brasschaat 2,Brasschaat,954,0.022892873519200777,1.620729518173605
3,Brasschaat 1,Brasschaat,948,0.017306248334460598,1.620442541139178
1,Machelen,Machelen,907,0.14560835650232462,1.8195752585139713
27,Grimbergen,Meise,901,0.03308124585420662,1.7220497977723284
136,Gent R4,Gent,817,0.0573705503270374,1.8587867641211202
129,Lokeren teller 2,Lokeren,815,0.022055686208685074,1.6418941786779742
128,Lokeren teller 1,Lokeren,805,0.014073802812435829,1.6172301978751356
141,Test site A support,Lokeren,801,0.2912124967180961,1.7870751017445048
125,Dendermonde totem,Dendermonde,789,0.016533188250177907,1.266981670676812
122,Dendermonde teller 2,Dendermonde,787,0.04093565656097322,1.2733412839802414
41,Maasmechelen teller 1,Maasmechelen,700,0.0047490866555430205,1.2781220520285503
42,Maasmechelen teller 2,Maasmechelen,698,0.024647233791380226,1.2740833593192185
20,Brugge,Brugge,646,0.11413401411435604,1.8009237965554779
84,Roeselare totem,Izegem,611,0.028871458631603647,1.6449677810261707
7,Evergem 1,Evergem,578,0.1440118841298681,1.4861098555680172
6,Evergem 2,Evergem,577,0.15121327064918383,1.4884150286929068
67,Ieper totem,Ieper,556,0.06610629676177744,1.7234353681108605
68,Ieper,Ieper,551,0.08280858573421572,1.722272592696945
94,Herentals teller 2,Herentals,518,0.0287625808732144,1.5954570879387546
126,Hamme totem,Hamme,506,0.04903654912001528,1.3772620013408494
110,Herentals totem,Herentals,505,0.09730169492643198,1.6100464326223936
108,Heverlee teller 1,Leuven,503,0.006279060784837081,1.8832810205159032
87,Aarschot,Aarschot,492,0.01563243327960072,1.6190894099801365
12,Tervuren,Kraainem,479,0.0952760851534097,1.7366108478877302
120,Zele teller 1,Zele,448,0.018654657560273954,1.570109096261416
76,Heverlee teller 2,Leuven,442,0.07912191475532013,1.8664470150903478
37,Lommel teller 1,Lommel,442,0.014845734747040672,1.543980439912871
38,Lommel teller 2,Lommel,438,0.01368120758983138,1.5348102774236818
117,Melle teller 1,Melle,432,0.13716404023485967,1.4699738068664745
116,Melle teller 2,Melle,432,0.13716404023485967,1.4699738068664745
121,Zele teller 2,Zele,432,0.02170435963800901,1.5863391180171345
22,Tienen 2,Tienen,423,0.057237242823281576,1.1411653768378818
24,Tienen 1,Tienen,419,0.009770190624328684,1.1331091221724745
23,Tienen 3,Tienen,419,0.04002573459787922,1.1307137639317744
124,Beveren teller 2,Beveren,413,0.04527310145294273,1.7159155910975334
98,Geel teller 2,Geel,412,0.07680893683120989,1.6626379922629213
97,Geel teller 1,Geel,412,0.04860461669169923,1.6723132475534324
123,Beveren teller 1,Beveren,412,0.04354555858553631,1.712868289080943
51,"Brugge, Sint-Andries",Brugge,402,0.12050532556347318,1.7702231571545275
50,"Brugge, Sint-Andries",Brugge,400,0.11675710509298427,1.766038566179533
96,Lier teller 2,Lier,399,0.023700092847903195,1.6888665812528332
95,Lier teller 1,Lier,397,0.01674235884421691,1.6951898503243437
102,Diest teller 2,Diest,384,0.008980554241091837,1.170345953157461
101,Diest teller 1,Diest,384,0.01991076873183699,1.1650668634941188
61,Wervik teller 2,Wervik,377,0.01941670133924577,1.6668986367521081
56,Torhout teller 2,Torhout,372,0.015049711109789017,1.482824343325929
55,Torhout teller 1,Torhout,372,0.014691720565286814,1.4794418714771382
62,Wervik teller 1,Wervik,365,0.02985968524690711,1.6562906008395641
25,Bree,Bree,365,0.06244538394889952,1.0839471324135734
9,Heist op den Berg 2,Heist-op-den-Berg,359,0.06452259779731256,1.5193419469450482
8,Heist op den Berg 1,Heist-op-den-Berg,339,0.15136788198986145,1.6039722669695946
146,Overijse 2,District Vilvoorde-gewestwegen,333,0.08129679973397182,1.484803972099806
109,Zemst,Zemst,333,0.1378753404359344,1.546891166741721
145,Overijse,District Vilvoorde-gewestwegen,329,0.09226426265702169,1.4729154500178785
46,Pelt teller 2,Pelt,325,0.02971415273591269,1.356109766634617
45,Pelt teller 1,Pelt,325,0.05287627819531873,1.3661482435522583
80,Wemmel teller 1,Wemmel,318,0.028746191061824373,1.8277250346463727
21,Bilzen,Bilzen,316,0.01717270497895734,1.3875730519038496
147,Overijse,District Vilvoorde-gewestwegen,309,0.1815717239790354,1.4021072520416673
112,Geel teller 2,Westerlo,306,0.014675647042203801,1.2828113338730065
127,Geel totem,Westerlo,302,0.06773411954947493,1.2723046738762405
81,Wemmel teller 2,Wemmel,292,0.04935613594304846,1.7845964407342318
113,Deinze teller 2,Deinze,291,0.04046298476540709,1.6479687603168824
92,Nijlen teller 1,Nijlen,288,0.08258608552870263,1.7332990187223554
93,Nijlen teller 2,Nijlen,288,0.07710784450357656,1.7321251625570069
86,Asse teller 2,Asse,279,0.062257289063667155,1.6777850118322621
114,Deinze teller 1,Nazareth,279,0.026424917557424564,1.6164288553979582
85,Asse teller 1,Asse,274,0.11355431675110492,1.9318807140994732
72,Herent teller 1,Herent,248,0.018331413873627384,1.767279237099368
73,Herent teller 2,Herent,247,0.01616298835069047,1.7646780591452904
89,Westerlo teller 2,Westerlo,245,0.06746463618591157,1.3669537944747794
88,Westerlo teller 1,Westerlo,245,0.05596843405448943,1.3616360489184764
139,Houthalen-Helchteren,Houthalen-Helchteren,238,0.06827626868935902,1.2333988731535757
115,Aalter,Aalter,234,0.026961428983974255,1.4611462223867782
59,Ardooie teller 1,Ardooie,231,0.16495544913891386,1.3502146266015398
60,Ardooie teller 2,Ardooie,230,0.12516915859195338,1.34795970301559
64,Nieuwpoort teller 1,Nieuwpoort,218,0.028785975763055346,1.0496483098629967
148,Hoeilaart,District Leuven,217,0.03866722968465013,1.1330575421589104
65,Nieuwpoort teller 2,Nieuwpoort,214,0.06265144275540734,1.0084586083212712
32,Lummen,Lummen,202,0.18373140525730966,1.9366589452730028
71,Kampenhout teller 2,Kampenhout,197,0.046804426730231025,1.3524656109868125
70,Kampenhout teller 1,Kampenhout,196,0.09539583644069878,1.33641582989384
66,Nieuwpoort totem,Nieuwpoort,194,0.1621432089471809,1.1418050604422507
33,Lummen,Lummen,192,0.16646371964146672,1.9042271673229731
134,Retie,Dessel,192,0.044449964868359955,1.6231117614288564
135,Retie 2,Dessel,191,0.015266503881573957,1.618976882150927
63,Nieuwpoort teller 3,Nieuwpoort,189,0.24399695515215553,1.158896844588463
35,Lanaken teller 1,Lanaken,185,0.026948361852227615,1.6984293793290617
152,Opwijk,District Vilvoorde-gewestwegen,184,0.08082439130923798,1.6920595268786243
36,Lanaken teller 2,Lanaken,184,0.11824239299490918,1.723241498808064
48,As,As,175,0.09061323399978127,1.380734009155295
43,Maaseik teller 1,Maaseik,171,0.017000579609025755,1.240515401696898
44,Maaseik teller 2,Maaseik,171,0.02430369582660021,1.241349355723892
133,Gierde Lille Totem,Lille,167,0.07805122862247324,1.4824646540484214
132,Gierde lille,Lille,167,0.08959180863762221,1.4871859999691472
106,St. pieters leeuw teller 1,Sint-Pieters-Leeuw,165,0.031392089600426915,1.4836271253927549
105,St. pieters leeuw teller 2,Halle,164,0.03994840936386379,1.4907753001186301
103,Malle teller 1,Malle,158,0.030904426459748443,1.7365164254457202
5,Balen 2,Balen,157,0.09658716666606162,1.6284670575558438
4,Balen 1,Balen,157,0.0974555955845561,1.6282658828666061
104,Malle teller 2,Malle,157,0.01950822475075023,1.7319020387189068
40,Peer teller 2,Peer,156,0.05144660575089634,1.5771122632496746
39,Peer teller 1,Peer,155,0.03968796995052111,1.5478799832123193
150,Bertem,District Leuven,153,0.04115141592224515,1.8173904345280756
31,Herk De Stad,Herk-de-Stad,143,0.0300005173127875,1.279516486232622
30,Herk De Stad,Herk-de-Stad,142,0.06752999637106614,1.2588845361972603
49,Bokrijk,Genk,134,0.06256988158124158,1.5877299901618211
90,Brecht teller 1,Brecht,111,0.10430020414622118,1.5204568941838508
91,Brecht teller 2,Brecht,111,0.0944409691307998,1.5125217504468116
29,Tongeren,Tongeren,97,0.10514228806210864,1.5998414655269808
57,Meulebeke teller 1,Meulebeke,90,0.11122304491530548,1.7773494488392405
58,Meulebeke teller 2,Meulebeke,89,0.14745839361951682,1.7753752980102784
131,Nevele,Deinze,84,0.2566346693833416,1.5381923426467043
83,Beersel teller 2,Beersel,61,0.03941961458775691,1.733580367309452
82,Beersel teller 1,Beersel,54,0.09251809118953319,1.682814651587414
28,Heers,Heers,43,0.03447197349641698,1.367494932952239
34,Heers teller 1,Heers,43,0.039744820979494014,1.3686760420503523
79,Pepingen teller 2,Pepingen,40,0.029615318746782908,1.274623402407736
78,Pepingen teller 1,Pepingen,40,0.014930343558190519,1.2783176739692599
