site_id,site_name,site_gemeente,crash_count_500m,nearest_crash_distance_km,average_crash_distance_km
144,test leuven,Leuven,218,0.02838110259643007,0.34509796676416066
69,Leuven teller 1,Leuven,217,0.018620169846780547,0.34072303885844113
143,Eco Display Classic Budastraat,Kortrijk,162,0.004671751431477238,0.3328257470032883
140,Hasselt ring,Hasselt,140,0.02063689074492619,0.3043856412047858
17,Kortrijk 2,Kortrijk,139,0.023111009645891804,0.2665824582140623
16,Kortrijk 1,Kortrijk,139,0.02934198139173138,0.26486647534200386
118,Gent teller 1,Gent,111,0.015731749728242324,0.27789744914804054
138,Hasselt-Kempische brug,Hasselt,109,0.010017345397112389,0.2968882026292075
119,Gent teller 2,Gent,107,0.008438540033756414,0.2723568021883944
137,Hasselt-Kempische brug,Hasselt,107,0.04404648825662453,0.3166176468427184
77,Leuven teller 2,Leuven,106,0.02784825948287718,0.2864093587312582
18,Oostende 1,Oostende,105,0.01259493733480966,0.27889248087665036
107,leuven totem,Leuven,105,0.015263472992629538,0.29335925036304955
15,Oostende 2,Oostende,104,0.015484989460328448,0.27985383550735754
41,Maasmechelen teller 1,Maasmechelen,84,0.0047490866555430205,0.3055064959545768
25,Bree,Bree,79,0.06244538394832298,0.31869859516620036
42,Maasmechelen teller 2,Maasmechelen,79,0.024647233791380226,0.2966302507851824
125,Dendermonde totem,Dendermonde,79,0.016533188250177907,0.3082650707037042
111,Zaventem totem,Zaventem,79,0.07151570601182293,0.3180629497915614
151,Leuven,District Leuven,77,0.12262838530089128,0.4245936954028455
23,Tienen 3,Tienen,76,0.04002573459787922,0.29850928452339365
148,Hoeilaart,District Leuven,74,0.03866722968465013,0.22865857384998245
122,Dendermonde teller 2,Dendermonde,72,0.04093565656137536,0.2868890785791168
24,Tienen 1,Tienen,68,0.009770190624328684,0.2809518462101927
6,Evergem 2,Evergem,66,0.15121327064919798,0.3376774258015216
101,Diest teller 1,Diest,66,0.01991076873183699,0.2585119698664645
7,Evergem 1,Evergem,66,0.14401188412987784,0.338283673461219
99,Mechelen teller 1,Mechelen,66,0.06453752992708554,0.31945325906287336
100,Mechelen teller 2,Mechelen,65,0.07049801373428972,0.31817025751569006
102,Diest teller 2,Diest,64,0.008980554241091837,0.2524903361453744
22,Tienen 2,Tienen,63,0.057237242823281576,0.2787892784615475
74,Kortrijk teller 1,Kortrijk,62,0.04430739062769007,0.3510879433264725
75,Kortrijk teller 2,Kortrijk,62,0.029325817037671672,0.34170020502645176
3,Brasschaat 1,Brasschaat,60,0.017306248334460598,0.2056497352694284
2,Brasschaat 2,Brasschaat,58,0.022892873519200777,0.19606423138106227
26,Zaventem,Zaventem,57,0.14748545133378924,0.3606076540159929
65,Nieuwpoort teller 2,Nieuwpoort,53,0.06265144275540734,0.3037318713387875
145,Overijse,District Vilvoorde-gewestwegen,52,0.09226426265702169,0.2661082835129562
116,Melle teller 2,Melle,51,0.13716404023485967,0.345042218795404
117,Melle teller 1,Melle,51,0.13716404023485967,0.345042218795404
146,Overijse 2,District Vilvoorde-gewestwegen,50,0.08129679973397182,0.288897125673793
27,Grimbergen,Meise,50,0.03308124585420662,0.25177767505561377
126,Hamme totem,Hamme,49,0.04903654912001528,0.2816581244458367
64,Nieuwpoort teller 1,Nieuwpoort,47,0.028785975763055346,0.3117508287325888
47,Vilvoorde,Vilvoorde,47,0.02772566646271389,0.3343365696841139
127,Geel totem,Westerlo,46,0.06773411955018496,0.27269448165084803
12,Tervuren,Kraainem,44,0.0952760851534097,0.31726862249296883
14,Genk,Genk,43,0.17412350490579703,0.39575626102069417
136,Gent R4,Gent,43,0.0573705503270374,0.22811214196066099
115,Aalter,Aalter,42,0.026961428983974255,0.24007452177746888
13,Gent,Gent,39,0.02192997927259352,0.3445619153078517
112,Geel teller 2,Westerlo,37,0.014675647042203801,0.22836644749282303
94,Herentals teller 2,Herentals,37,0.0287625808732144,0.2854064108277649
142,TEST Validatie BRUGGE Y2H22022134,Brugge,35,0.036539506229796,0.2772451904712979
52,Brugge,Brugge,35,0.036539506229796,0.2772451904712979
53,Brugge teller 1,Brugge,35,0.05258806797244564,0.33466270458385916
54,Brugge teller 2,Brugge,35,0.04627764296356805,0.325579401134627
21,Bilzen,Bilzen,34,0.01717270497895734,0.27484421469601406
110,Herentals totem,Herentals,33,0.09730169492643198,0.2934435587739768
48,As,As,32,0.09061323399978127,0.2179342530733775
9,Heist op den Berg 2,Heist-op-den-Berg,32,0.06452259779731256,0.25940408874908366
70,Kampenhout teller 1,Kampenhout,32,0.09539583644069878,0.3226540438858783
11,Aalst 3,Aalst,31,0.061230249537184575,0.3029403971842363
66,Nieuwpoort totem,Nieuwpoort,30,0.1621432089471809,0.3401455077303407
45,Pelt teller 1,Pelt,30,0.05287627819470786,0.302392684253748
71,Kampenhout teller 2,Kampenhout,29,0.046804426730231025,0.2863311400980848
129,Lokeren teller 2,Lokeren,29,0.022055686208685074,0.33040603619273445
128,Lokeren teller 1,Lokeren,29,0.014073802812435829,0.3096825265745947
139,Houthalen-Helchteren,Houthalen-Helchteren,29,0.06827626868935902,0.283932523779462
10,Aalst 2,Aalst,28,0.03329113394148211,0.2944269824410486
97,Geel teller 1,Geel,28,0.0486046166922547,0.31425985007975965
120,Zele teller 1,Zele,28,0.018654657560273954,0.16604803412976038
46,Pelt teller 2,Pelt,28,0.029714152735540306,0.27636812072163314
109,Zemst,Zemst,28,0.13787534043598754,0.37369238087985723
44,Maaseik teller 2,Maaseik,27,0.02430369582660021,0.27639694146816896
43,Maaseik teller 1,Maaseik,27,0.017000579609025755,0.2760323194003791
114,Deinze teller 1,Nazareth,27,0.026424917557424564,0.2353220127701947
98,Geel teller 2,Geel,27,0.07680893683153067,0.3141383426085873
89,Westerlo teller 2,Westerlo,26,0.06746463618591157,0.2786040296531749
88,Westerlo teller 1,Westerlo,26,0.05596843405448943,0.272767678538347
121,Zele teller 2,Zele,26,0.02170435963800901,0.14518974213457508
113,Deinze teller 2,Deinze,26,0.04046298476540709,0.23184088132737907
1,Machelen,Machelen,24,0.14560835650232462,0.23828889163584044
55,Torhout teller 1,Torhout,24,0.014691720565286814,0.2634182339646017
56,Torhout teller 2,Torhout,24,0.015049711109789017,0.2638995126820235
63,Nieuwpoort teller 3,Nieuwpoort,23,0.24399695515215553,0.3904511051708032
105,St. pieters leeuw teller 2,Halle,23,0.03994840936386379,0.28038796899994756
124,Beveren teller 2,Beveren,23,0.04527310145294273,0.27383734768807083
62,Wervik teller 1,Wervik,23,0.02985968524690711,0.30797912745925005
106,St. pieters leeuw teller 1,Sint-Pieters-Leeuw,23,0.031392089600426915,0.27985580248880865
123,Beveren teller 1,Beveren,23,0.04354555858553631,0.2754597598960212
61,Wervik teller 2,Wervik,21,0.01941670133924577,0.2772654628813817
19,Aalst 1,Aalst,21,0.11372372810743232,0.27073157174514395
60,Ardooie teller 2,Ardooie,21,0.12516915859193214,0.3710570361623032
38,Lommel teller 2,Lommel,21,0.01368120758983138,0.2826985498882473
87,Aarschot,Aarschot,20,0.01563243327960072,0.23450598525120575
37,Lommel teller 1,Lommel,20,0.014845734746509215,0.27301416353509433
67,Ieper totem,Ieper,19,0.06610629676177744,0.2509752243229714
72,Herent teller 1,Herent,19,0.018331413873627384,0.2534210363759035
96,Lier teller 2,Lier,19,0.023700092847903195,0.13872103835257052
73,Herent teller 2,Herent,19,0.01616298835069047,0.25311730183331427
4,Balen 1,Balen,19,0.0974555955845561,0.3291484361094124
5,Balen 2,Balen,19,0.09658716666606162,0.3284043399815663
68,Ieper,Ieper,18,0.08280858573421572,0.23261295809253862
8,Heist op den Berg 1,Heist-op-den-Berg,18,0.15136788198986145,0.30590141439529683
95,Lier teller 1,Lier,18,0.01674235884421691,0.11673118096687841
134,Retie,Dessel,17,0.044449964868359955,0.3668540781788637
30,Herk De Stad,Herk-de-Stad,17,0.06752999637112161,0.2515460624926361
31,Herk De Stad,Herk-de-Stad,17,0.030000517312835605,0.2581242378766221
147,Overijse,District Vilvoorde-gewestwegen,16,0.1815717239790354,0.29373508868983284
49,Bokrijk,Genk,16,0.06256988158124158,0.19422211970318418
80,Wemmel teller 1,Wemmel,14,0.028746191061824373,0.27271078409012933
81,Wemmel teller 2,Wemmel,14,0.04935613594304846,0.2839423885000237
76,Heverlee teller 2,Leuven,13,0.07912191475532013,0.25640794105915743
108,Heverlee teller 1,Leuven,13,0.006279060784837081,0.2283971732039112
20,Brugge,Brugge,13,0.11413401411435604,0.3242656024171075
59,Ardooie teller 1,Ardooie,12,0.1649554491388897,0.29619806770809787
86,Asse teller 2,Asse,12,0.062257289063667155,0.3245353552178936
135,Retie 2,Dessel,12,0.015266503881573957,0.3152333865536183
29,Tongeren,Tongeren,11,0.10514228806210864,0.3453356209022514
79,Pepingen teller 2,Pepingen,11,0.029615318746782908,0.2910181333501826
78,Pepingen teller 1,Pepingen,11,0.014930343558190519,0.28777567216517286
150,Bertem,District Leuven,10,0.04115141592224515,0.28899785407963835
39,Peer teller 1,Peer,10,0.03968796995052111,0.2330810452716623
28,Heers,Heers,9,0.03447197349641698,0.2844364074060792
34,Heers teller 1,Heers,9,0.039744820979494014,0.2835040108897067
40,Peer teller 2,Peer,9,0.05144660575020083,0.23485032677027565
57,Meulebeke teller 1,Meulebeke,9,0.11122304491530548,0.24346502455723856
58,Meulebeke teller 2,Meulebeke,9,0.14745839361951682,0.2714270945590079
152,Opwijk,District Vilvoorde-gewestwegen,9,0.08082439130893646,0.26818616292690683
51,"Brugge, Sint-Andries",Brugge,8,0.12050532556347318,0.25648760410477206
93,Nijlen teller 2,Nijlen,8,0.07710784450357656,0.3076632718347544
92,Nijlen teller 1,Nijlen,8,0.08258608552870263,0.3126624417081792
36,Lanaken teller 2,Lanaken,8,0.11824239299490918,0.34295582814280046
50,"Brugge, Sint-Andries",Brugge,8,0.11675710509298427,0.2540652088752692
141,Test site A support,Lokeren,8,0.2912124967180961,0.4050620816340048
35,Lanaken teller 1,Lanaken,7,0.026948361852227615,0.27399709656998905
83,Beersel teller 2,Beersel,6,0.03941961458845438,0.14310688043776096
131,Nevele,Deinze,6,0.2566346693833416,0.3205310302819312
84,Roeselare totem,Izegem,5,0.028871458631603647,0.2676982422357911
82,Beersel teller 1,Beersel,5,0.09251809119022991,0.1261060023455198
104,Malle teller 2,Malle,5,0.01950822475028515,0.20959414128977047
103,Malle teller 1,Malle,5,0.030904426459480317,0.21644400832525532
90,Brecht teller 1,Brecht,4,0.10430020414622118,0.17117042690782225
91,Brecht teller 2,Brecht,4,0.0944409691307998,0.16121343912571764
85,Asse teller 1,Asse,3,0.11355431675110492,0.2198591932140533
132,Gierde lille,Lille,3,0.08959180863762221,0.1870883451371711
133,Gierde Lille Totem,Lille,3,0.07805122862247324,0.1832104986154738
33,Lummen,Lummen,1,0.16646371964146672,0.16646371964146672
32,Lummen,Lummen,1,0.18373140525730966,0.18373140525730966
