group_id,group_name,gemeente,lat,long,member_site_count,member_site_ids,year,month,predicted_probability,predicted_label,forecast_risk_rank,risk_label
52,Eco Display Classic Budastraat,Kortrijk,50.83066,3.26286,1,143,2024,11,0.949233767942383,1,1,Higher risk
59,leuven totem,Leuven,50.8868972,4.70837595,2,"77,107",2024,11,0.9410017487719121,1,2,Higher risk
58,test leuven,Leuven,50.875533,4.7153163,2,"69,144",2024,11,0.9159160281446691,1,3,Higher risk
53,Kortrijk 1,Kortrijk,50.833355,3.27775,2,"16,17",2024,11,0.8323044821034533,1,4,Higher risk
22,Dendermonde totem,Dendermonde,51.0373312,4.102261,2,"122,125",2024,11,0.7924193605115712,1,5,Higher risk
41,Hasselt ring,Hasselt,50.9300038,5.3438616,1,140,2024,11,0.7315780902683962,1,6,Higher risk
78,Oostende 2,Oostende,51.213745,2.92754,2,"15,18",2024,11,0.7100021715416702,1,7,Higher risk
18,TEST Validatie BRUGGE Y2H22022134,Brugge,51.22632,3.24095,1,142,2023,10,0.6371505928524654,1,8,Higher risk
40,Hasselt-Kempische brug,Hasselt,50.94084615,5.3420024,2,"137,138",2024,11,0.6369489274797124,1,9,Higher risk
70,Mechelen teller 1,Mechelen,51.04567,4.468825,2,"99,100",2024,11,0.5943363279044386,1,10,Higher risk
35,Gent,Gent,51.03018,3.70146,1,13,2024,11,0.584995843399642,1,11,Higher risk
36,Gent teller 1,Gent,51.02811425,3.76826385,2,"118,119",2024,11,0.5801269365724183,1,12,Higher risk
54,Kortrijk teller 1,Kortrijk,50.81917,3.257295,2,"74,75",2024,11,0.5309622647853719,1,13,Higher risk
31,Evergem 2,Evergem,51.10892,3.703075,2,"6,7",2024,11,0.4971797564312416,1,14,Higher risk
83,Tienen 2,Tienen,50.81330918367914,4.935166168467146,3,"22,23,24",2024,11,0.47713167763447345,1,15,Higher risk
76,Nieuwpoort teller 1,Nieuwpoort,51.13397,2.75624,2,"64,65",2024,11,0.44677224646002356,1,16,Higher risk
24,Diest teller 1,Diest,50.977945,5.044775,2,"101,102",2024,11,0.4217799827309045,1,17,Higher risk
1,Aalst 2,Aalst,50.93455666666667,4.015630000000001,3,"10,11,19",2024,11,0.4066535722281996,1,18,Higher risk
34,Genk,Genk,50.97172,5.48927,1,14,2024,11,0.40356058410599743,1,19,Higher risk
14,Bree,Bree,51.13679500160176,5.597669323604317,1,25,2024,11,0.38831607683891567,1,20,Higher risk
75,Nieuwpoort totem,Nieuwpoort,51.134995,2.74329,2,"63,66",2024,11,0.35984777548605423,1,21,Higher risk
2,Aalter,Aalter,51.1058367,3.4350591,1,115,2024,11,0.3254505448418005,0,22,Lower risk
17,Brugge teller 1,Brugge,51.23019,3.22809,2,"53,54",2024,11,0.3100526700458886,0,23,Lower risk
39,Hamme totem,Hamme,51.1017709,4.1469307,1,126,2024,11,0.2950217982943174,0,24,Lower risk
72,Melle teller 2,Melle,50.9986113,3.8040599,2,"116,117",2024,11,0.2693762563346021,0,25,Lower risk
19,"Brugge, Sint-Andries",Brugge,51.19286,3.16252,2,"50,51",2024,11,0.23712635411250096,0,26,Lower risk
16,Brugge,Brugge,51.22632,3.24095,1,52,2024,11,0.23064645325420183,0,27,Lower risk
57,Heverlee teller 2,Leuven,50.8466164,4.6957187000000005,2,"76,108",2024,11,0.22379251838635011,0,28,Lower risk
12,Brasschaat 2,Brasschaat,51.275075,4.471955,2,"2,3",2024,11,0.22052152889998075,0,29,Lower risk
93,Zele teller 1,Zele,51.0605869,4.055221850000001,2,"120,121",2024,11,0.20838364868953158,0,30,Lower risk
88,Wervik teller 2,Wervik,50.805675,3.09182,2,"61,62",2024,11,0.20630910459582502,0,31,Lower risk
37,Gent R4,Gent,51.0876313,3.7587918,1,136,2024,11,0.20456135973785844,0,32,Lower risk
80,Pelt teller 1,Pelt,51.231135,5.443759999999999,2,"45,46",2024,11,0.20419459216429073,0,33,Lower risk
67,Maasmechelen teller 1,Maasmechelen,50.97034,5.6980450000000005,2,"41,42",2024,11,0.19966820025505957,0,34,Lower risk
85,Torhout teller 1,Torhout,51.07154,3.082525,2,"55,56",2024,11,0.1947974785595317,0,35,Lower risk
62,Lokeren teller 1,Lokeren,51.09628,3.97024,2,"128,129",2024,11,0.19404253520820589,0,36,Lower risk
94,Zemst,Zemst,50.9903936,4.4707023,1,109,2024,11,0.19071212013800717,0,37,Lower risk
55,Tervuren,Kraainem,50.81896,4.47803,1,12,2024,11,0.1898078441233949,0,38,Lower risk
48,Houthalen-Helchteren,Houthalen-Helchteren,51.0644267,5.3819796,1,139,2024,11,0.18691154800278637,0,39,Lower risk
46,Herentals totem,Herentals,51.1736963,4.8123065,2,"94,110",2024,11,0.18133634604329835,0,40,Lower risk
86,Vilvoorde,Vilvoorde,50.91372,4.41497,1,47,2024,11,0.17516397639383505,0,41,Lower risk
47,Herk De Stad,Herk-de-Stad,50.9437,5.177205000000001,2,"30,31",2024,11,0.15706402710309872,0,42,Lower risk
15,Brugge,Brugge,51.17416,3.20048,1,20,2024,11,0.15704106477187696,0,43,Lower risk
90,Westerlo teller 1,Westerlo,51.081955,4.913295,2,"88,89",2024,11,0.15225409160988335,0,44,Lower risk
51,Kampenhout teller 1,Kampenhout,50.956355,4.59241,2,"70,71",2024,11,0.15062043927375615,0,45,Lower risk
49,Ieper,Ieper,50.85025,2.85616,2,"67,68",2024,11,0.14826917768896872,0,46,Lower risk
44,Heist op den Berg 2,Heist-op-den-Berg,51.06904,4.69524,1,9,2024,11,0.1465755570849636,0,47,Lower risk
92,Zaventem totem,Zaventem,50.8871216,4.4597084,1,111,2024,11,0.14367374378707168,0,48,Lower risk
89,Geel totem,Westerlo,51.1348979,4.9397605,2,"112,127",2024,11,0.13738470654604226,0,49,Lower risk
32,Geel teller 1,Geel,51.148115,4.996705,2,"97,98",2024,11,0.1358974999571892,0,50,Lower risk
45,Herent teller 1,Herent,50.891315000000006,4.64687,2,"72,73",2024,11,0.13019119824000897,0,51,Lower risk
23,Retie,Dessel,51.25467015,5.1038861,2,"134,135",2024,11,0.12862897173170243,0,52,Lower risk
33,Bokrijk,Genk,50.95264,5.41001,1,49,2024,11,0.12809828891252537,0,53,Lower risk
4,Ardooie teller 1,Ardooie,50.967835,3.18445,2,"59,60",2024,11,0.12752393631065598,0,54,Lower risk
60,Lier teller 1,Lier,51.11696,4.584405,2,"95,96",2024,11,0.12748875084374803,0,55,Lower risk
50,Roeselare totem,Izegem,50.91717,3.18772,1,84,2024,11,0.1210213291629394,0,56,Lower risk
5,As,As,51.00509,5.60389,1,48,2024,11,0.11698130704542944,0,57,Lower risk
43,Heist op den Berg 1,Heist-op-den-Berg,51.06759,4.68823,1,8,2024,11,0.11599171436826713,0,58,Lower risk
66,Maaseik teller 1,Maaseik,51.093515,5.797205,2,"43,44",2024,11,0.11011738029132025,0,59,Lower risk
64,Lommel teller 1,Lommel,51.23288,5.292,2,"37,38",2024,11,0.10941228844710002,0,60,Lower risk
71,Grimbergen,Meise,50.92127,4.34013,1,27,2024,11,0.10871086882132096,0,61,Lower risk
3,Aarschot,Aarschot,50.99084,4.81259,1,87,2024,11,0.10697641156542052,0,62,Lower risk
91,Zaventem,Zaventem,50.86995,4.45444,1,26,2024,11,0.10593539692216719,0,63,Lower risk
61,Gierde lille,Lille,51.24541825,4.82981335,2,"132,133",2024,11,0.105201782133655,0,64,Lower risk
20,Deinze teller 2,Deinze,50.96018,3.55578,1,113,2024,11,0.1000534128716755,0,65,Lower risk
68,Machelen,Machelen,50.91618331151478,4.456121776137429,1,1,2024,11,0.09868281659394386,0,66,Lower risk
11,Bilzen,Bilzen,50.86015,5.50161,1,21,2024,11,0.09780360915479835,0,67,Lower risk
8,Balen 1,Balen,51.160205,5.19007,2,"4,5",2024,11,0.09720399577509335,0,68,Lower risk
21,Nevele,Deinze,51.0276612,3.558569,1,131,2024,11,0.09483514995124838,0,69,Lower risk
79,Peer teller 1,Peer,51.134315,5.478545,2,"39,40",2024,11,0.09282379594581856,0,70,Lower risk
56,Lanaken teller 1,Lanaken,50.881215,5.63076,2,"35,36",2024,11,0.09158671977241066,0,71,Lower risk
65,Lummen,Lummen,50.979745,5.209485,2,"32,33",2024,11,0.08689259489826442,0,72,Lower risk
10,Beveren teller 1,Beveren,51.19646335,4.2361924,2,"123,124",2024,11,0.08680467464837187,0,73,Lower risk
73,Meulebeke teller 1,Meulebeke,50.960385,3.24481,2,"57,58",2024,11,0.08388049250763983,0,74,Lower risk
13,Brecht teller 1,Brecht,51.357455,4.62426,2,"90,91",2024,11,0.08237184990213349,0,75,Lower risk
81,Pepingen teller 1,Pepingen,50.75836,4.165285,2,"78,79",2024,11,0.08055561836926926,0,76,Lower risk
77,Nijlen teller 1,Nijlen,51.149935,4.6447400000000005,2,"92,93",2024,11,0.0799289414156617,0,77,Lower risk
69,Malle teller 1,Malle,51.316815,4.73862,2,"103,104",2024,11,0.0753596445638163,0,78,Lower risk
87,Wemmel teller 1,Wemmel,50.914285,4.295695,2,"80,81",2024,11,0.07496015557651174,0,79,Lower risk
6,Asse teller 1,Asse,50.89621,4.17294,1,85,2024,11,0.07449118219123624,0,80,Lower risk
74,Deinze teller 1,Nazareth,50.9598305,3.555502,1,114,2024,11,0.07385578899024357,0,81,Lower risk
7,Asse teller 2,Asse,50.89132,4.1709,1,86,2024,11,0.06773143710886208,0,82,Lower risk
42,Heers,Heers,50.75487,5.30322,2,"28,34",2024,11,0.06547933549868575,0,83,Lower risk
84,Tongeren,Tongeren,50.79286,5.52825,1,29,2024,11,0.0654300437021001,0,84,Lower risk
9,Beersel teller 1,Beersel,50.751515,4.3332,2,"82,83",2024,11,0.06376929166489936,0,85,Lower risk
82,St. pieters leeuw teller 1,Sint-Pieters-Leeuw,50.75533,4.24951,1,106,2024,11,0.06116952794196379,0,86,Lower risk
38,St. pieters leeuw teller 2,Halle,50.75509,4.24943,1,105,2024,11,0.053738011000634626,0,87,Lower risk
