group_id,group_name,gemeente,lat,long,member_site_count,member_site_ids,year,month,predicted_probability,predicted_label,forecast_risk_rank,risk_label,hidden_risk_spot
51,Eco Display Classic Budastraat,Kortrijk,50.83066,3.26286,1,143,2024,11,0.9924550301243507,1,1,Higher risk,False
58,leuven totem,Leuven,50.8868972,4.70837595,2,"77,107",2024,11,0.9858482342178387,1,2,Higher risk,False
57,Leuven teller 1,Leuven,50.87549,4.71526,1,69,2024,11,0.981741814673113,1,3,Higher risk,False
52,Kortrijk 1,Kortrijk,50.833355,3.27775,2,"16,17",2024,11,0.96253876235709,1,4,Higher risk,False
21,Dendermonde totem,Dendermonde,51.0373312,4.102261,2,"122,125",2024,11,0.9474369943579051,1,5,Higher risk,False
77,Oostende 2,Oostende,51.213745,2.92754,2,"15,18",2024,11,0.9418556268668126,1,6,Higher risk,False
74,Nieuwpoort totem,Nieuwpoort,51.134995,2.74329,2,"63,66",2024,11,0.8619203297114615,1,7,Higher risk,True
75,Nieuwpoort teller 1,Nieuwpoort,51.13397,2.75624,2,"64,65",2024,11,0.8586679090870909,1,8,Higher risk,True
82,Tienen 2,Tienen,50.81330918367914,4.935166168467146,3,"22,23,24",2024,11,0.8463946515939477,1,9,Higher risk,True
35,Gent teller 1,Gent,51.02811425,3.76826385,2,"118,119",2024,11,0.8084179557023135,1,10,Higher risk,False
69,Mechelen teller 1,Mechelen,51.04567,4.468825,2,"99,100",2024,11,0.7944361182553049,1,11,Higher risk,False
54,Tervuren,Kraainem,50.81896,4.47803,1,12,2024,11,0.7885223534936594,1,12,Higher risk,True
30,Evergem 2,Evergem,51.10892,3.703075,2,"6,7",2024,11,0.7673923340440958,1,13,Higher risk,False
23,Diest teller 1,Diest,50.977945,5.044775,2,"101,102",2024,11,0.7108795029036888,1,14,Higher risk,True
19,Deinze teller 2,Deinze,50.96018,3.55578,1,113,2024,11,0.7072436183117513,1,15,Higher risk,True
92,Zele teller 1,Zele,51.0605869,4.055221850000001,2,"120,121",2024,11,0.688462841409401,1,16,Higher risk,False
73,Deinze teller 1,Nazareth,50.9598305,3.555502,1,114,2024,11,0.6185124443531443,1,17,Higher risk,True
17,Brugge teller 1,Brugge,51.23019,3.22809,2,"53,54",2024,11,0.593430806647839,1,18,Higher risk,False
36,Gent R4,Gent,51.0876313,3.7587918,1,136,2024,11,0.5435220250947473,1,19,Higher risk,False
60,Gierde lille,Lille,51.24541825,4.82981335,2,"132,133",2024,11,0.48345972832895606,1,20,Higher risk,False
53,Kortrijk teller 1,Kortrijk,50.81917,3.257295,2,"74,75",2024,11,0.39957902035565185,1,21,Higher risk,False
34,Gent,Gent,51.03018,3.70146,1,13,2024,11,0.31729068444552105,1,22,Higher risk,False
90,Zaventem,Zaventem,50.86995,4.45444,1,26,2024,11,0.2807287890245547,1,23,Higher risk,False
39,Hasselt-Kempische brug,Hasselt,50.94084615,5.3420024,2,"137,138",2024,11,0.24906154372237363,1,24,Higher risk,False
40,Hasselt ring,Hasselt,50.9300038,5.3438616,1,140,2024,11,0.20567079197810242,0,25,Lower risk,False
12,Brasschaat 2,Brasschaat,51.275075,4.471955,2,"2,3",2024,11,0.20413040332319146,0,26,Lower risk,False
91,Zaventem totem,Zaventem,50.8871216,4.4597084,1,111,2024,11,0.19486666565414457,0,27,Lower risk,False
71,Melle teller 2,Melle,50.9986113,3.8040599,2,"116,117",2024,11,0.18710500623531975,0,28,Lower risk,False
1,Aalst 2,Aalst,50.93455666666667,4.015630000000001,3,"10,11,19",2024,11,0.166642488156689,0,29,Lower risk,False
56,Heverlee teller 2,Leuven,50.8466164,4.6957187000000005,2,"76,108",2024,11,0.15880083218219546,0,30,Lower risk,False
48,Ieper,Ieper,50.85025,2.85616,2,"67,68",2024,11,0.15045217886282736,0,31,Lower risk,False
33,Genk,Genk,50.97172,5.48927,1,14,2024,11,0.1475583735932058,0,32,Lower risk,False
38,Hamme totem,Hamme,51.1017709,4.1469307,1,126,2024,11,0.13134509643070194,0,33,Lower risk,False
84,Torhout teller 1,Torhout,51.07154,3.082525,2,"55,56",2024,11,0.12806477283342393,0,34,Lower risk,False
2,Aalter,Aalter,51.1058367,3.4350591,1,115,2024,11,0.12406454502493172,0,35,Lower risk,False
16,Brugge,Brugge,51.22632,3.24095,2,"52,142",2024,11,0.10647633235584915,0,36,Lower risk,False
85,Vilvoorde,Vilvoorde,50.91372,4.41497,1,47,2024,11,0.10173149338707052,0,37,Lower risk,False
18,"Brugge, Sint-Andries",Brugge,51.19286,3.16252,2,"50,51",2024,11,0.10029981882065929,0,38,Lower risk,False
20,Nevele,Deinze,51.0276612,3.558569,1,131,2024,11,0.09597299075150839,0,39,Lower risk,False
61,Lokeren teller 1,Lokeren,51.09628,3.97024,2,"128,129",2024,11,0.0956093444603533,0,40,Lower risk,False
45,Herentals totem,Herentals,51.1736963,4.8123065,2,"94,110",2024,11,0.09265813084774338,0,41,Lower risk,False
49,Roeselare totem,Izegem,50.91717,3.18772,1,84,2024,11,0.08913217722770767,0,42,Lower risk,False
78,Peer teller 1,Peer,51.134315,5.478545,2,"39,40",2024,11,0.08516715217194261,0,43,Lower risk,False
15,Brugge,Brugge,51.17416,3.20048,1,20,2024,11,0.06634901941366894,0,44,Lower risk,False
67,Machelen,Machelen,50.91618331151478,4.456121776137429,1,1,2024,11,0.06408242901082419,0,45,Lower risk,False
79,Pelt teller 1,Pelt,51.231135,5.443759999999999,2,"45,46",2024,11,0.06249959843565534,0,46,Lower risk,False
47,Houthalen-Helchteren,Houthalen-Helchteren,51.0644267,5.3819796,1,139,2024,11,0.06164659613397741,0,47,Lower risk,False
66,Maasmechelen teller 1,Maasmechelen,50.97034,5.6980450000000005,2,"41,42",2024,11,0.06084531695979079,0,48,Lower risk,False
4,Ardooie teller 1,Ardooie,50.967835,3.18445,2,"59,60",2024,11,0.06037147407424011,0,49,Lower risk,False
22,Retie,Dessel,51.25467015,5.1038861,2,"134,135",2024,11,0.06020002375409345,0,50,Lower risk,False
44,Herent teller 1,Herent,50.891315000000006,4.64687,2,"72,73",2024,11,0.053943586068704606,0,51,Lower risk,False
13,Brecht teller 1,Brecht,51.357455,4.62426,2,"90,91",2024,11,0.052085496630844934,0,52,Lower risk,False
59,Lier teller 1,Lier,51.11696,4.584405,2,"95,96",2024,11,0.05062228606838498,0,53,Lower risk,False
72,Meulebeke teller 1,Meulebeke,50.960385,3.24481,2,"57,58",2024,11,0.048630824444096304,0,54,Lower risk,False
89,Westerlo teller 1,Westerlo,51.081955,4.913295,2,"88,89",2024,11,0.04814363528964494,0,55,Lower risk,False
68,Malle teller 1,Malle,51.316815,4.73862,2,"103,104",2024,11,0.04668424067155173,0,56,Lower risk,False
50,Kampenhout teller 1,Kampenhout,50.956355,4.59241,2,"70,71",2024,11,0.0455886522995917,0,57,Lower risk,False
87,Wervik teller 2,Wervik,50.805675,3.09182,2,"61,62",2024,11,0.045310319766047026,0,58,Lower risk,False
88,Geel totem,Westerlo,51.1348979,4.9397605,2,"112,127",2024,11,0.04421598184641419,0,59,Lower risk,False
93,Zemst,Zemst,50.9903936,4.4707023,1,109,2024,11,0.044127510318532015,0,60,Lower risk,False
14,Bree,Bree,51.13679500160176,5.597669323604317,1,25,2024,11,0.0407505165679611,0,61,Lower risk,False
70,Grimbergen,Meise,50.92127,4.34013,1,27,2024,11,0.03874728547387556,0,62,Lower risk,False
43,Heist op den Berg 2,Heist-op-den-Berg,51.06904,4.69524,1,9,2024,11,0.03727707877404429,0,63,Lower risk,False
10,Beveren teller 2,Beveren,51.1964712,4.2361077,1,124,2024,11,0.03560966059229045,0,64,Lower risk,False
63,Lommel teller 1,Lommel,51.23288,5.292,2,"37,38",2024,11,0.03224354692576925,0,65,Lower risk,False
76,Nijlen teller 1,Nijlen,51.149935,4.6447400000000005,2,"92,93",2024,11,0.02695586268855743,0,66,Lower risk,False
31,Geel teller 1,Geel,51.148115,4.996705,2,"97,98",2024,11,0.02637739930119998,0,67,Lower risk,False
42,Heist op den Berg 1,Heist-op-den-Berg,51.06759,4.68823,1,8,2024,11,0.025380007146924156,0,68,Lower risk,False
86,Wemmel teller 1,Wemmel,50.914285,4.295695,2,"80,81",2024,11,0.023701973277366475,0,69,Lower risk,False
81,St. pieters leeuw teller 1,Sint-Pieters-Leeuw,50.75533,4.24951,1,106,2024,11,0.023414837584923152,0,70,Lower risk,False
80,Pepingen teller 1,Pepingen,50.75836,4.165285,2,"78,79",2024,11,0.023354270464922795,0,71,Lower risk,False
9,Beersel teller 1,Beersel,50.751515,4.3332,2,"82,83",2024,11,0.023159395089664633,0,72,Lower risk,False
46,Herk De Stad,Herk-de-Stad,50.9437,5.177205000000001,2,"30,31",2024,11,0.02194872363666406,0,73,Lower risk,False
32,Bokrijk,Genk,50.95264,5.41001,1,49,2024,11,0.020593996933061735,0,74,Lower risk,False
64,Lummen,Lummen,50.979745,5.209485,2,"32,33",2024,11,0.019890001361613303,0,75,Lower risk,False
3,Aarschot,Aarschot,50.99084,4.81259,1,87,2024,11,0.015726284208108444,0,76,Lower risk,False
37,St. pieters leeuw teller 2,Halle,50.75509,4.24943,1,105,2024,11,0.015166752626944145,0,77,Lower risk,False
11,Bilzen,Bilzen,50.86015,5.50161,1,21,2024,11,0.014462517341814946,0,78,Lower risk,False
65,Maaseik teller 1,Maaseik,51.093515,5.797205,2,"43,44",2024,11,0.013343560723866933,0,79,Lower risk,False
6,Asse teller 1,Asse,50.89621,4.17294,1,85,2024,11,0.011696732537255011,0,80,Lower risk,False
8,Balen 1,Balen,51.160205,5.19007,2,"4,5",2024,11,0.010228429163389131,0,81,Lower risk,False
41,Heers,Heers,50.75487,5.30322,2,"28,34",2024,11,0.009935726767664453,0,82,Lower risk,False
5,As,As,51.00509,5.60389,1,48,2024,11,0.007877226302934892,0,83,Lower risk,False
83,Tongeren,Tongeren,50.79286,5.52825,1,29,2024,11,0.006490673118356224,0,84,Lower risk,False
7,Asse teller 2,Asse,50.89132,4.1709,1,86,2024,11,0.006384756886775394,0,85,Lower risk,False
55,Lanaken teller 1,Lanaken,50.881215,5.63076,2,"35,36",2024,11,0.005357783764192762,0,86,Lower risk,False
