group_id,group_name,gemeente,year,month,actual,predicted_probability,predicted_label
1,Aalst 2,Aalst,2023,10,1.0,0.6261258203542522,1
1,Aalst 2,Aalst,2023,11,0.0,0.6228063970280214,1
1,Aalst 2,Aalst,2023,12,0.0,0.5404944066193013,1
1,Aalst 2,Aalst,2024,1,0.0,0.5112672785308094,1
1,Aalst 2,Aalst,2024,2,1.0,0.499129779055362,1
1,Aalst 2,Aalst,2024,3,0.0,0.5898543974971137,1
1,Aalst 2,Aalst,2024,4,0.0,0.5359734842073332,1
1,Aalst 2,Aalst,2024,5,0.0,0.5665665043091591,1
1,Aalst 2,Aalst,2024,6,1.0,0.5304048697775046,1
1,Aalst 2,Aalst,2024,7,0.0,0.5936236615125109,1
1,Aalst 2,Aalst,2024,8,0.0,0.5606767048763669,1
1,Aalst 2,Aalst,2024,11,0.0,0.47177048207381755,1
2,Aalter,Aalter,2023,10,0.0,0.5832355769721682,1
2,Aalter,Aalter,2023,11,0.0,0.4447504341593633,1
2,Aalter,Aalter,2023,12,0.0,0.43847549869725594,1
2,Aalter,Aalter,2024,1,1.0,0.41172747193431397,1
2,Aalter,Aalter,2024,2,1.0,0.4357459800621886,1
2,Aalter,Aalter,2024,3,1.0,0.48506347552304274,1
2,Aalter,Aalter,2024,4,0.0,0.473192981535468,1
2,Aalter,Aalter,2024,5,1.0,0.47881048165389944,1
2,Aalter,Aalter,2024,6,0.0,0.5812201527172984,1
2,Aalter,Aalter,2024,7,1.0,0.5140425854712001,1
2,Aalter,Aalter,2024,8,0.0,0.607299644557698,1
2,Aalter,Aalter,2024,11,0.0,0.44884426387425885,1
3,Aarschot,Aarschot,2023,10,1.0,0.26835902571040765,0
3,Aarschot,Aarschot,2023,11,0.0,0.2890285871114771,0
3,Aarschot,Aarschot,2023,12,0.0,0.21891254596596005,0
3,Aarschot,Aarschot,2024,1,0.0,0.22138945281743364,0
3,Aarschot,Aarschot,2024,2,0.0,0.19719255686476497,0
3,Aarschot,Aarschot,2024,3,0.0,0.223499731397094,0
3,Aarschot,Aarschot,2024,4,0.0,0.22236041441650506,0
3,Aarschot,Aarschot,2024,5,0.0,0.21869817010918147,0
3,Aarschot,Aarschot,2024,6,0.0,0.22729950424100057,0
3,Aarschot,Aarschot,2024,7,0.0,0.22326750074738458,0
3,Aarschot,Aarschot,2024,8,0.0,0.2340996579352614,0
3,Aarschot,Aarschot,2024,11,0.0,0.20782447239682783,0
4,Ardooie teller 1,Ardooie,2023,10,1.0,0.11251372293870451,0
4,Ardooie teller 1,Ardooie,2023,11,0.0,0.14542565779580072,0
4,Ardooie teller 1,Ardooie,2023,12,0.0,0.12197316513535782,0
4,Ardooie teller 1,Ardooie,2024,1,0.0,0.12103461443655104,0
4,Ardooie teller 1,Ardooie,2024,2,0.0,0.11122867148608839,0
4,Ardooie teller 1,Ardooie,2024,3,1.0,0.11488252356945268,0
4,Ardooie teller 1,Ardooie,2024,4,0.0,0.15500668670470566,0
4,Ardooie teller 1,Ardooie,2024,5,1.0,0.1267091726997077,0
4,Ardooie teller 1,Ardooie,2024,6,0.0,0.16902292856706666,0
4,Ardooie teller 1,Ardooie,2024,7,1.0,0.14610125796770518,0
4,Ardooie teller 1,Ardooie,2024,8,0.0,0.19032901147571826,0
4,Ardooie teller 1,Ardooie,2024,11,0.0,0.18878428685211887,0
5,As,As,2023,10,0.0,0.19744991156597727,0
5,As,As,2023,11,0.0,0.18524300971256658,0
5,As,As,2023,12,0.0,0.15623811836886695,0
5,As,As,2024,1,0.0,0.15532033897750472,0
5,As,As,2024,2,0.0,0.14041704659429535,0
5,As,As,2024,3,0.0,0.15676268148538225,0
5,As,As,2024,4,0.0,0.1682620415280243,0
5,As,As,2024,5,0.0,0.17578859552226703,0
5,As,As,2024,6,0.0,0.18843266438628475,0
5,As,As,2024,7,0.0,0.2400529698491752,0
5,As,As,2024,8,1.0,0.2716590658757495,0
5,As,As,2024,11,0.0,0.20697713370633308,0
6,Asse teller 1,Asse,2023,10,0.0,0.10950487697072646,0
6,Asse teller 1,Asse,2023,11,0.0,0.1081116817510908,0
6,Asse teller 1,Asse,2023,12,0.0,0.10920279434446253,0
6,Asse teller 1,Asse,2024,1,0.0,0.10873192723910252,0
6,Asse teller 1,Asse,2024,2,0.0,0.10722470629974863,0
6,Asse teller 1,Asse,2024,3,0.0,0.11251949286582427,0
6,Asse teller 1,Asse,2024,4,1.0,0.11540363302411102,0
6,Asse teller 1,Asse,2024,5,0.0,0.19669084683523422,0
6,Asse teller 1,Asse,2024,6,0.0,0.14494256557281737,0
6,Asse teller 1,Asse,2024,7,0.0,0.15178056697296097,0
6,Asse teller 1,Asse,2024,8,0.0,0.15889854601566022,0
6,Asse teller 1,Asse,2024,11,0.0,0.12066784726410665,0
7,Asse teller 2,Asse,2023,10,0.0,0.10928686593311299,0
7,Asse teller 2,Asse,2023,11,0.0,0.1076877400525378,0
7,Asse teller 2,Asse,2023,12,0.0,0.10923909300048382,0
7,Asse teller 2,Asse,2024,1,0.0,0.10830772830154643,0
7,Asse teller 2,Asse,2024,2,0.0,0.10703577566400674,0
7,Asse teller 2,Asse,2024,3,0.0,0.11130662420160686,0
7,Asse teller 2,Asse,2024,4,1.0,0.11430084003114416,0
7,Asse teller 2,Asse,2024,5,0.0,0.22738170483233391,0
7,Asse teller 2,Asse,2024,6,0.0,0.16284408198955788,0
7,Asse teller 2,Asse,2024,7,0.0,0.16198702116730487,0
7,Asse teller 2,Asse,2024,8,0.0,0.1591755985116472,0
7,Asse teller 2,Asse,2024,11,0.0,0.12671643104231017,0
8,Balen 1,Balen,2023,10,0.0,0.1943201624270494,0
8,Balen 1,Balen,2023,11,0.0,0.15563816108136966,0
8,Balen 1,Balen,2023,12,0.0,0.15517292005246808,0
8,Balen 1,Balen,2024,1,0.0,0.14720781789780615,0
8,Balen 1,Balen,2024,2,1.0,0.14141477729773738,0
8,Balen 1,Balen,2024,3,0.0,0.19983963624056733,0
8,Balen 1,Balen,2024,4,0.0,0.16620451096316743,0
8,Balen 1,Balen,2024,5,0.0,0.17032102126571194,0
8,Balen 1,Balen,2024,6,0.0,0.1716813124869583,0
8,Balen 1,Balen,2024,7,0.0,0.17721142765440437,0
8,Balen 1,Balen,2024,8,0.0,0.18678501332806532,0
8,Balen 1,Balen,2024,11,0.0,0.161888103114798,0
9,Beersel teller 1,Beersel,2023,10,0.0,0.09978839949967033,0
9,Beersel teller 1,Beersel,2023,11,0.0,0.10043843571939547,0
9,Beersel teller 1,Beersel,2023,12,1.0,0.1014268712583368,0
9,Beersel teller 1,Beersel,2024,1,0.0,0.13584703299650594,0
9,Beersel teller 1,Beersel,2024,2,0.0,0.10047012295871718,0
9,Beersel teller 1,Beersel,2024,3,0.0,0.11991617182141064,0
9,Beersel teller 1,Beersel,2024,4,0.0,0.13227585185617335,0
9,Beersel teller 1,Beersel,2024,5,0.0,0.12861864941666293,0
9,Beersel teller 1,Beersel,2024,6,0.0,0.1330778761675855,0
9,Beersel teller 1,Beersel,2024,7,0.0,0.12788270967342721,0
9,Beersel teller 1,Beersel,2024,8,0.0,0.11900212095474248,0
9,Beersel teller 1,Beersel,2024,11,0.0,0.10394296546919672,0
10,Beveren teller 1,Beveren,2023,10,0.0,0.21242856532526502,0
10,Beveren teller 1,Beveren,2023,11,0.0,0.18524465760985023,0
10,Beveren teller 1,Beveren,2023,12,0.0,0.16534492723515923,0
10,Beveren teller 1,Beveren,2024,1,0.0,0.14190352997646008,0
10,Beveren teller 1,Beveren,2024,2,0.0,0.12401695407711258,0
10,Beveren teller 1,Beveren,2024,3,1.0,0.1331462749696982,0
10,Beveren teller 1,Beveren,2024,4,0.0,0.17296325038461235,0
10,Beveren teller 1,Beveren,2024,5,0.0,0.13490350331177106,0
10,Beveren teller 1,Beveren,2024,6,0.0,0.13918924171132327,0
10,Beveren teller 1,Beveren,2024,7,0.0,0.14072959152437187,0
10,Beveren teller 1,Beveren,2024,11,0.0,0.13668175337523955,0
11,Bilzen,Bilzen,2023,10,0.0,0.14081665831461052,0
11,Bilzen,Bilzen,2023,11,0.0,0.13464048322630512,0
11,Bilzen,Bilzen,2023,12,0.0,0.13210936329553524,0
11,Bilzen,Bilzen,2024,1,1.0,0.1344313701590149,0
11,Bilzen,Bilzen,2024,2,0.0,0.16956661151826,0
11,Bilzen,Bilzen,2024,3,0.0,0.1408740798226469,0
11,Bilzen,Bilzen,2024,4,0.0,0.1482635765642382,0
11,Bilzen,Bilzen,2024,5,0.0,0.15128591361883284,0
11,Bilzen,Bilzen,2024,6,0.0,0.14993488282010042,0
11,Bilzen,Bilzen,2024,7,0.0,0.15765673230258598,0
11,Bilzen,Bilzen,2024,8,0.0,0.15797030898358264,0
11,Bilzen,Bilzen,2024,11,0.0,0.181938549141542,0
12,Brasschaat 2,Brasschaat,2023,10,1.0,0.3559230610805198,1
12,Brasschaat 2,Brasschaat,2023,11,0.0,0.3585715912683084,1
12,Brasschaat 2,Brasschaat,2023,12,0.0,0.31354565003342194,0
12,Brasschaat 2,Brasschaat,2024,1,0.0,0.2972517120393266,0
12,Brasschaat 2,Brasschaat,2024,2,1.0,0.28716057930510824,0
12,Brasschaat 2,Brasschaat,2024,3,0.0,0.32626678272112997,0
12,Brasschaat 2,Brasschaat,2024,4,1.0,0.3139999511970438,0
12,Brasschaat 2,Brasschaat,2024,5,0.0,0.35126499502381303,1
12,Brasschaat 2,Brasschaat,2024,6,0.0,0.3165067812996036,0
12,Brasschaat 2,Brasschaat,2024,7,0.0,0.29711021034924534,0
12,Brasschaat 2,Brasschaat,2024,8,0.0,0.3068594905172418,0
12,Brasschaat 2,Brasschaat,2024,11,0.0,0.2628644979090518,0
13,Brecht teller 1,Brecht,2023,10,0.0,0.1180421263218168,0
13,Brecht teller 1,Brecht,2023,11,1.0,0.11381872218224183,0
13,Brecht teller 1,Brecht,2023,12,0.0,0.15245913899501248,0
13,Brecht teller 1,Brecht,2024,1,0.0,0.1107524555218455,0
13,Brecht teller 1,Brecht,2024,2,0.0,0.11144897745246077,0
13,Brecht teller 1,Brecht,2024,3,0.0,0.12020833532281151,0
13,Brecht teller 1,Brecht,2024,4,0.0,0.1166426538072249,0
13,Brecht teller 1,Brecht,2024,5,0.0,0.12695201411614088,0
13,Brecht teller 1,Brecht,2024,6,0.0,0.12856382393519863,0
13,Brecht teller 1,Brecht,2024,7,0.0,0.1375034891872077,0
13,Brecht teller 1,Brecht,2024,8,0.0,0.14504874371251703,0
13,Brecht teller 1,Brecht,2024,11,0.0,0.11444177460206882,0
14,Bree,Bree,2023,10,1.0,0.4325266125137885,1
14,Bree,Bree,2023,11,1.0,0.46844164738660365,1
14,Bree,Bree,2023,12,1.0,0.4693724527850531,1
14,Bree,Bree,2024,1,1.0,0.45667675204881797,1
14,Bree,Bree,2024,2,0.0,0.42882216486313257,1
14,Bree,Bree,2024,3,1.0,0.4076536098846394,1
14,Bree,Bree,2024,4,1.0,0.5383151848761554,1
14,Bree,Bree,2024,5,1.0,0.5751752908185491,1
14,Bree,Bree,2024,6,1.0,0.59899491061274,1
14,Bree,Bree,2024,7,1.0,0.535029265927256,1
14,Bree,Bree,2024,8,1.0,0.6613538615480423,1
14,Bree,Bree,2024,11,0.0,0.4355325127304879,1
15,Brugge,Brugge,2023,10,0.0,0.2495014148037293,0
15,Brugge,Brugge,2023,11,0.0,0.211108798210915,0
15,Brugge,Brugge,2023,12,0.0,0.20434624966235865,0
15,Brugge,Brugge,2024,1,0.0,0.19074899504148932,0
15,Brugge,Brugge,2024,2,0.0,0.17485054868233346,0
15,Brugge,Brugge,2024,3,0.0,0.19561835307565079,0
15,Brugge,Brugge,2024,4,0.0,0.20056593680422902,0
15,Brugge,Brugge,2024,5,0.0,0.21997336878761617,0
15,Brugge,Brugge,2024,6,0.0,0.30404554512786747,0
15,Brugge,Brugge,2024,7,0.0,0.26353016006488983,0
15,Brugge,Brugge,2024,8,0.0,0.2772586014187598,0
15,Brugge,Brugge,2024,11,0.0,0.23082056212753635,0
16,Brugge,Brugge,2023,10,1.0,0.4569417472361755,1
16,Brugge,Brugge,2023,11,0.0,0.5013125917747726,1
16,Brugge,Brugge,2023,12,1.0,0.35775865215894254,1
16,Brugge,Brugge,2024,1,0.0,0.44998531850495804,1
16,Brugge,Brugge,2024,2,0.0,0.36959986766296676,1
16,Brugge,Brugge,2024,3,0.0,0.39947346635039993,1
16,Brugge,Brugge,2024,4,1.0,0.3927271742618604,1
16,Brugge,Brugge,2024,5,0.0,0.5368436777447804,1
16,Brugge,Brugge,2024,6,0.0,0.40849144413706395,1
16,Brugge,Brugge,2024,7,0.0,0.369730566309402,1
16,Brugge,Brugge,2024,8,1.0,0.3809977468016906,1
16,Brugge,Brugge,2024,11,0.0,0.31822227396725206,0
17,Brugge teller 1,Brugge,2023,10,1.0,0.4394747816350149,1
17,Brugge teller 1,Brugge,2023,11,0.0,0.4339527483692597,1
17,Brugge teller 1,Brugge,2023,12,1.0,0.3432840599563741,0
17,Brugge teller 1,Brugge,2024,1,0.0,0.398816428778754,1
17,Brugge teller 1,Brugge,2024,2,0.0,0.3370484014891561,0
17,Brugge teller 1,Brugge,2024,3,0.0,0.3525739942392022,1
17,Brugge teller 1,Brugge,2024,4,1.0,0.3353338835504428,0
17,Brugge teller 1,Brugge,2024,5,0.0,0.467830468918846,1
17,Brugge teller 1,Brugge,2024,6,1.0,0.3634442609971628,1
17,Brugge teller 1,Brugge,2024,7,0.0,0.410234322719654,1
17,Brugge teller 1,Brugge,2024,8,1.0,0.3808350598955923,1
17,Brugge teller 1,Brugge,2024,11,1.0,0.32832518545313255,0
18,TEST Validatie BRUGGE Y2H22022134,Brugge,2023,10,1.0,0.4308781100072426,1
19,"Brugge, Sint-Andries",Brugge,2023,10,1.0,0.2954374262527346,0
19,"Brugge, Sint-Andries",Brugge,2023,11,0.0,0.27215512038398965,0
19,"Brugge, Sint-Andries",Brugge,2023,12,0.0,0.26159047746706543,0
19,"Brugge, Sint-Andries",Brugge,2024,1,0.0,0.25015851274149664,0
19,"Brugge, Sint-Andries",Brugge,2024,2,0.0,0.22303215859736927,0
19,"Brugge, Sint-Andries",Brugge,2024,3,1.0,0.244456975576106,0
19,"Brugge, Sint-Andries",Brugge,2024,4,0.0,0.3090522370064651,0
19,"Brugge, Sint-Andries",Brugge,2024,5,0.0,0.27828580893867133,0
19,"Brugge, Sint-Andries",Brugge,2024,6,0.0,0.2670826379049577,0
19,"Brugge, Sint-Andries",Brugge,2024,7,0.0,0.25457906322912965,0
19,"Brugge, Sint-Andries",Brugge,2024,8,0.0,0.2773681039403877,0
19,"Brugge, Sint-Andries",Brugge,2024,11,0.0,0.28646530953496807,0
20,Deinze teller 2,Deinze,2023,10,0.0,0.1324373121438969,0
20,Deinze teller 2,Deinze,2023,11,0.0,0.12695622452154118,0
20,Deinze teller 2,Deinze,2023,12,0.0,0.1277212376113779,0
20,Deinze teller 2,Deinze,2024,1,0.0,0.13064752980742989,0
20,Deinze teller 2,Deinze,2024,2,0.0,0.12637735366612463,0
20,Deinze teller 2,Deinze,2024,3,0.0,0.13341838460210872,0
20,Deinze teller 2,Deinze,2024,4,0.0,0.13900458582631087,0
20,Deinze teller 2,Deinze,2024,5,0.0,0.14165693164594478,0
20,Deinze teller 2,Deinze,2024,6,0.0,0.14585638752256558,0
20,Deinze teller 2,Deinze,2024,7,0.0,0.14592092526533287,0
20,Deinze teller 2,Deinze,2024,8,0.0,0.15186947287912686,0
20,Deinze teller 2,Deinze,2024,11,1.0,0.12921428469290439,0
21,Nevele,Deinze,2023,10,0.0,0.1550757918455462,0
21,Nevele,Deinze,2023,11,0.0,0.14291540680622095,0
21,Nevele,Deinze,2023,12,0.0,0.13930388076519548,0
21,Nevele,Deinze,2024,1,0.0,0.13782133804663957,0
21,Nevele,Deinze,2024,2,0.0,0.13268536902949166,0
21,Nevele,Deinze,2024,3,0.0,0.1445082313756305,0
21,Nevele,Deinze,2024,4,1.0,0.15188859002032193,0
21,Nevele,Deinze,2024,5,0.0,0.19823630531452002,0
21,Nevele,Deinze,2024,6,0.0,0.16148235919308448,0
21,Nevele,Deinze,2024,7,0.0,0.16293205656456342,0
21,Nevele,Deinze,2024,8,0.0,0.1681487855916769,0
21,Nevele,Deinze,2024,11,0.0,0.14429427871379405,0
22,Dendermonde totem,Dendermonde,2023,10,1.0,0.7388744827633829,1
22,Dendermonde totem,Dendermonde,2023,11,1.0,0.7199178115633782,1
22,Dendermonde totem,Dendermonde,2023,12,1.0,0.7455469076171715,1
22,Dendermonde totem,Dendermonde,2024,1,1.0,0.7285947548835882,1
22,Dendermonde totem,Dendermonde,2024,2,1.0,0.6936549262618492,1
22,Dendermonde totem,Dendermonde,2024,3,1.0,0.7083601143715452,1
22,Dendermonde totem,Dendermonde,2024,4,1.0,0.7294131961720094,1
22,Dendermonde totem,Dendermonde,2024,5,1.0,0.7387876344134274,1
22,Dendermonde totem,Dendermonde,2024,6,1.0,0.7966971914117673,1
22,Dendermonde totem,Dendermonde,2024,7,1.0,0.7847779389773673,1
22,Dendermonde totem,Dendermonde,2024,8,1.0,0.7415005596768839,1
22,Dendermonde totem,Dendermonde,2024,11,1.0,0.6612102016626685,1
23,Retie,Dessel,2023,10,0.0,0.2441982938664398,0
23,Retie,Dessel,2023,11,0.0,0.22117270273084574,0
23,Retie,Dessel,2023,12,0.0,0.21479729647957002,0
23,Retie,Dessel,2024,1,0.0,0.1786131785248556,0
23,Retie,Dessel,2024,2,0.0,0.17599856796442728,0
23,Retie,Dessel,2024,3,0.0,0.19582904059990988,0
23,Retie,Dessel,2024,4,0.0,0.19377162574245013,0
23,Retie,Dessel,2024,5,0.0,0.20713217223480312,0
23,Retie,Dessel,2024,6,0.0,0.2030053406109486,0
23,Retie,Dessel,2024,7,0.0,0.20452064189928487,0
23,Retie,Dessel,2024,8,0.0,0.21823831554800582,0
23,Retie,Dessel,2024,11,0.0,0.23833065220289554,0
24,Diest teller 1,Diest,2023,10,1.0,0.537752920423282,1
24,Diest teller 1,Diest,2023,11,0.0,0.47200743397796147,1
24,Diest teller 1,Diest,2023,12,1.0,0.42585683179079054,1
24,Diest teller 1,Diest,2024,1,1.0,0.4653601124755603,1
24,Diest teller 1,Diest,2024,2,1.0,0.4619763494499586,1
24,Diest teller 1,Diest,2024,3,1.0,0.5060217860242431,1
24,Diest teller 1,Diest,2024,4,0.0,0.49981815070133173,1
24,Diest teller 1,Diest,2024,5,0.0,0.46407263801886045,1
24,Diest teller 1,Diest,2024,6,0.0,0.4675992463849592,1
24,Diest teller 1,Diest,2024,7,1.0,0.4791577458693702,1
24,Diest teller 1,Diest,2024,8,0.0,0.5277067417171948,1
24,Diest teller 1,Diest,2024,11,1.0,0.43961559282598683,1
31,Evergem 2,Evergem,2023,10,0.0,0.43943263017065154,1
31,Evergem 2,Evergem,2023,11,0.0,0.4038885027149556,1
31,Evergem 2,Evergem,2023,12,1.0,0.4093251982190373,1
31,Evergem 2,Evergem,2024,1,1.0,0.43201511034596357,1
31,Evergem 2,Evergem,2024,2,0.0,0.4052928139749491,1
31,Evergem 2,Evergem,2024,3,1.0,0.4066526343344683,1
31,Evergem 2,Evergem,2024,4,1.0,0.44788852450475203,1
31,Evergem 2,Evergem,2024,5,1.0,0.4990457773306873,1
31,Evergem 2,Evergem,2024,6,1.0,0.5298299273281047,1
31,Evergem 2,Evergem,2024,7,1.0,0.5677922213823018,1
31,Evergem 2,Evergem,2024,8,0.0,0.6014840629552651,1
31,Evergem 2,Evergem,2024,11,1.0,0.5412176933098787,1
32,Geel teller 1,Geel,2023,10,0.0,0.24703052464549216,0
32,Geel teller 1,Geel,2023,11,0.0,0.21436947105344192,0
32,Geel teller 1,Geel,2023,12,1.0,0.20777325068910873,0
32,Geel teller 1,Geel,2024,1,0.0,0.25606457936791005,0
32,Geel teller 1,Geel,2024,2,0.0,0.20661122489473208,0
32,Geel teller 1,Geel,2024,3,0.0,0.2220813786252607,0
32,Geel teller 1,Geel,2024,4,0.0,0.20543798089094917,0
32,Geel teller 1,Geel,2024,5,0.0,0.2017068995491277,0
32,Geel teller 1,Geel,2024,6,1.0,0.20659140500959552,0
32,Geel teller 1,Geel,2024,7,0.0,0.2564974052258061,0
32,Geel teller 1,Geel,2024,8,0.0,0.21857340337789277,0
32,Geel teller 1,Geel,2024,11,0.0,0.19292303013350948,0
33,Bokrijk,Genk,2023,10,0.0,0.22057652553983279,0
33,Bokrijk,Genk,2023,11,0.0,0.2080136094863415,0
33,Bokrijk,Genk,2023,12,0.0,0.19822704969729935,0
33,Bokrijk,Genk,2024,1,0.0,0.19216388487182065,0
33,Bokrijk,Genk,2024,2,0.0,0.18459189737725112,0
33,Bokrijk,Genk,2024,3,0.0,0.19907634495515952,0
33,Bokrijk,Genk,2024,4,1.0,0.20513902277506288,0
33,Bokrijk,Genk,2024,5,1.0,0.2675861202130877,0
33,Bokrijk,Genk,2024,6,0.0,0.27740793210746784,0
33,Bokrijk,Genk,2024,7,0.0,0.24674198231117273,0
33,Bokrijk,Genk,2024,8,0.0,0.2561894622980115,0
33,Bokrijk,Genk,2024,11,0.0,0.21732091664278985,0
34,Genk,Genk,2023,10,0.0,0.4124292166673146,1
34,Genk,Genk,2023,11,1.0,0.33908231143839107,0
34,Genk,Genk,2023,12,1.0,0.4090900339119857,1
34,Genk,Genk,2024,1,0.0,0.41673842900489194,1
34,Genk,Genk,2024,2,0.0,0.34143334943181053,0
34,Genk,Genk,2024,3,1.0,0.36030593174840664,1
34,Genk,Genk,2024,4,1.0,0.4896876687211702,1
34,Genk,Genk,2024,5,1.0,0.5305336123347181,1
34,Genk,Genk,2024,6,0.0,0.6201790997958849,1
34,Genk,Genk,2024,7,1.0,0.4405037651220571,1
34,Genk,Genk,2024,8,1.0,0.6121472135397743,1
34,Genk,Genk,2024,11,0.0,0.4897791577124291,1
35,Gent,Gent,2023,10,1.0,0.7290852008350405,1
35,Gent,Gent,2023,11,1.0,0.627725933839383,1
35,Gent,Gent,2023,12,0.0,0.5728030306771085,1
35,Gent,Gent,2024,1,1.0,0.501055931437316,1
35,Gent,Gent,2024,2,1.0,0.5588640192878342,1
35,Gent,Gent,2024,3,1.0,0.626336600044256,1
35,Gent,Gent,2024,4,1.0,0.6534366925157938,1
35,Gent,Gent,2024,5,1.0,0.6637153354406701,1
35,Gent,Gent,2024,6,0.0,0.6794954188806583,1
35,Gent,Gent,2024,7,1.0,0.6009251716322079,1
35,Gent,Gent,2024,8,1.0,0.7232760891990268,1
35,Gent,Gent,2024,11,0.0,0.6242620737016853,1
36,Gent teller 1,Gent,2023,10,1.0,0.5581145027342771,1
36,Gent teller 1,Gent,2023,11,0.0,0.5848917683003967,1
36,Gent teller 1,Gent,2023,12,0.0,0.5152117223852036,1
36,Gent teller 1,Gent,2024,1,1.0,0.49757305476098657,1
36,Gent teller 1,Gent,2024,2,0.0,0.5382030116989823,1
36,Gent teller 1,Gent,2024,3,1.0,0.5030791690298578,1
36,Gent teller 1,Gent,2024,4,1.0,0.5529466917085535,1
36,Gent teller 1,Gent,2024,5,1.0,0.6235744229486287,1
36,Gent teller 1,Gent,2024,6,0.0,0.7270552034912942,1
36,Gent teller 1,Gent,2024,7,0.0,0.5920230118611315,1
36,Gent teller 1,Gent,2024,8,0.0,0.5811035530475045,1
36,Gent teller 1,Gent,2024,11,1.0,0.573775831689788,1
37,Gent R4,Gent,2023,10,1.0,0.21336130852687407,0
37,Gent R4,Gent,2023,11,0.0,0.2537189755429507,0
37,Gent R4,Gent,2023,12,1.0,0.2109034191711739,0
37,Gent R4,Gent,2024,1,0.0,0.3262707448496981,0
37,Gent R4,Gent,2024,2,0.0,0.25693237766554855,0
37,Gent R4,Gent,2024,3,0.0,0.27138337575308263,0
37,Gent R4,Gent,2024,4,0.0,0.26979314333487725,0
37,Gent R4,Gent,2024,5,0.0,0.2674082557647042,0
37,Gent R4,Gent,2024,6,1.0,0.24779552897734866,0
37,Gent R4,Gent,2024,7,0.0,0.3107949053136081,0
37,Gent R4,Gent,2024,8,0.0,0.25317464912009674,0
37,Gent R4,Gent,2024,11,1.0,0.2199809044607851,0
38,St. pieters leeuw teller 2,Halle,2023,10,0.0,0.12010988828229145,0
38,St. pieters leeuw teller 2,Halle,2023,11,0.0,0.11779524452331898,0
38,St. pieters leeuw teller 2,Halle,2023,12,0.0,0.11571467740598697,0
38,St. pieters leeuw teller 2,Halle,2024,1,1.0,0.1174214409428883,0
38,St. pieters leeuw teller 2,Halle,2024,2,0.0,0.14757584263107557,0
38,St. pieters leeuw teller 2,Halle,2024,3,0.0,0.12311773408007455,0
38,St. pieters leeuw teller 2,Halle,2024,4,0.0,0.12676102175258647,0
38,St. pieters leeuw teller 2,Halle,2024,5,0.0,0.1256827613370041,0
38,St. pieters leeuw teller 2,Halle,2024,6,0.0,0.12558017695213583,0
38,St. pieters leeuw teller 2,Halle,2024,7,0.0,0.12826526061375243,0
38,St. pieters leeuw teller 2,Halle,2024,8,0.0,0.1311307832945463,0
38,St. pieters leeuw teller 2,Halle,2024,11,0.0,0.12028898923474983,0
39,Hamme totem,Hamme,2023,10,0.0,0.4891694865049409,1
39,Hamme totem,Hamme,2023,11,0.0,0.4122251626144757,1
39,Hamme totem,Hamme,2023,12,1.0,0.3853278483655256,1
39,Hamme totem,Hamme,2024,1,1.0,0.5051855991999825,1
39,Hamme totem,Hamme,2024,2,0.0,0.4406067529794937,1
39,Hamme totem,Hamme,2024,3,0.0,0.41029298763143024,1
39,Hamme totem,Hamme,2024,4,1.0,0.3999250089938503,1
39,Hamme totem,Hamme,2024,5,0.0,0.5248782301662124,1
39,Hamme totem,Hamme,2024,6,0.0,0.4687522657533949,1
39,Hamme totem,Hamme,2024,7,0.0,0.4640614238367193,1
39,Hamme totem,Hamme,2024,8,0.0,0.46144646279770635,1
39,Hamme totem,Hamme,2024,11,0.0,0.49447880617948947,1
40,Hasselt-Kempische brug,Hasselt,2023,10,1.0,0.7838520497061844,1
40,Hasselt-Kempische brug,Hasselt,2023,11,1.0,0.7428329055535386,1
40,Hasselt-Kempische brug,Hasselt,2023,12,1.0,0.741087934657723,1
40,Hasselt-Kempische brug,Hasselt,2024,1,1.0,0.685651247232816,1
40,Hasselt-Kempische brug,Hasselt,2024,2,1.0,0.682479983126733,1
40,Hasselt-Kempische brug,Hasselt,2024,3,1.0,0.7049347922700879,1
40,Hasselt-Kempische brug,Hasselt,2024,4,1.0,0.7518806741799391,1
40,Hasselt-Kempische brug,Hasselt,2024,5,1.0,0.8061441876393527,1
40,Hasselt-Kempische brug,Hasselt,2024,6,0.0,0.7970024302038159,1
40,Hasselt-Kempische brug,Hasselt,2024,7,0.0,0.7030468093333215,1
40,Hasselt-Kempische brug,Hasselt,2024,8,1.0,0.699306801309226,1
40,Hasselt-Kempische brug,Hasselt,2024,11,0.0,0.7037798832524065,1
41,Hasselt ring,Hasselt,2023,10,0.0,0.7272245173104868,1
41,Hasselt ring,Hasselt,2023,11,0.0,0.6356067392341658,1
41,Hasselt ring,Hasselt,2023,12,1.0,0.6268651972946331,1
41,Hasselt ring,Hasselt,2024,1,1.0,0.7553449832605773,1
41,Hasselt ring,Hasselt,2024,2,1.0,0.7047614071028768,1
41,Hasselt ring,Hasselt,2024,3,1.0,0.7405041189569228,1
41,Hasselt ring,Hasselt,2024,4,1.0,0.771552435623816,1
41,Hasselt ring,Hasselt,2024,5,1.0,0.806446240074456,1
41,Hasselt ring,Hasselt,2024,6,1.0,0.8189523770835839,1
41,Hasselt ring,Hasselt,2024,7,0.0,0.8455499679086435,1
41,Hasselt ring,Hasselt,2024,8,1.0,0.7203499813891138,1
41,Hasselt ring,Hasselt,2024,11,0.0,0.8131381688499046,1
42,Heers,Heers,2023,10,0.0,0.11723251317767897,0
42,Heers,Heers,2023,11,0.0,0.11180013781610021,0
42,Heers,Heers,2023,12,0.0,0.11307694682796718,0
42,Heers,Heers,2024,1,0.0,0.11156758425756386,0
42,Heers,Heers,2024,2,0.0,0.1086654718619352,0
42,Heers,Heers,2024,3,0.0,0.1187971697375406,0
42,Heers,Heers,2024,4,0.0,0.1285396987564799,0
42,Heers,Heers,2024,5,0.0,0.13225920203450417,0
42,Heers,Heers,2024,6,0.0,0.1335369399381045,0
42,Heers,Heers,2024,7,0.0,0.13768182485204622,0
42,Heers,Heers,2024,8,0.0,0.1387781718647393,0
42,Heers,Heers,2024,11,0.0,0.11701634260378405,0
43,Heist op den Berg 1,Heist-op-den-Berg,2023,10,1.0,0.16760539510604566,0
43,Heist op den Berg 1,Heist-op-den-Berg,2023,11,1.0,0.20343295676082576,0
43,Heist op den Berg 1,Heist-op-den-Berg,2023,12,0.0,0.21367768593133862,0
43,Heist op den Berg 1,Heist-op-den-Berg,2024,1,1.0,0.17447480836342666,0
43,Heist op den Berg 1,Heist-op-den-Berg,2024,2,0.0,0.20005055475469494,0
43,Heist op den Berg 1,Heist-op-den-Berg,2024,3,0.0,0.195947642621831,0
43,Heist op den Berg 1,Heist-op-den-Berg,2024,4,0.0,0.199042453139837,0
43,Heist op den Berg 1,Heist-op-den-Berg,2024,5,0.0,0.2017340672240017,0
43,Heist op den Berg 1,Heist-op-den-Berg,2024,6,0.0,0.19542392863624777,0
43,Heist op den Berg 1,Heist-op-den-Berg,2024,7,0.0,0.18524849089325293,0
43,Heist op den Berg 1,Heist-op-den-Berg,2024,8,0.0,0.18306010805533826,0
43,Heist op den Berg 1,Heist-op-den-Berg,2024,11,0.0,0.16979464668852712,0
44,Heist op den Berg 2,Heist-op-den-Berg,2023,10,1.0,0.24969477833773152,0
44,Heist op den Berg 2,Heist-op-den-Berg,2023,11,0.0,0.2444448055104246,0
44,Heist op den Berg 2,Heist-op-den-Berg,2023,12,0.0,0.20256864494337462,0
44,Heist op den Berg 2,Heist-op-den-Berg,2024,1,1.0,0.16985104216088343,0
44,Heist op den Berg 2,Heist-op-den-Berg,2024,2,0.0,0.19199043725345746,0
44,Heist op den Berg 2,Heist-op-den-Berg,2024,3,0.0,0.19705360411760642,0
44,Heist op den Berg 2,Heist-op-den-Berg,2024,4,0.0,0.21564961932889942,0
44,Heist op den Berg 2,Heist-op-den-Berg,2024,5,0.0,0.2119006318615359,0
44,Heist op den Berg 2,Heist-op-den-Berg,2024,6,0.0,0.22473138922742794,0
44,Heist op den Berg 2,Heist-op-den-Berg,2024,7,1.0,0.22456471637510575,0
44,Heist op den Berg 2,Heist-op-den-Berg,2024,8,0.0,0.2793985520397968,0
44,Heist op den Berg 2,Heist-op-den-Berg,2024,11,0.0,0.19739903922001525,0
45,Herent teller 1,Herent,2023,10,1.0,0.21309026148041538,0
45,Herent teller 1,Herent,2023,11,0.0,0.25300915508433125,0
45,Herent teller 1,Herent,2023,12,0.0,0.19715521940159003,0
45,Herent teller 1,Herent,2024,1,0.0,0.20749326178843228,0
45,Herent teller 1,Herent,2024,2,0.0,0.20622211435553617,0
45,Herent teller 1,Herent,2024,3,0.0,0.21466900336085407,0
45,Herent teller 1,Herent,2024,4,0.0,0.22091421514572376,0
45,Herent teller 1,Herent,2024,5,0.0,0.22974093620599137,0
45,Herent teller 1,Herent,2024,6,0.0,0.22916784452294542,0
45,Herent teller 1,Herent,2024,7,0.0,0.22192826239202335,0
45,Herent teller 1,Herent,2024,8,0.0,0.23505446348827597,0
45,Herent teller 1,Herent,2024,11,0.0,0.20880095726048076,0
46,Herentals totem,Herentals,2023,10,0.0,0.23028721209061953,0
46,Herentals totem,Herentals,2023,11,0.0,0.21218978770460412,0
46,Herentals totem,Herentals,2023,12,0.0,0.2094006549892855,0
46,Herentals totem,Herentals,2024,1,0.0,0.20270433323827594,0
46,Herentals totem,Herentals,2024,2,0.0,0.20169591814198654,0
46,Herentals totem,Herentals,2024,3,1.0,0.2274144849630952,0
46,Herentals totem,Herentals,2024,4,0.0,0.2905222005158879,0
46,Herentals totem,Herentals,2024,5,0.0,0.2537960810599096,0
46,Herentals totem,Herentals,2024,6,0.0,0.25650636486500755,0
46,Herentals totem,Herentals,2024,7,0.0,0.2582322458456585,0
46,Herentals totem,Herentals,2024,8,1.0,0.2665467435445696,0
46,Herentals totem,Herentals,2024,11,0.0,0.27624412022318257,0
47,Herk De Stad,Herk-de-Stad,2023,10,0.0,0.34256508472351954,0
47,Herk De Stad,Herk-de-Stad,2023,11,1.0,0.23410313159535673,0
47,Herk De Stad,Herk-de-Stad,2023,12,0.0,0.2818221679197495,0
47,Herk De Stad,Herk-de-Stad,2024,1,0.0,0.21979387073974974,0
47,Herk De Stad,Herk-de-Stad,2024,2,0.0,0.21158002189025332,0
47,Herk De Stad,Herk-de-Stad,2024,3,0.0,0.23694356458667928,0
47,Herk De Stad,Herk-de-Stad,2024,4,0.0,0.2315453526915629,0
47,Herk De Stad,Herk-de-Stad,2024,5,0.0,0.22795528315064004,0
47,Herk De Stad,Herk-de-Stad,2024,6,0.0,0.22704900938605183,0
47,Herk De Stad,Herk-de-Stad,2024,7,1.0,0.2285712826991814,0
47,Herk De Stad,Herk-de-Stad,2024,8,1.0,0.3005304863415135,0
47,Herk De Stad,Herk-de-Stad,2024,11,0.0,0.21309774733292533,0
48,Houthalen-Helchteren,Houthalen-Helchteren,2023,10,0.0,0.29649250900832697,0
48,Houthalen-Helchteren,Houthalen-Helchteren,2023,11,0.0,0.2719807951460918,0
48,Houthalen-Helchteren,Houthalen-Helchteren,2023,12,1.0,0.2274574954320709,0
48,Houthalen-Helchteren,Houthalen-Helchteren,2024,1,1.0,0.27435340746160974,0
48,Houthalen-Helchteren,Houthalen-Helchteren,2024,2,0.0,0.276927756272447,0
48,Houthalen-Helchteren,Houthalen-Helchteren,2024,3,1.0,0.2513155525822035,0
48,Houthalen-Helchteren,Houthalen-Helchteren,2024,4,1.0,0.3154389223852024,0
48,Houthalen-Helchteren,Houthalen-Helchteren,2024,5,0.0,0.35461331233136284,1
48,Houthalen-Helchteren,Houthalen-Helchteren,2024,6,1.0,0.30231531183521737,0
48,Houthalen-Helchteren,Houthalen-Helchteren,2024,7,0.0,0.3851883082491238,1
48,Houthalen-Helchteren,Houthalen-Helchteren,2024,8,0.0,0.3364948832111998,0
48,Houthalen-Helchteren,Houthalen-Helchteren,2024,11,0.0,0.28023897312244134,0
49,Ieper,Ieper,2023,10,1.0,0.21276939504648346,0
49,Ieper,Ieper,2023,11,0.0,0.30068228614417764,0
49,Ieper,Ieper,2023,12,0.0,0.2390136198456585,0
49,Ieper,Ieper,2024,1,0.0,0.23878901421288462,0
49,Ieper,Ieper,2024,2,0.0,0.2164834440446646,0
49,Ieper,Ieper,2024,3,1.0,0.2277580556346062,0
49,Ieper,Ieper,2024,4,0.0,0.250165985841924,0
49,Ieper,Ieper,2024,5,0.0,0.2520573201169877,0
49,Ieper,Ieper,2024,6,0.0,0.22676553661208826,0
49,Ieper,Ieper,2024,7,0.0,0.2214018971842307,0
49,Ieper,Ieper,2024,8,0.0,0.22580990619440205,0
49,Ieper,Ieper,2024,11,0.0,0.18108957374729256,0
50,Roeselare totem,Izegem,2023,10,0.0,0.19229510408054204,0
50,Roeselare totem,Izegem,2023,11,0.0,0.1684232273140593,0
50,Roeselare totem,Izegem,2023,12,0.0,0.15550459669132533,0
50,Roeselare totem,Izegem,2024,1,0.0,0.1536823509177858,0
50,Roeselare totem,Izegem,2024,2,1.0,0.14178578638491382,0
50,Roeselare totem,Izegem,2024,3,0.0,0.18771912661347717,0
50,Roeselare totem,Izegem,2024,4,0.0,0.16107108034520362,0
50,Roeselare totem,Izegem,2024,5,0.0,0.16471748605484016,0
50,Roeselare totem,Izegem,2024,6,1.0,0.17190105796125857,0
50,Roeselare totem,Izegem,2024,7,0.0,0.21774453358862575,0
50,Roeselare totem,Izegem,2024,8,0.0,0.1981564484989586,0
50,Roeselare totem,Izegem,2024,11,0.0,0.21252418548599739,0
51,Kampenhout teller 1,Kampenhout,2023,10,1.0,0.26272876775748266,0
51,Kampenhout teller 1,Kampenhout,2023,11,0.0,0.2630978686307108,0
51,Kampenhout teller 1,Kampenhout,2023,12,0.0,0.23263302221027982,0
51,Kampenhout teller 1,Kampenhout,2024,1,0.0,0.22628621749504801,0
51,Kampenhout teller 1,Kampenhout,2024,2,0.0,0.2068435614581799,0
51,Kampenhout teller 1,Kampenhout,2024,3,0.0,0.22195584535599064,0
51,Kampenhout teller 1,Kampenhout,2024,4,0.0,0.22980475616239437,0
51,Kampenhout teller 1,Kampenhout,2024,5,1.0,0.22046412145966135,0
51,Kampenhout teller 1,Kampenhout,2024,6,0.0,0.27964006987925183,0
51,Kampenhout teller 1,Kampenhout,2024,7,1.0,0.2433143130945865,0
51,Kampenhout teller 1,Kampenhout,2024,8,0.0,0.31154229002749934,0
51,Kampenhout teller 1,Kampenhout,2024,11,0.0,0.2172000247735544,0
52,Eco Display Classic Budastraat,Kortrijk,2023,12,1.0,0.46695078142679924,1
52,Eco Display Classic Budastraat,Kortrijk,2024,1,1.0,0.7064395501400534,1
52,Eco Display Classic Budastraat,Kortrijk,2024,2,1.0,0.784991621830009,1
52,Eco Display Classic Budastraat,Kortrijk,2024,3,1.0,0.8358160835807181,1
52,Eco Display Classic Budastraat,Kortrijk,2024,4,1.0,0.7658757168620355,1
52,Eco Display Classic Budastraat,Kortrijk,2024,5,1.0,0.8461501667075128,1
52,Eco Display Classic Budastraat,Kortrijk,2024,6,1.0,0.8419139330485762,1
52,Eco Display Classic Budastraat,Kortrijk,2024,7,1.0,0.8344491325098313,1
52,Eco Display Classic Budastraat,Kortrijk,2024,8,1.0,0.8290436677296689,1
52,Eco Display Classic Budastraat,Kortrijk,2024,11,1.0,0.8059578515737632,1
53,Kortrijk 1,Kortrijk,2023,10,1.0,0.7210501196746238,1
53,Kortrijk 1,Kortrijk,2023,11,1.0,0.7361605006036785,1
53,Kortrijk 1,Kortrijk,2023,12,1.0,0.6701494627089157,1
53,Kortrijk 1,Kortrijk,2024,1,1.0,0.6636641300646644,1
53,Kortrijk 1,Kortrijk,2024,2,1.0,0.6859534928072819,1
53,Kortrijk 1,Kortrijk,2024,3,1.0,0.6985190940981554,1
53,Kortrijk 1,Kortrijk,2024,4,1.0,0.7688277458289724,1
53,Kortrijk 1,Kortrijk,2024,5,1.0,0.8005624987986404,1
53,Kortrijk 1,Kortrijk,2024,6,1.0,0.7714174718550003,1
53,Kortrijk 1,Kortrijk,2024,7,1.0,0.7611776327201873,1
53,Kortrijk 1,Kortrijk,2024,8,1.0,0.7618665122079811,1
53,Kortrijk 1,Kortrijk,2024,11,1.0,0.7501984481044657,1
54,Kortrijk teller 1,Kortrijk,2023,10,1.0,0.4821403393639923,1
54,Kortrijk teller 1,Kortrijk,2023,11,1.0,0.5795064353820575,1
54,Kortrijk teller 1,Kortrijk,2023,12,1.0,0.6279149667137373,1
54,Kortrijk teller 1,Kortrijk,2024,1,1.0,0.5420557582064279,1
54,Kortrijk teller 1,Kortrijk,2024,2,1.0,0.5599977260628988,1
54,Kortrijk teller 1,Kortrijk,2024,3,0.0,0.5628390795081654,1
54,Kortrijk teller 1,Kortrijk,2024,4,1.0,0.5029876053725922,1
54,Kortrijk teller 1,Kortrijk,2024,5,1.0,0.6645457166958545,1
54,Kortrijk teller 1,Kortrijk,2024,6,0.0,0.7134063226859375,1
54,Kortrijk teller 1,Kortrijk,2024,7,1.0,0.572026241523992,1
54,Kortrijk teller 1,Kortrijk,2024,8,0.0,0.6098148031898257,1
54,Kortrijk teller 1,Kortrijk,2024,11,0.0,0.5352187002456004,1
55,Tervuren,Kraainem,2024,8,1.0,0.175205447898452,0
55,Tervuren,Kraainem,2024,11,1.0,0.2064754882097237,0
56,Lanaken teller 1,Lanaken,2023,10,0.0,0.15502561007014418,0
56,Lanaken teller 1,Lanaken,2023,11,0.0,0.1406290550574653,0
56,Lanaken teller 1,Lanaken,2023,12,0.0,0.13974666490282636,0
56,Lanaken teller 1,Lanaken,2024,1,0.0,0.13464875101464555,0
56,Lanaken teller 1,Lanaken,2024,2,0.0,0.1281215933317926,0
56,Lanaken teller 1,Lanaken,2024,3,0.0,0.14597016456711626,0
56,Lanaken teller 1,Lanaken,2024,4,0.0,0.1481061565422803,0
56,Lanaken teller 1,Lanaken,2024,5,0.0,0.16671764837719008,0
56,Lanaken teller 1,Lanaken,2024,6,0.0,0.1643036035474453,0
56,Lanaken teller 1,Lanaken,2024,7,0.0,0.18125683485554872,0
56,Lanaken teller 1,Lanaken,2024,8,0.0,0.18879833503121315,0
56,Lanaken teller 1,Lanaken,2024,11,0.0,0.15235260551328744,0
57,Heverlee teller 2,Leuven,2023,10,0.0,0.31339572222080053,0
57,Heverlee teller 2,Leuven,2023,11,0.0,0.303573351238604,0
57,Heverlee teller 2,Leuven,2023,12,0.0,0.2903324704813257,0
57,Heverlee teller 2,Leuven,2024,1,0.0,0.27469061143703055,0
57,Heverlee teller 2,Leuven,2024,2,0.0,0.266908732665537,0
57,Heverlee teller 2,Leuven,2024,3,0.0,0.30332772728527735,0
57,Heverlee teller 2,Leuven,2024,4,1.0,0.3096290680159969,0
57,Heverlee teller 2,Leuven,2024,5,0.0,0.39206553000964905,1
57,Heverlee teller 2,Leuven,2024,6,0.0,0.33362236467671735,0
57,Heverlee teller 2,Leuven,2024,7,0.0,0.335354054829004,0
57,Heverlee teller 2,Leuven,2024,8,1.0,0.3262369742488371,0
57,Heverlee teller 2,Leuven,2024,11,0.0,0.3141629358786565,0
58,test leuven,Leuven,2023,10,1.0,0.8447657204419745,1
58,test leuven,Leuven,2023,11,1.0,0.8428212515469933,1
58,test leuven,Leuven,2023,12,1.0,0.7795154801997939,1
58,test leuven,Leuven,2024,1,1.0,0.8338900560458454,1
58,test leuven,Leuven,2024,2,1.0,0.7712867531724754,1
58,test leuven,Leuven,2024,3,1.0,0.8572604198120273,1
58,test leuven,Leuven,2024,4,1.0,0.853559496581825,1
58,test leuven,Leuven,2024,5,1.0,0.8641115053512267,1
58,test leuven,Leuven,2024,6,1.0,0.8704074239279267,1
58,test leuven,Leuven,2024,7,1.0,0.8256084973666145,1
58,test leuven,Leuven,2024,8,1.0,0.8632058254583459,1
58,test leuven,Leuven,2024,11,1.0,0.833002954612656,1
59,leuven totem,Leuven,2023,10,1.0,0.8248968148516679,1
59,leuven totem,Leuven,2023,11,1.0,0.8203508233180787,1
59,leuven totem,Leuven,2023,12,1.0,0.83391225552721,1
59,leuven totem,Leuven,2024,1,1.0,0.7952532942786261,1
59,leuven totem,Leuven,2024,2,1.0,0.8261604162894319,1
59,leuven totem,Leuven,2024,3,1.0,0.8389579059999663,1
59,leuven totem,Leuven,2024,4,1.0,0.8434253382026766,1
59,leuven totem,Leuven,2024,5,1.0,0.8535686034561534,1
59,leuven totem,Leuven,2024,6,1.0,0.8633156468074258,1
59,leuven totem,Leuven,2024,7,1.0,0.8325935460176705,1
59,leuven totem,Leuven,2024,8,1.0,0.8584214464833643,1
59,leuven totem,Leuven,2024,11,1.0,0.8305307088636047,1
60,Lier teller 1,Lier,2023,10,0.0,0.17213564421261368,0
60,Lier teller 1,Lier,2023,11,0.0,0.17381726831622388,0
60,Lier teller 1,Lier,2023,12,1.0,0.17194685335929977,0
60,Lier teller 1,Lier,2024,1,0.0,0.21334927060996337,0
60,Lier teller 1,Lier,2024,2,0.0,0.16300469592247877,0
60,Lier teller 1,Lier,2024,3,0.0,0.17509084116471263,0
60,Lier teller 1,Lier,2024,4,0.0,0.17707354523555124,0
60,Lier teller 1,Lier,2024,5,0.0,0.17894569968493554,0
60,Lier teller 1,Lier,2024,6,0.0,0.18199982461096725,0
60,Lier teller 1,Lier,2024,7,1.0,0.18297411338932923,0
60,Lier teller 1,Lier,2024,8,0.0,0.29616652684108086,0
60,Lier teller 1,Lier,2024,11,0.0,0.18410616588247625,0
61,Gierde lille,Lille,2023,10,0.0,0.125372887170679,0
61,Gierde lille,Lille,2023,11,0.0,0.12619917555283308,0
61,Gierde lille,Lille,2023,12,0.0,0.12447229986554767,0
61,Gierde lille,Lille,2024,1,0.0,0.1260077869607166,0
61,Gierde lille,Lille,2024,2,0.0,0.123012272137412,0
61,Gierde lille,Lille,2024,3,0.0,0.1301475300870576,0
61,Gierde lille,Lille,2024,4,0.0,0.13730711583844074,0
61,Gierde lille,Lille,2024,5,0.0,0.1376387376348642,0
61,Gierde lille,Lille,2024,6,0.0,0.13957993968400012,0
61,Gierde lille,Lille,2024,7,0.0,0.14597056442024958,0
61,Gierde lille,Lille,2024,8,1.0,0.1512989172203556,0
61,Gierde lille,Lille,2024,11,1.0,0.1291268327614092,0
62,Lokeren teller 1,Lokeren,2023,10,0.0,0.1749880468467741,0
62,Lokeren teller 1,Lokeren,2023,11,0.0,0.16945277152706648,0
62,Lokeren teller 1,Lokeren,2023,12,0.0,0.1695014636195462,0
62,Lokeren teller 1,Lokeren,2024,1,0.0,0.17077281575682618,0
62,Lokeren teller 1,Lokeren,2024,2,1.0,0.160498351852572,0
62,Lokeren teller 1,Lokeren,2024,3,1.0,0.21206154118344334,0
62,Lokeren teller 1,Lokeren,2024,4,0.0,0.21878623838550187,0
62,Lokeren teller 1,Lokeren,2024,5,1.0,0.19585565770557317,0
62,Lokeren teller 1,Lokeren,2024,6,1.0,0.3033727514422231,0
62,Lokeren teller 1,Lokeren,2024,7,0.0,0.27547539141734473,0
62,Lokeren teller 1,Lokeren,2024,8,1.0,0.25569755233389146,0
62,Lokeren teller 1,Lokeren,2024,11,0.0,0.21447449066357116,0
64,Lommel teller 1,Lommel,2023,10,0.0,0.1470210724710977,0
64,Lommel teller 1,Lommel,2023,11,0.0,0.14799179397157214,0
64,Lommel teller 1,Lommel,2023,12,1.0,0.13847032939329687,0
64,Lommel teller 1,Lommel,2024,1,1.0,0.21618352732034238,0
64,Lommel teller 1,Lommel,2024,2,0.0,0.18976433638715537,0
64,Lommel teller 1,Lommel,2024,3,0.0,0.18607258600682022,0
64,Lommel teller 1,Lommel,2024,4,1.0,0.18891193629771977,0
64,Lommel teller 1,Lommel,2024,5,0.0,0.2865049252146351,0
64,Lommel teller 1,Lommel,2024,6,0.0,0.2214449198916598,0
64,Lommel teller 1,Lommel,2024,7,0.0,0.23084210191242885,0
64,Lommel teller 1,Lommel,2024,8,0.0,0.22776114535265796,0
64,Lommel teller 1,Lommel,2024,11,0.0,0.15849865973419194,0
65,Lummen,Lummen,2023,10,0.0,0.11576095195983585,0
65,Lummen,Lummen,2023,11,0.0,0.11405006899005221,0
65,Lummen,Lummen,2023,12,0.0,0.11549476156169708,0
65,Lummen,Lummen,2024,1,0.0,0.12030564803792221,0
65,Lummen,Lummen,2024,2,0.0,0.11550983239284526,0
65,Lummen,Lummen,2024,3,0.0,0.12361686925734983,0
65,Lummen,Lummen,2024,4,0.0,0.13035571195207413,0
65,Lummen,Lummen,2024,5,0.0,0.13120471805269557,0
65,Lummen,Lummen,2024,6,0.0,0.13346110721622093,0
65,Lummen,Lummen,2024,7,1.0,0.13651359919287226,0
65,Lummen,Lummen,2024,8,0.0,0.18436456090940115,0
65,Lummen,Lummen,2024,11,0.0,0.12560552715215373,0
66,Maaseik teller 1,Maaseik,2023,10,1.0,0.18979259304566842,0
66,Maaseik teller 1,Maaseik,2023,11,0.0,0.21506698869772256,0
66,Maaseik teller 1,Maaseik,2023,12,0.0,0.17150292439376616,0
66,Maaseik teller 1,Maaseik,2024,1,1.0,0.16420414599965477,0
66,Maaseik teller 1,Maaseik,2024,2,0.0,0.23353463827532417,0
66,Maaseik teller 1,Maaseik,2024,3,0.0,0.20371450520590342,0
66,Maaseik teller 1,Maaseik,2024,4,0.0,0.20938089243858118,0
66,Maaseik teller 1,Maaseik,2024,5,0.0,0.24377664979071303,0
66,Maaseik teller 1,Maaseik,2024,6,0.0,0.21183384546275866,0
66,Maaseik teller 1,Maaseik,2024,7,0.0,0.2276495851101747,0
66,Maaseik teller 1,Maaseik,2024,8,0.0,0.2386309179182648,0
66,Maaseik teller 1,Maaseik,2024,11,0.0,0.18631992590531554,0
67,Maasmechelen teller 1,Maasmechelen,2023,10,1.0,0.26365229316817407,0
67,Maasmechelen teller 1,Maasmechelen,2023,11,1.0,0.3064075572955432,0
67,Maasmechelen teller 1,Maasmechelen,2023,12,0.0,0.368187499648313,1
67,Maasmechelen teller 1,Maasmechelen,2024,1,1.0,0.2972031640798563,0
67,Maasmechelen teller 1,Maasmechelen,2024,2,1.0,0.3376848084113122,0
67,Maasmechelen teller 1,Maasmechelen,2024,3,1.0,0.43388618569438847,1
67,Maasmechelen teller 1,Maasmechelen,2024,4,0.0,0.47220385315617686,1
67,Maasmechelen teller 1,Maasmechelen,2024,5,1.0,0.35262257948890396,1
67,Maasmechelen teller 1,Maasmechelen,2024,6,0.0,0.4108632229322373,1
67,Maasmechelen teller 1,Maasmechelen,2024,7,0.0,0.3442700194450207,0
67,Maasmechelen teller 1,Maasmechelen,2024,8,0.0,0.33675497062654264,0
67,Maasmechelen teller 1,Maasmechelen,2024,11,0.0,0.2825261696529382,0
68,Machelen,Machelen,2023,10,0.0,0.14838827245122171,0
68,Machelen,Machelen,2023,11,0.0,0.1432146674266621,0
68,Machelen,Machelen,2023,12,0.0,0.12825983024766646,0
68,Machelen,Machelen,2024,1,0.0,0.13056994507743097,0
68,Machelen,Machelen,2024,2,0.0,0.12558826575809126,0
68,Machelen,Machelen,2024,3,0.0,0.1354740153764395,0
68,Machelen,Machelen,2024,4,0.0,0.14259452616605486,0
68,Machelen,Machelen,2024,5,1.0,0.14861383763538508,0
68,Machelen,Machelen,2024,6,0.0,0.20307416368440237,0
68,Machelen,Machelen,2024,7,0.0,0.16460596301642544,0
68,Machelen,Machelen,2024,8,1.0,0.16896047254137012,0
68,Machelen,Machelen,2024,11,0.0,0.15243370070842988,0
69,Malle teller 1,Malle,2023,10,0.0,0.11382188395299421,0
69,Malle teller 1,Malle,2023,11,0.0,0.11656055252032026,0
69,Malle teller 1,Malle,2023,12,0.0,0.11824770377081986,0
69,Malle teller 1,Malle,2024,1,0.0,0.11264838078122608,0
69,Malle teller 1,Malle,2024,2,0.0,0.10736923671429009,0
69,Malle teller 1,Malle,2024,3,0.0,0.11670092799361834,0
69,Malle teller 1,Malle,2024,4,0.0,0.11706938088271616,0
69,Malle teller 1,Malle,2024,5,0.0,0.12489201064819395,0
69,Malle teller 1,Malle,2024,6,0.0,0.12766699948071344,0
69,Malle teller 1,Malle,2024,7,0.0,0.12971421958810095,0
69,Malle teller 1,Malle,2024,8,0.0,0.13613336569595355,0
69,Malle teller 1,Malle,2024,11,0.0,0.11104808453435798,0
70,Mechelen teller 1,Mechelen,2023,10,1.0,0.575669405056187,1
70,Mechelen teller 1,Mechelen,2023,11,0.0,0.5400405286262903,1
70,Mechelen teller 1,Mechelen,2023,12,0.0,0.5116214101104228,1
70,Mechelen teller 1,Mechelen,2024,1,1.0,0.4910999254325313,1
70,Mechelen teller 1,Mechelen,2024,2,0.0,0.5957072236096108,1
70,Mechelen teller 1,Mechelen,2024,3,1.0,0.5356836923511709,1
70,Mechelen teller 1,Mechelen,2024,4,1.0,0.5991381560470661,1
70,Mechelen teller 1,Mechelen,2024,5,1.0,0.6057148118828304,1
70,Mechelen teller 1,Mechelen,2024,6,1.0,0.6931794932410991,1
70,Mechelen teller 1,Mechelen,2024,7,1.0,0.6333487541830934,1
70,Mechelen teller 1,Mechelen,2024,8,1.0,0.7022747658056354,1
70,Mechelen teller 1,Mechelen,2024,11,1.0,0.5987683698426927,1
71,Grimbergen,Meise,2023,10,0.0,0.14056317627338585,0
71,Grimbergen,Meise,2023,11,0.0,0.13742854203490157,0
71,Grimbergen,Meise,2023,12,0.0,0.12858320667619233,0
71,Grimbergen,Meise,2024,1,0.0,0.13641401471999362,0
71,Grimbergen,Meise,2024,2,0.0,0.1304832333781323,0
71,Grimbergen,Meise,2024,3,0.0,0.13995963190618316,0
71,Grimbergen,Meise,2024,4,0.0,0.14774241700919458,0
71,Grimbergen,Meise,2024,5,0.0,0.15032957404374206,0
71,Grimbergen,Meise,2024,6,1.0,0.15348765967643238,0
71,Grimbergen,Meise,2024,7,0.0,0.19858456046450315,0
71,Grimbergen,Meise,2024,8,1.0,0.15625026673955755,0
71,Grimbergen,Meise,2024,11,0.0,0.15078301471352976,0
72,Melle teller 2,Melle,2023,10,0.0,0.22686915730606058,0
72,Melle teller 2,Melle,2023,11,0.0,0.1840977049609534,0
72,Melle teller 2,Melle,2023,12,1.0,0.17316803851945092,0
72,Melle teller 2,Melle,2024,1,1.0,0.19462479921302575,0
72,Melle teller 2,Melle,2024,2,1.0,0.21047259369793508,0
72,Melle teller 2,Melle,2024,3,0.0,0.25553661508410375,0
72,Melle teller 2,Melle,2024,4,1.0,0.2258348981550673,0
72,Melle teller 2,Melle,2024,5,0.0,0.284733043195389,0
72,Melle teller 2,Melle,2024,6,1.0,0.2627969933675886,0
72,Melle teller 2,Melle,2024,7,0.0,0.30045663969336633,0
72,Melle teller 2,Melle,2024,8,1.0,0.26672577025324323,0
72,Melle teller 2,Melle,2024,11,0.0,0.26701929242923556,0
73,Meulebeke teller 1,Meulebeke,2023,10,0.0,0.10395999190934781,0
73,Meulebeke teller 1,Meulebeke,2023,11,0.0,0.09933236847245697,0
73,Meulebeke teller 1,Meulebeke,2023,12,0.0,0.10276322423118629,0
73,Meulebeke teller 1,Meulebeke,2024,1,0.0,0.10571721504156947,0
73,Meulebeke teller 1,Meulebeke,2024,2,0.0,0.09971006570086294,0
73,Meulebeke teller 1,Meulebeke,2024,3,1.0,0.11084517109288299,0
73,Meulebeke teller 1,Meulebeke,2024,4,1.0,0.14955507438595605,0
73,Meulebeke teller 1,Meulebeke,2024,5,0.0,0.15274383207011363,0
73,Meulebeke teller 1,Meulebeke,2024,6,1.0,0.13570618492962125,0
73,Meulebeke teller 1,Meulebeke,2024,7,0.0,0.18423641527271759,0
73,Meulebeke teller 1,Meulebeke,2024,8,0.0,0.152221873204738,0
73,Meulebeke teller 1,Meulebeke,2024,11,0.0,0.1293284614441604,0
74,Deinze teller 1,Nazareth,2023,10,0.0,0.12054319943417693,0
74,Deinze teller 1,Nazareth,2023,11,0.0,0.12001589877153916,0
74,Deinze teller 1,Nazareth,2023,12,0.0,0.11973469297700794,0
74,Deinze teller 1,Nazareth,2024,1,0.0,0.12372558358627261,0
74,Deinze teller 1,Nazareth,2024,2,0.0,0.11845913063319226,0
74,Deinze teller 1,Nazareth,2024,3,0.0,0.12385467813234351,0
74,Deinze teller 1,Nazareth,2024,4,0.0,0.1282502954316251,0
74,Deinze teller 1,Nazareth,2024,5,0.0,0.13105030500742224,0
74,Deinze teller 1,Nazareth,2024,6,0.0,0.1350366004530699,0
74,Deinze teller 1,Nazareth,2024,7,0.0,0.1350363962816498,0
74,Deinze teller 1,Nazareth,2024,8,0.0,0.1387607643111351,0
74,Deinze teller 1,Nazareth,2024,11,1.0,0.1215929476260813,0
75,Nieuwpoort totem,Nieuwpoort,2023,10,0.0,0.5814687547403475,1
75,Nieuwpoort totem,Nieuwpoort,2023,11,0.0,0.44751410775125683,1
75,Nieuwpoort totem,Nieuwpoort,2023,12,0.0,0.41070827963964807,1
75,Nieuwpoort totem,Nieuwpoort,2024,1,0.0,0.3833858288615569,1
75,Nieuwpoort totem,Nieuwpoort,2024,2,0.0,0.38082997171654304,1
75,Nieuwpoort totem,Nieuwpoort,2024,3,1.0,0.42175319263016425,1
75,Nieuwpoort totem,Nieuwpoort,2024,4,0.0,0.46046277462573687,1
75,Nieuwpoort totem,Nieuwpoort,2024,5,1.0,0.46396646069923375,1
75,Nieuwpoort totem,Nieuwpoort,2024,6,1.0,0.5980153688020572,1
75,Nieuwpoort totem,Nieuwpoort,2024,7,0.0,0.5915526975945754,1
75,Nieuwpoort totem,Nieuwpoort,2024,8,0.0,0.5488790385213727,1
75,Nieuwpoort totem,Nieuwpoort,2024,11,1.0,0.4219600067912777,1
76,Nieuwpoort teller 1,Nieuwpoort,2023,10,0.0,0.6208323075602228,1
76,Nieuwpoort teller 1,Nieuwpoort,2023,11,0.0,0.4799355778648483,1
76,Nieuwpoort teller 1,Nieuwpoort,2023,12,0.0,0.4498102575622964,1
76,Nieuwpoort teller 1,Nieuwpoort,2024,1,0.0,0.4277238620890997,1
76,Nieuwpoort teller 1,Nieuwpoort,2024,2,0.0,0.4313360912717349,1
76,Nieuwpoort teller 1,Nieuwpoort,2024,3,1.0,0.48784707815919953,1
76,Nieuwpoort teller 1,Nieuwpoort,2024,4,0.0,0.5946121536538588,1
76,Nieuwpoort teller 1,Nieuwpoort,2024,5,1.0,0.5382469235054532,1
76,Nieuwpoort teller 1,Nieuwpoort,2024,6,1.0,0.6714817278217234,1
76,Nieuwpoort teller 1,Nieuwpoort,2024,7,0.0,0.6203221039131754,1
76,Nieuwpoort teller 1,Nieuwpoort,2024,8,0.0,0.5774809941864727,1
76,Nieuwpoort teller 1,Nieuwpoort,2024,11,1.0,0.4812818141370793,1
77,Nijlen teller 1,Nijlen,2023,10,0.0,0.19901305959176224,0
77,Nijlen teller 1,Nijlen,2023,11,0.0,0.14378051501714623,0
77,Nijlen teller 1,Nijlen,2023,12,0.0,0.13307595752961685,0
77,Nijlen teller 1,Nijlen,2024,1,0.0,0.12318103518551851,0
77,Nijlen teller 1,Nijlen,2024,2,0.0,0.11934176853348592,0
77,Nijlen teller 1,Nijlen,2024,3,0.0,0.13491671158407753,0
77,Nijlen teller 1,Nijlen,2024,4,0.0,0.1441378857470205,0
77,Nijlen teller 1,Nijlen,2024,5,0.0,0.14877371339698064,0
77,Nijlen teller 1,Nijlen,2024,6,0.0,0.16503677781785905,0
77,Nijlen teller 1,Nijlen,2024,7,0.0,0.17461171820086538,0
77,Nijlen teller 1,Nijlen,2024,8,0.0,0.17334683915330792,0
77,Nijlen teller 1,Nijlen,2024,11,0.0,0.1535743899919376,0
78,Oostende 2,Oostende,2023,10,1.0,0.5738787111295112,1
78,Oostende 2,Oostende,2023,11,0.0,0.5943733782465895,1
78,Oostende 2,Oostende,2023,12,1.0,0.5071688606703607,1
78,Oostende 2,Oostende,2024,1,1.0,0.5545594363904939,1
78,Oostende 2,Oostende,2024,2,1.0,0.6404371784628534,1
78,Oostende 2,Oostende,2024,3,1.0,0.6475986764441324,1
78,Oostende 2,Oostende,2024,4,0.0,0.6755079301094098,1
78,Oostende 2,Oostende,2024,5,1.0,0.6118385083797739,1
78,Oostende 2,Oostende,2024,6,0.0,0.6542196866544702,1
78,Oostende 2,Oostende,2024,7,1.0,0.6013292975435829,1
78,Oostende 2,Oostende,2024,8,1.0,0.6941327135105914,1
78,Oostende 2,Oostende,2024,11,1.0,0.6489339444097614,1
79,Peer teller 1,Peer,2023,10,1.0,0.1415592746195961,0
79,Peer teller 1,Peer,2023,11,0.0,0.17454336408891147,0
79,Peer teller 1,Peer,2023,12,0.0,0.14266649946428253,0
79,Peer teller 1,Peer,2024,1,0.0,0.13782118330747475,0
79,Peer teller 1,Peer,2024,2,0.0,0.12509111349154098,0
79,Peer teller 1,Peer,2024,3,0.0,0.14004885990525726,0
79,Peer teller 1,Peer,2024,4,0.0,0.14498568625555175,0
79,Peer teller 1,Peer,2024,5,0.0,0.15567087014558245,0
79,Peer teller 1,Peer,2024,6,0.0,0.15623540271743952,0
79,Peer teller 1,Peer,2024,7,0.0,0.16366875307810386,0
79,Peer teller 1,Peer,2024,8,0.0,0.17540870642721726,0
79,Peer teller 1,Peer,2024,11,0.0,0.13920178357464053,0
80,Pelt teller 1,Pelt,2023,10,0.0,0.5092108638397272,1
80,Pelt teller 1,Pelt,2023,11,0.0,0.38080104255087305,1
80,Pelt teller 1,Pelt,2023,12,0.0,0.37823837996000415,1
80,Pelt teller 1,Pelt,2024,1,1.0,0.3906664102790043,1
80,Pelt teller 1,Pelt,2024,2,1.0,0.42394109940076347,1
80,Pelt teller 1,Pelt,2024,3,0.0,0.519340393906807,1
80,Pelt teller 1,Pelt,2024,4,0.0,0.42417051333528766,1
80,Pelt teller 1,Pelt,2024,5,0.0,0.41925665142787893,1
80,Pelt teller 1,Pelt,2024,6,0.0,0.4136722880537855,1
80,Pelt teller 1,Pelt,2024,7,1.0,0.4115742549499355,1
80,Pelt teller 1,Pelt,2024,8,0.0,0.47446334343213015,1
80,Pelt teller 1,Pelt,2024,11,0.0,0.34315214996220905,0
81,Pepingen teller 1,Pepingen,2023,10,1.0,0.11721331641389568,0
81,Pepingen teller 1,Pepingen,2023,11,0.0,0.1513893632165955,0
81,Pepingen teller 1,Pepingen,2023,12,0.0,0.11786890987221084,0
81,Pepingen teller 1,Pepingen,2024,1,0.0,0.11933743243575375,0
81,Pepingen teller 1,Pepingen,2024,2,0.0,0.1143410911173485,0
81,Pepingen teller 1,Pepingen,2024,3,0.0,0.12020168929251136,0
81,Pepingen teller 1,Pepingen,2024,4,0.0,0.1228868131170414,0
81,Pepingen teller 1,Pepingen,2024,5,0.0,0.12831386283324012,0
81,Pepingen teller 1,Pepingen,2024,6,0.0,0.13345614937802214,0
81,Pepingen teller 1,Pepingen,2024,7,0.0,0.13373689791349536,0
81,Pepingen teller 1,Pepingen,2024,8,0.0,0.13560250111186747,0
81,Pepingen teller 1,Pepingen,2024,11,0.0,0.11478584400740609,0
82,St. pieters leeuw teller 1,Sint-Pieters-Leeuw,2023,10,0.0,0.11609894100078397,0
82,St. pieters leeuw teller 1,Sint-Pieters-Leeuw,2023,11,0.0,0.11725316218276692,0
82,St. pieters leeuw teller 1,Sint-Pieters-Leeuw,2023,12,0.0,0.11537381309417391,0
82,St. pieters leeuw teller 1,Sint-Pieters-Leeuw,2024,1,1.0,0.11426780851268528,0
82,St. pieters leeuw teller 1,Sint-Pieters-Leeuw,2024,2,0.0,0.14510722822411734,0
82,St. pieters leeuw teller 1,Sint-Pieters-Leeuw,2024,3,0.0,0.12096240099306625,0
82,St. pieters leeuw teller 1,Sint-Pieters-Leeuw,2024,4,0.0,0.12155815844002497,0
82,St. pieters leeuw teller 1,Sint-Pieters-Leeuw,2024,5,0.0,0.12472063847389553,0
82,St. pieters leeuw teller 1,Sint-Pieters-Leeuw,2024,6,0.0,0.12262950043255864,0
82,St. pieters leeuw teller 1,Sint-Pieters-Leeuw,2024,7,0.0,0.12652037650523276,0
82,St. pieters leeuw teller 1,Sint-Pieters-Leeuw,2024,8,0.0,0.13077014555969318,0
82,St. pieters leeuw teller 1,Sint-Pieters-Leeuw,2024,11,0.0,0.11699546162081502,0
83,Tienen 2,Tienen,2023,10,1.0,0.5254257110606602,1
83,Tienen 2,Tienen,2023,11,1.0,0.5565627785462169,1
83,Tienen 2,Tienen,2023,12,1.0,0.5700787476973579,1
83,Tienen 2,Tienen,2024,1,1.0,0.5972629370803951,1
83,Tienen 2,Tienen,2024,2,0.0,0.5385572381864427,1
83,Tienen 2,Tienen,2024,3,1.0,0.5460915540000981,1
83,Tienen 2,Tienen,2024,4,0.0,0.5878249936936383,1
83,Tienen 2,Tienen,2024,5,1.0,0.5563393956256361,1
83,Tienen 2,Tienen,2024,6,0.0,0.688077676997668,1
83,Tienen 2,Tienen,2024,7,0.0,0.5883294130131069,1
83,Tienen 2,Tienen,2024,8,1.0,0.5884355207587746,1
83,Tienen 2,Tienen,2024,11,1.0,0.4875933516612295,1
84,Tongeren,Tongeren,2023,10,0.0,0.12091758106586681,0
84,Tongeren,Tongeren,2023,11,0.0,0.11655598391660915,0
84,Tongeren,Tongeren,2023,12,0.0,0.11946053957835608,0
84,Tongeren,Tongeren,2024,1,0.0,0.12096102143490457,0
84,Tongeren,Tongeren,2024,2,0.0,0.11738931383053078,0
84,Tongeren,Tongeren,2024,3,0.0,0.12251399399718296,0
84,Tongeren,Tongeren,2024,4,0.0,0.1273888200083131,0
84,Tongeren,Tongeren,2024,5,0.0,0.13199994029418397,0
84,Tongeren,Tongeren,2024,6,0.0,0.134784812668259,0
84,Tongeren,Tongeren,2024,7,0.0,0.14203673485509283,0
84,Tongeren,Tongeren,2024,8,0.0,0.14506458163262004,0
84,Tongeren,Tongeren,2024,11,0.0,0.12075793994465311,0
85,Torhout teller 1,Torhout,2023,10,0.0,0.3579044234603405,1
85,Torhout teller 1,Torhout,2023,11,0.0,0.3352546404845056,0
85,Torhout teller 1,Torhout,2023,12,0.0,0.3232305661825802,0
85,Torhout teller 1,Torhout,2024,1,1.0,0.2927411558031354,0
85,Torhout teller 1,Torhout,2024,2,0.0,0.33642730625121203,0
85,Torhout teller 1,Torhout,2024,3,0.0,0.30399613149245297,0
85,Torhout teller 1,Torhout,2024,4,1.0,0.2961189092783226,0
85,Torhout teller 1,Torhout,2024,5,0.0,0.3727783526829846,1
85,Torhout teller 1,Torhout,2024,6,0.0,0.32692954920252515,0
85,Torhout teller 1,Torhout,2024,7,0.0,0.3189281472300507,0
85,Torhout teller 1,Torhout,2024,8,0.0,0.3378151019735343,0
85,Torhout teller 1,Torhout,2024,11,0.0,0.28778118583998213,0
86,Vilvoorde,Vilvoorde,2023,10,1.0,0.5492789792812279,1
86,Vilvoorde,Vilvoorde,2023,11,0.0,0.47706517512721947,1
86,Vilvoorde,Vilvoorde,2023,12,1.0,0.3789052184006235,1
86,Vilvoorde,Vilvoorde,2024,1,0.0,0.42787651220705536,1
86,Vilvoorde,Vilvoorde,2024,2,0.0,0.35612444405207444,1
86,Vilvoorde,Vilvoorde,2024,3,0.0,0.403445965752395,1
86,Vilvoorde,Vilvoorde,2024,4,0.0,0.40597693907861765,1
86,Vilvoorde,Vilvoorde,2024,5,0.0,0.4434238855589788,1
86,Vilvoorde,Vilvoorde,2024,6,0.0,0.42011937069440425,1
86,Vilvoorde,Vilvoorde,2024,7,1.0,0.3853478443402343,1
86,Vilvoorde,Vilvoorde,2024,8,0.0,0.5129573873791804,1
86,Vilvoorde,Vilvoorde,2024,11,0.0,0.3174606111158987,0
87,Wemmel teller 1,Wemmel,2023,10,0.0,0.10678033414298728,0
87,Wemmel teller 1,Wemmel,2023,11,1.0,0.10780257102895371,0
87,Wemmel teller 1,Wemmel,2023,12,0.0,0.1358958448001461,0
87,Wemmel teller 1,Wemmel,2024,1,0.0,0.1090632614186056,0
87,Wemmel teller 1,Wemmel,2024,2,0.0,0.10613571632393802,0
87,Wemmel teller 1,Wemmel,2024,3,0.0,0.11081796046592188,0
87,Wemmel teller 1,Wemmel,2024,4,1.0,0.12017730327558208,0
87,Wemmel teller 1,Wemmel,2024,5,0.0,0.15591243123639348,0
87,Wemmel teller 1,Wemmel,2024,6,0.0,0.13523806490304666,0
87,Wemmel teller 1,Wemmel,2024,7,0.0,0.1286541762083704,0
87,Wemmel teller 1,Wemmel,2024,8,0.0,0.1254757163888481,0
87,Wemmel teller 1,Wemmel,2024,11,0.0,0.10899699316854904,0
88,Wervik teller 2,Wervik,2023,10,0.0,0.20976929107879713,0
88,Wervik teller 2,Wervik,2023,11,0.0,0.1933881936559574,0
88,Wervik teller 2,Wervik,2023,12,0.0,0.1836555494940326,0
88,Wervik teller 2,Wervik,2024,1,0.0,0.19209374292377165,0
88,Wervik teller 2,Wervik,2024,2,0.0,0.17779232449802002,0
88,Wervik teller 2,Wervik,2024,3,0.0,0.19898444059050094,0
88,Wervik teller 2,Wervik,2024,4,1.0,0.19386455796084595,0
88,Wervik teller 2,Wervik,2024,5,0.0,0.24827955897635068,0
88,Wervik teller 2,Wervik,2024,6,0.0,0.21592023585189568,0
88,Wervik teller 2,Wervik,2024,7,1.0,0.2000896303225712,0
88,Wervik teller 2,Wervik,2024,8,0.0,0.26114911333952157,0
88,Wervik teller 2,Wervik,2024,11,0.0,0.2888989422065806,0
89,Geel totem,Westerlo,2023,10,0.0,0.21451938934813747,0
89,Geel totem,Westerlo,2023,11,0.0,0.1986011875454734,0
89,Geel totem,Westerlo,2023,12,1.0,0.19118194610256967,0
89,Geel totem,Westerlo,2024,1,0.0,0.22358982045574738,0
89,Geel totem,Westerlo,2024,2,0.0,0.18887310203536148,0
89,Geel totem,Westerlo,2024,3,0.0,0.2082083786394934,0
89,Geel totem,Westerlo,2024,4,0.0,0.2122450480842723,0
89,Geel totem,Westerlo,2024,5,0.0,0.21211573920894855,0
89,Geel totem,Westerlo,2024,6,0.0,0.22247041639467183,0
89,Geel totem,Westerlo,2024,7,1.0,0.22596969343562281,0
89,Geel totem,Westerlo,2024,8,0.0,0.3417280465925429,0
89,Geel totem,Westerlo,2024,11,0.0,0.21692966272808764,0
90,Westerlo teller 1,Westerlo,2023,10,0.0,0.18842341375146057,0
90,Westerlo teller 1,Westerlo,2023,11,0.0,0.18181350701691373,0
90,Westerlo teller 1,Westerlo,2023,12,0.0,0.18510646678789303,0
90,Westerlo teller 1,Westerlo,2024,1,0.0,0.18437790783761768,0
90,Westerlo teller 1,Westerlo,2024,2,0.0,0.171817831484295,0
90,Westerlo teller 1,Westerlo,2024,3,0.0,0.19526035095074257,0
90,Westerlo teller 1,Westerlo,2024,4,1.0,0.20042721338826308,0
90,Westerlo teller 1,Westerlo,2024,5,0.0,0.269984065895158,0
90,Westerlo teller 1,Westerlo,2024,6,1.0,0.21747307096129243,0
90,Westerlo teller 1,Westerlo,2024,7,0.0,0.2655752191082125,0
90,Westerlo teller 1,Westerlo,2024,8,0.0,0.2346170497273775,0
90,Westerlo teller 1,Westerlo,2024,11,0.0,0.24041841884959805,0
91,Zaventem,Zaventem,2023,10,0.0,0.1805779437729842,0
91,Zaventem,Zaventem,2023,11,0.0,0.17112217989071984,0
91,Zaventem,Zaventem,2023,12,0.0,0.1485490725819596,0
91,Zaventem,Zaventem,2024,1,0.0,0.1404615068508273,0
91,Zaventem,Zaventem,2024,2,0.0,0.1340721019772678,0
91,Zaventem,Zaventem,2024,3,0.0,0.14949280853101204,0
91,Zaventem,Zaventem,2024,4,1.0,0.15789724488728546,0
91,Zaventem,Zaventem,2024,5,0.0,0.22009907448734906,0
91,Zaventem,Zaventem,2024,6,0.0,0.19504080252272424,0
91,Zaventem,Zaventem,2024,7,0.0,0.19875237844583993,0
91,Zaventem,Zaventem,2024,8,0.0,0.2048972833187105,0
91,Zaventem,Zaventem,2024,11,1.0,0.1812140556922309,0
92,Zaventem totem,Zaventem,2023,10,0.0,0.1556071214733557,0
92,Zaventem totem,Zaventem,2023,11,0.0,0.1473174738986054,0
92,Zaventem totem,Zaventem,2023,12,0.0,0.13355737985855043,0
92,Zaventem totem,Zaventem,2024,1,0.0,0.1343395805979275,0
92,Zaventem totem,Zaventem,2024,2,0.0,0.12843688619288984,0
92,Zaventem totem,Zaventem,2024,3,1.0,0.1387676883249567,0
92,Zaventem totem,Zaventem,2024,4,0.0,0.1862779029484528,0
92,Zaventem totem,Zaventem,2024,5,1.0,0.15624091136254656,0
92,Zaventem totem,Zaventem,2024,6,0.0,0.25413502280266664,0
92,Zaventem totem,Zaventem,2024,7,1.0,0.20889754772907312,0
92,Zaventem totem,Zaventem,2024,8,0.0,0.3319775038867494,0
92,Zaventem totem,Zaventem,2024,11,0.0,0.2372561446159283,0
93,Zele teller 1,Zele,2023,10,0.0,0.15672812893240665,0
93,Zele teller 1,Zele,2023,11,1.0,0.13788524945996644,0
93,Zele teller 1,Zele,2023,12,0.0,0.17483481488809907,0
93,Zele teller 1,Zele,2024,1,0.0,0.1379456209683144,0
93,Zele teller 1,Zele,2024,2,0.0,0.13110197823982775,0
93,Zele teller 1,Zele,2024,3,0.0,0.14510991991444053,0
93,Zele teller 1,Zele,2024,4,1.0,0.14640793333653285,0
93,Zele teller 1,Zele,2024,5,0.0,0.2055768818409743,0
93,Zele teller 1,Zele,2024,6,0.0,0.1770910514461978,0
93,Zele teller 1,Zele,2024,7,1.0,0.16909494926687663,0
93,Zele teller 1,Zele,2024,8,1.0,0.227435173735724,0
93,Zele teller 1,Zele,2024,11,1.0,0.1865597472642409,0
94,Zemst,Zemst,2023,10,0.0,0.34635859063810037,0
94,Zemst,Zemst,2023,11,0.0,0.30231687214443004,0
94,Zemst,Zemst,2023,12,0.0,0.2975640683694392,0
94,Zemst,Zemst,2024,1,0.0,0.2686867162487915,0
94,Zemst,Zemst,2024,2,0.0,0.2811653795410825,0
94,Zemst,Zemst,2024,3,0.0,0.3222598124364843,0
94,Zemst,Zemst,2024,4,0.0,0.32930620511521896,0
94,Zemst,Zemst,2024,5,0.0,0.3452915221927705,0
94,Zemst,Zemst,2024,6,0.0,0.33969740415020255,0
94,Zemst,Zemst,2024,7,0.0,0.32867108178111504,0
94,Zemst,Zemst,2024,8,1.0,0.33382568749487196,0
94,Zemst,Zemst,2024,11,0.0,0.32711714028004407,0
