site_id,year,month,predicted_probability,predicted_label,radius_key,radius_label,naam,gemeente,datum_van,long,lat,forecast_risk_rank,risk_label
16,2024,11,0.9462645005269059,1,500m,500 m,Kortrijk 1,Kortrijk,2019-08-22,3.27777,50.83332,1,Higher risk
17,2024,11,0.9145066150796881,1,500m,500 m,Kortrijk 2,Kortrijk,2019-08-22,3.27773,50.83339,2,Higher risk
140,2024,11,0.8980422965687404,1,500m,500 m,Hasselt ring,Hasselt,2023-05-04,5.3438616,50.9300038,3,Higher risk
125,2024,11,0.8909286776752693,1,500m,500 m,Dendermonde totem,Dendermonde,2022-10-22,4.1025998,51.0372706,4,Higher risk
143,2024,11,0.8821729313478653,1,500m,500 m,Eco Display Classic Budastraat,Kortrijk,2023-12-08,3.26286,50.83066,5,Higher risk
118,2024,11,0.8818621197070534,1,500m,500 m,Gent teller 1,Gent,2022-10-04,3.7681359,51.028049,6,Higher risk
119,2024,11,0.8765243444519588,1,500m,500 m,Gent teller 2,Gent,2022-10-04,3.7683918,51.0281795,7,Higher risk
122,2024,11,0.8676325305849136,1,500m,500 m,Dendermonde teller 2,Dendermonde,2022-10-05,4.1019222,51.0373918,8,Higher risk
15,2024,11,0.8591521554923546,1,500m,500 m,Oostende 2,Oostende,2019-08-22,2.92743,51.21371,9,Higher risk
18,2024,11,0.8400223423622916,1,500m,500 m,Oostende 1,Oostende,2019-08-22,2.92765,51.21378,10,Higher risk
6,2024,11,0.8377031722539003,1,500m,500 m,Evergem 2,Evergem,2019-08-22,3.70298,51.10894,11,Higher risk
101,2024,11,0.828531489172089,1,500m,500 m,Diest teller 1,Diest,2022-08-02,5.04481,50.97799,12,Higher risk
137,2024,11,0.8277360950259994,1,500m,500 m,Hasselt-Kempische brug,Hasselt,2023-04-19,5.3417576,50.9411605,13,Higher risk
138,2024,11,0.8054511273876906,1,500m,500 m,Hasselt-Kempische brug,Hasselt,2023-04-20,5.3422472,50.9405318,14,Higher risk
102,2024,11,0.8039202532216952,1,500m,500 m,Diest teller 2,Diest,2022-08-02,5.04474,50.9779,15,Higher risk
7,2024,11,0.7976361789251024,1,500m,500 m,Evergem 1,Evergem,2019-08-22,3.70317,51.1089,16,Higher risk
24,2024,11,0.7484009950301178,1,500m,500 m,Tienen 1,Tienen,2019-08-31,4.935044252605416,50.8133795491886,17,Higher risk
23,2024,11,0.7227419657884684,1,500m,500 m,Tienen 3,Tienen,2019-08-31,4.93447,50.81324,18,Higher risk
22,2024,11,0.7220932318603677,1,500m,500 m,Tienen 2,Tienen,2019-08-31,4.935984252796022,50.81330800184882,19,Higher risk
89,2024,11,0.7215440144991081,1,500m,500 m,Westerlo teller 2,Westerlo,2022-07-16,4.91334,51.08191,20,Higher risk
110,2024,11,0.6836176307518185,1,500m,500 m,Herentals totem,Herentals,2022-08-31,4.811783,51.1739426,21,Higher risk
65,2024,11,0.6728207147882748,1,500m,500 m,Nieuwpoort teller 2,Nieuwpoort,2022-06-24,2.75511,51.13435,22,Higher risk
111,2024,11,0.6703496155071961,1,500m,500 m,Zaventem totem,Zaventem,2022-09-02,4.4597084,50.8871216,23,Higher risk
19,2024,11,0.6644081147381935,1,500m,500 m,Aalst 1,Aalst,2019-08-22,4.01471,50.93433,24,Higher risk
11,2024,11,0.6333705755361919,1,500m,500 m,Aalst 3,Aalst,2019-08-22,4.01647,50.93385,25,Higher risk
63,2024,11,0.6321569542592823,1,500m,500 m,Nieuwpoort teller 3,Nieuwpoort,2022-06-24,2.74289,51.13529,26,Higher risk
116,2024,11,0.5891234144064996,1,500m,500 m,Melle teller 2,Melle,2022-10-01,3.8040599,50.9986113,27,Higher risk
88,2024,11,0.5797668893298114,1,500m,500 m,Westerlo teller 1,Westerlo,2022-07-16,4.91325,51.082,28,Higher risk
44,2024,11,0.5396738439223655,1,500m,500 m,Maaseik teller 2,Maaseik,2022-04-28,5.79726,51.09359,29,Higher risk
115,2024,11,0.5365326309013158,1,500m,500 m,Aalter,Aalter,2022-10-01,3.4350591,51.1058367,30,Higher risk
43,2024,11,0.530402615253693,1,500m,500 m,Maaseik teller 1,Maaseik,2022-04-28,5.79715,51.09344,31,Higher risk
10,2024,11,0.5231819692271722,1,500m,500 m,Aalst 2,Aalst,2019-08-22,4.01571,50.93549,32,Higher risk
87,2024,11,0.5191542723476842,1,500m,500 m,Aarschot,Aarschot,2022-07-16,4.81259,50.99084,33,Higher risk
94,2024,11,0.5172325621841232,1,500m,500 m,Herentals teller 2,Herentals,2022-07-24,4.81283,51.17345,34,Higher risk
66,2024,11,0.5121244714270018,1,500m,500 m,Nieuwpoort totem,Nieuwpoort,2022-06-30,2.74369,51.1347,35,Higher risk
142,2023,10,0.4916624266049983,1,500m,500 m,TEST Validatie BRUGGE Y2H22022134,Brugge,2023-10-24,3.24095,51.22632,36,Higher risk
117,2024,11,0.4874570885384279,1,500m,500 m,Melle teller 1,Melle,2022-10-01,3.8040599,50.9986113,37,Higher risk
64,2024,11,0.484752181959815,1,500m,500 m,Nieuwpoort teller 1,Nieuwpoort,2022-06-24,2.75737,51.13359,38,Higher risk
129,2024,11,0.4688335724936473,1,500m,500 m,Lokeren teller 2,Lokeren,2022-10-29,3.97025,51.09612,39,Higher risk
14,2024,11,0.4613493823588704,1,500m,500 m,Genk,Genk,2019-08-22,5.48927,50.97172,40,Higher risk
128,2024,11,0.4369810485407621,1,500m,500 m,Lokeren teller 1,Lokeren,2022-10-29,3.97023,51.09644,41,Higher risk
77,2024,11,0.4190314283038138,1,500m,500 m,Leuven teller 2,Leuven,2022-07-07,4.70796,50.88672,42,Higher risk
69,2024,11,0.3945675315253404,1,500m,500 m,Leuven teller 1,Leuven,2022-07-07,4.71526,50.87549,43,Higher risk
121,2024,11,0.3820676787302274,1,500m,500 m,Zele teller 2,Zele,2022-10-05,4.0556696,51.0604067,44,Higher risk
136,2024,11,0.38031241482498157,1,500m,500 m,Gent R4,Gent,2023-03-01,3.7587918,51.0876313,45,Higher risk
126,2024,11,0.3771952224937617,1,500m,500 m,Hamme totem,Hamme,2022-10-25,4.1469307,51.1017709,46,Higher risk
120,2024,11,0.3750889080468237,1,500m,500 m,Zele teller 1,Zele,2022-10-05,4.0547741,51.0607671,47,Higher risk
107,2024,11,0.3594351304241767,1,500m,500 m,leuven totem,Leuven,2022-08-23,4.7087919,50.8870744,48,Higher risk
26,2024,11,0.35773230067971534,1,500m,500 m,Zaventem,Zaventem,2021-08-06,4.45444,50.86995,49,Higher risk
127,2024,11,0.3507464809109366,1,500m,500 m,Geel totem,Westerlo,2022-10-26,4.9400421,51.1342966,50,Higher risk
28,2024,11,0.3500861487722394,1,500m,500 m,Heers,Heers,2022-04-14,5.30314,50.75488,51,Higher risk
25,2024,11,0.3444550140962472,1,500m,500 m,Bree,Bree,2020-05-09,5.597669323604317,51.13679500160176,52,Higher risk
27,2024,11,0.33600752555787855,1,500m,500 m,Grimbergen,Meise,2021-08-14,4.34013,50.92127,53,Higher risk
74,2024,11,0.32275977040331316,1,500m,500 m,Kortrijk teller 1,Kortrijk,2022-07-07,3.25728,50.81909,54,Higher risk
100,2024,11,0.3088050926862302,1,500m,500 m,Mechelen teller 2,Mechelen,2022-07-28,4.46883,51.0457,55,Higher risk
99,2024,11,0.3085661853332291,1,500m,500 m,Mechelen teller 1,Mechelen,2022-07-28,4.46882,51.04564,56,Higher risk
75,2024,11,0.30201890121581515,1,500m,500 m,Kortrijk teller 2,Kortrijk,2022-07-07,3.25731,50.81925,57,Higher risk
34,2024,11,0.2948565793650803,1,500m,500 m,Heers teller 1,Heers,2022-04-15,5.3033,50.75486,58,Higher risk
1,2024,11,0.29030399594137424,1,500m,500 m,Machelen,Machelen,2019-08-22,4.456121776137429,50.91618331151478,59,Higher risk
13,2024,11,0.28885219465305706,1,500m,500 m,Gent,Gent,2019-08-22,3.70146,51.03018,60,Higher risk
112,2024,11,0.2401533394455411,1,500m,500 m,Geel teller 2,Westerlo,2022-09-06,4.9394789,51.1354992,61,Higher risk
21,2024,11,0.23164170899663042,1,500m,500 m,Bilzen,Bilzen,2019-08-31,5.50161,50.86015,62,Higher risk
139,2024,11,0.22561648870449197,0,500m,500 m,Houthalen-Helchteren,Houthalen-Helchteren,2023-04-21,5.3819796,51.0644267,63,Lower risk
20,2024,11,0.2153334909340984,0,500m,500 m,Brugge,Brugge,2019-08-22,3.20048,51.17416,64,Lower risk
42,2024,11,0.20615361441200478,0,500m,500 m,Maasmechelen teller 2,Maasmechelen,2022-04-22,5.6981,50.97043,65,Lower risk
55,2024,11,0.2006029749880338,0,500m,500 m,Torhout teller 1,Torhout,2022-06-02,3.08261,51.07161,66,Lower risk
113,2024,11,0.1998499091832073,0,500m,500 m,Deinze teller 2,Deinze,2022-09-21,3.55578,50.96018,67,Lower risk
47,2024,11,0.19379152148812534,0,500m,500 m,Vilvoorde,Vilvoorde,2022-05-19,4.41497,50.91372,68,Lower risk
41,2024,11,0.19132031831671964,0,500m,500 m,Maasmechelen teller 1,Maasmechelen,2022-04-22,5.69799,50.97025,69,Lower risk
52,2024,11,0.1895230058199301,0,500m,500 m,Brugge,Brugge,2022-06-01,3.24095,51.22632,70,Lower risk
56,2024,11,0.18123596578686318,0,500m,500 m,Torhout teller 2,Torhout,2022-06-02,3.08244,51.07147,71,Lower risk
109,2024,11,0.1707276774736713,0,500m,500 m,Zemst,Zemst,2022-08-26,4.4707023,50.9903936,72,Lower risk
53,2024,11,0.16426665215387543,0,500m,500 m,Brugge teller 1,Brugge,2022-06-02,3.228,51.23023,73,Lower risk
131,2024,11,0.16222969900191744,0,500m,500 m,Nevele,Deinze,2023-01-25,3.558569,51.0276612,74,Lower risk
12,2024,11,0.16070922917282127,0,500m,500 m,Tervuren,Kraainem,2019-08-22,4.47803,50.81896,75,Lower risk
54,2024,11,0.14972638328090385,0,500m,500 m,Brugge teller 2,Brugge,2022-06-02,3.22818,51.23015,76,Lower risk
71,2024,11,0.14710151434767066,0,500m,500 m,Kampenhout teller 2,Kampenhout,2022-07-07,4.59164,50.95589,77,Lower risk
49,2024,11,0.1426999454064776,0,500m,500 m,Bokrijk,Genk,2022-06-01,5.41001,50.95264,78,Lower risk
2,2024,11,0.1408406761977275,0,500m,500 m,Brasschaat 2,Brasschaat,2019-08-22,4.47169,51.27512,79,Lower risk
48,2024,11,0.13975951711299267,0,500m,500 m,As,As,2022-06-01,5.60389,51.00509,80,Lower risk
45,2024,11,0.1356911483967121,0,500m,500 m,Pelt teller 1,Pelt,2022-04-30,5.44377,51.23127,81,Lower risk
70,2024,11,0.13492675592736947,0,500m,500 m,Kampenhout teller 1,Kampenhout,2022-07-07,4.59318,50.95682,82,Lower risk
84,2024,11,0.13272807330659758,0,500m,500 m,Roeselare totem,Izegem,2022-07-13,3.18772,50.91717,83,Lower risk
8,2024,11,0.13073092257667418,0,500m,500 m,Heist op den Berg 1,Heist-op-den-Berg,2019-08-22,4.68823,51.06759,84,Lower risk
79,2024,11,0.12867842851760447,0,500m,500 m,Pepingen teller 2,Pepingen,2022-07-13,4.16537,50.75848,85,Lower risk
46,2024,11,0.1285847769081047,0,500m,500 m,Pelt teller 2,Pelt,2022-04-30,5.44375,51.231,86,Lower risk
114,2024,11,0.12548204268599927,0,500m,500 m,Deinze teller 1,Nazareth,2022-09-21,3.555502,50.9598305,87,Lower risk
3,2024,11,0.12415017257628697,0,500m,500 m,Brasschaat 1,Brasschaat,2019-08-22,4.47222,51.27503,88,Lower risk
80,2024,4,0.12010020430706218,0,500m,500 m,Wemmel teller 1,Wemmel,2022-07-13,4.29571,50.91418,89,Lower risk
29,2024,11,0.12003201255668881,0,500m,500 m,Tongeren,Tongeren,2022-04-14,5.52825,50.79286,90,Lower risk
72,2024,11,0.1190112130423452,0,500m,500 m,Herent teller 1,Herent,2022-07-07,4.64689,50.89135,91,Lower risk
95,2024,11,0.11238847396902389,0,500m,500 m,Lier teller 1,Lier,2022-07-26,4.58437,51.11687,92,Lower risk
86,2024,11,0.10885453610042443,0,500m,500 m,Asse teller 2,Asse,2022-07-14,4.1709,50.89132,93,Lower risk
9,2024,11,0.10835577775037505,0,500m,500 m,Heist op den Berg 2,Heist-op-den-Berg,2019-08-22,4.69524,51.06904,94,Lower risk
57,2024,11,0.10807353325529671,0,500m,500 m,Meulebeke teller 1,Meulebeke,2022-06-03,3.24491,50.96056,95,Lower risk
108,2024,11,0.10709229315233787,0,500m,500 m,Heverlee teller 1,Leuven,2022-08-25,4.6954674,50.8471728,96,Lower risk
58,2024,11,0.10321573791603801,0,500m,500 m,Meulebeke teller 2,Meulebeke,2022-06-03,3.24471,50.96021,97,Lower risk
85,2024,11,0.09812623063132636,0,500m,500 m,Asse teller 1,Asse,2022-07-14,4.17294,50.89621,98,Lower risk
73,2024,11,0.09786904929506722,0,500m,500 m,Herent teller 2,Herent,2022-07-07,4.64685,50.89128,99,Lower risk
30,2024,11,0.09410797667334711,0,500m,500 m,Herk De Stad,Herk-de-Stad,2022-04-14,5.17691,50.94374,100,Lower risk
97,2024,11,0.09190508288889779,0,500m,500 m,Geel teller 1,Geel,2022-07-26,4.99698,51.14813,101,Lower risk
5,2024,11,0.09188867681690943,0,500m,500 m,Balen 2,Balen,2019-08-22,5.19003,51.16018,102,Lower risk
31,2024,11,0.08772075239363253,0,500m,500 m,Herk De Stad,Herk-de-Stad,2022-04-14,5.1775,50.94366,103,Lower risk
4,2024,11,0.08759486472420502,0,500m,500 m,Balen 1,Balen,2019-08-22,5.19011,51.16023,104,Lower risk
96,2024,11,0.08680012337339787,0,500m,500 m,Lier teller 2,Lier,2022-07-26,4.58444,51.11705,105,Lower risk
67,2024,11,0.08630165721486657,0,500m,500 m,Ieper totem,Ieper,2022-06-30,2.85624,50.85018,106,Lower risk
59,2024,11,0.08609629581243475,0,500m,500 m,Ardooie teller 1,Ardooie,2022-06-03,3.18479,50.96784,107,Lower risk
78,2024,11,0.08608379135447261,0,500m,500 m,Pepingen teller 1,Pepingen,2022-07-13,4.1652,50.75824,108,Lower risk
81,2024,11,0.0842400124094534,0,500m,500 m,Wemmel teller 2,Wemmel,2022-07-13,4.29568,50.91439,109,Lower risk
98,2024,11,0.08294679087959735,0,500m,500 m,Geel teller 2,Geel,2022-07-26,4.99643,51.1481,110,Lower risk
123,2024,11,0.08032931989597078,0,500m,500 m,Beveren teller 1,Beveren,2022-10-06,4.2362771,51.1964555,111,Lower risk
106,2024,11,0.079164545305908,0,500m,500 m,St. pieters leeuw teller 1,Sint-Pieters-Leeuw,2022-08-04,4.24951,50.75533,112,Lower risk
62,2024,11,0.07687984795729287,0,500m,500 m,Wervik teller 1,Wervik,2022-06-05,3.09154,50.8058,113,Lower risk
50,2024,11,0.07399509695561035,0,500m,500 m,"Brugge, Sint-Andries",Brugge,2022-06-01,3.16252,51.19291,114,Lower risk
60,2024,11,0.07323742400086027,0,500m,500 m,Ardooie teller 2,Ardooie,2022-06-03,3.18411,50.96783,115,Lower risk
61,2024,11,0.07259314192851501,0,500m,500 m,Wervik teller 2,Wervik,2022-06-05,3.0921,50.80555,116,Lower risk
83,2024,11,0.0720523088234571,0,500m,500 m,Beersel teller 2,Beersel,2022-07-13,4.33304,50.75175,117,Lower risk
68,2024,11,0.0715081485022843,0,500m,500 m,Ieper,Ieper,2022-06-30,2.85608,50.85032,118,Lower risk
38,2024,11,0.06838522570542782,0,500m,500 m,Lommel teller 2,Lommel,2022-04-20,5.29189,51.23277,119,Lower risk
37,2024,11,0.06722280686540759,0,500m,500 m,Lommel teller 1,Lommel,2022-04-20,5.29211,51.23299,120,Lower risk
82,2024,11,0.0649198437492687,0,500m,500 m,Beersel teller 1,Beersel,2022-07-13,4.33336,50.75128,121,Lower risk
76,2024,11,0.06390299309346158,0,500m,500 m,Heverlee teller 2,Leuven,2022-07-07,4.69597,50.84606,122,Lower risk
104,2024,11,0.06269625514111335,0,500m,500 m,Malle teller 2,Malle,2022-08-03,4.73852,51.31682,123,Lower risk
51,2024,11,0.05818801224236325,0,500m,500 m,"Brugge, Sint-Andries",Brugge,2022-06-01,3.16252,51.19281,124,Lower risk
35,2024,11,0.058060077086454706,0,500m,500 m,Lanaken teller 1,Lanaken,2022-04-15,5.6314,50.88112,125,Lower risk
92,2024,11,0.05740282751307132,0,500m,500 m,Nijlen teller 1,Nijlen,2022-07-24,4.64479,51.14989,126,Lower risk
93,2024,11,0.05661264350220177,0,500m,500 m,Nijlen teller 2,Nijlen,2022-07-24,4.64469,51.14998,127,Lower risk
32,2024,11,0.05507400532195346,0,500m,500 m,Lummen,Lummen,2022-04-14,5.20961,50.97971,128,Lower risk
40,2024,11,0.05299871332213684,0,500m,500 m,Peer teller 2,Peer,2022-04-20,5.47892,51.13438,129,Lower risk
33,2024,11,0.052174670906390684,0,500m,500 m,Lummen,Lummen,2022-04-14,5.20936,50.97978,130,Lower risk
134,2024,11,0.0506556953584743,0,500m,500 m,Retie,Dessel,2023-02-15,5.1037658,51.2548405,131,Lower risk
135,2024,11,0.049689937799892496,0,500m,500 m,Retie 2,Dessel,2023-02-15,5.1040064,51.2544998,132,Lower risk
36,2024,11,0.04925347309919383,0,500m,500 m,Lanaken teller 2,Lanaken,2022-04-15,5.63012,50.88131,133,Lower risk
103,2024,11,0.04909983126556173,0,500m,500 m,Malle teller 1,Malle,2022-08-03,4.73872,51.31681,134,Lower risk
133,2024,11,0.04550635457591927,0,500m,500 m,Gierde Lille Totem,Lille,2023-02-15,4.8297416,51.2453915,135,Lower risk
124,2024,11,0.043410053240137116,0,500m,500 m,Beveren teller 2,Beveren,2022-10-06,4.2361077,51.1964712,136,Lower risk
39,2024,11,0.043024089470469214,0,500m,500 m,Peer teller 1,Peer,2022-04-20,5.47817,51.13425,137,Lower risk
105,2024,11,0.037591540403936474,0,500m,500 m,St. pieters leeuw teller 2,Halle,2022-08-04,4.24943,50.75509,138,Lower risk
90,2024,11,0.03729509064532362,0,500m,500 m,Brecht teller 1,Brecht,2022-07-21,4.6243,51.35752,139,Lower risk
91,2024,11,0.02891602989367263,0,500m,500 m,Brecht teller 2,Brecht,2022-07-21,4.62422,51.35739,140,Lower risk
132,2024,11,0.02804303905312706,0,500m,500 m,Gierde lille,Lille,2023-02-15,4.8298851,51.245445,141,Lower risk
