site_id,months_observed,total_crashes,average_monthly_crashes,total_cyclists,average_monthly_cyclists,crash_month_share,crashes_per_10000_cyclists,smoothed_crashes_per_10000_cyclists,radius_key,radius_label,site_nr,long,lat,naam,gemeente,datum_van,historical_risk_rank
99,29,348.0,12.0,106055.0,3657.0689655172414,1.0,32.813162981471876,30.43160927566256,2_5km,2.5 km,300026136,4.46882,51.04564,Mechelen teller 1,Mechelen,2022-07-28,1
14,62,676.0,10.903225806451612,298466.0,4813.967741935484,1.0,22.64914596637473,22.077117982237286,2_5km,2.5 km,100052874,5.48927,50.97172,Genk,Genk,2019-08-22,2
74,29,542.0,18.689655172413794,239470.0,8257.586206896553,1.0,22.633315237816845,21.92652274573367,2_5km,2.5 km,300025577,3.25728,50.81909,Kortrijk teller 1,Kortrijk,2022-07-07,3
144,1,15.0,15.0,0.0,0.0,1.0,,19.960963813547828,2_5km,2.5 km,300038692,4.7153726,50.875576,test leuven,Leuven,2024-01-12,4
123,4,22.0,5.5,4287.0,1071.75,1.0,51.31793795194775,18.855226470651562,2_5km,2.5 km,300027960,4.2362771,51.1964555,Beveren teller 1,Beveren,2022-10-06,5
75,29,543.0,18.724137931034484,291672.0,10057.655172413793,1.0,18.616802435612605,18.162917790745706,2_5km,2.5 km,300025580,3.25731,50.81925,Kortrijk teller 2,Kortrijk,2022-07-07,6
41,31,254.0,8.193548387096774,137032.0,4420.387096774193,1.0,18.535816451631735,17.60930324834362,2_5km,2.5 km,300023581,5.69799,50.97025,Maasmechelen teller 1,Maasmechelen,2022-04-22,7
42,31,252.0,8.129032258064516,136711.0,4410.032258064516,1.0,18.43304489031607,17.511373697588322,2_5km,2.5 km,300023582,5.6981,50.97043,Maasmechelen teller 2,Maasmechelen,2022-04-22,8
119,26,415.0,15.961538461538462,235662.0,9063.923076923076,1.0,17.609966816881805,17.092696248039573,2_5km,2.5 km,300027900,3.7683918,51.0281795,Gent teller 2,Gent,2022-10-04,9
114,27,88.0,3.259259259259259,48309.0,1789.2222222222222,0.9629629629629629,18.21606739944938,15.928743096598794,2_5km,2.5 km,300027499,3.555502,50.9598305,Deinze teller 1,Nazareth,2022-09-21,10
80,24,106.0,4.416666666666667,66573.0,2773.875,1.0,15.922370931158277,14.47629723907347,2_5km,2.5 km,300025810,4.29571,50.91418,Wemmel teller 1,Wemmel,2022-07-13,11
81,29,114.0,3.9310344827586206,78720.0,2714.4827586206898,1.0,14.481707317073171,13.39352077860536,2_5km,2.5 km,300025811,4.29568,50.91439,Wemmel teller 2,Wemmel,2022-07-13,12
10,62,718.0,11.580645161290322,529926.0,8547.193548387097,1.0,13.549061567086726,13.38752336987882,2_5km,2.5 km,100052870,4.01571,50.93549,Aalst 2,Aalst,2019-08-22,13
86,29,95.0,3.2758620689655173,67022.0,2311.103448275862,1.0,14.174450180537734,12.959737328891103,2_5km,2.5 km,300025856,4.1709,50.89132,Asse teller 2,Asse,2022-07-14,14
105,28,50.0,1.7857142857142858,33608.0,1200.2857142857142,0.7857142857142857,14.877410140442752,12.568917554618098,2_5km,2.5 km,300026348,4.24943,50.75509,St. pieters leeuw teller 2,Halle,2022-08-04,15
120,26,118.0,4.538461538461538,92240.0,3547.6923076923076,1.0,12.792714657415438,12.010874363579909,2_5km,2.5 km,300027919,4.0547741,51.0607671,Zele teller 1,Zele,2022-10-05,16
129,26,269.0,10.346153846153847,219261.0,8433.115384615385,1.0,12.268483679268087,11.942623935035618,2_5km,2.5 km,300028478,3.97025,51.09612,Lokeren teller 2,Lokeren,2022-10-29,17
94,29,185.0,6.379310344827586,151526.0,5225.0344827586205,1.0,12.209125826590816,11.750050873247199,2_5km,2.5 km,300026090,4.81283,51.17345,Herentals teller 2,Herentals,2022-07-24,18
128,26,265.0,10.192307692307692,223375.0,8591.346153846154,1.0,11.863458310016789,11.560364718670254,2_5km,2.5 km,300028477,3.97023,51.09644,Lokeren teller 1,Lokeren,2022-10-29,19
85,29,97.0,3.3448275862068964,79654.0,2746.689655172414,1.0,12.177668415898761,11.353179490326172,2_5km,2.5 km,300025855,4.17294,50.89621,Asse teller 1,Asse,2022-07-14,20
53,29,389.0,13.413793103448276,337297.0,11630.931034482759,1.0,11.532862729286059,11.338580474711918,2_5km,2.5 km,300024499,3.228,51.23023,Brugge teller 1,Brugge,2022-06-02,21
27,39,411.0,10.538461538461538,357134.0,9157.28205128205,1.0,11.508285405478055,11.325162617987388,2_5km,2.5 km,300019372,4.34013,50.92127,Grimbergen,Meise,2021-08-14,22
106,28,50.0,1.7857142857142858,41229.0,1472.4642857142858,0.7857142857142857,12.127386063207936,10.691665578963876,2_5km,2.5 km,300026349,4.24951,50.75533,St. pieters leeuw teller 1,Sint-Pieters-Leeuw,2022-08-04,23
11,62,741.0,11.951612903225806,708050.0,11420.161290322581,1.0,10.46536261563449,10.385991409026055,2_5km,2.5 km,100052871,4.01647,50.93385,Aalst 3,Aalst,2019-08-22,24
54,29,388.0,13.379310344827585,368707.0,12714.034482758621,1.0,10.523261017555946,10.37123192255665,2_5km,2.5 km,300024500,3.22818,51.23015,Brugge teller 2,Brugge,2022-06-02,25
13,62,1290.0,20.806451612903224,1368476.0,22072.1935483871,1.0,9.426544564902855,9.39258933338612,2_5km,2.5 km,100052873,3.70146,51.03018,Gent,Gent,2019-08-22,26
17,62,1153.0,18.596774193548388,1255273.0,20246.33870967742,1.0,9.18525292904412,9.150127785073801,2_5km,2.5 km,100052880,3.27773,50.83339,Kortrijk 2,Kortrijk,2019-08-22,27
111,27,312.0,11.555555555555555,341529.0,12649.222222222223,1.0,9.135388210078792,9.01029837572115,2_5km,2.5 km,300027064,4.4597084,50.8871216,Zaventem totem,Zaventem,2022-09-02,28
16,62,1151.0,18.56451612903226,1288076.0,20775.41935483871,1.0,8.935808135544796,8.903453599640505,2_5km,2.5 km,100052879,3.27777,50.83332,Kortrijk 1,Kortrijk,2019-08-22,29
1,62,602.0,9.709677419354838,721774.0,11641.516129032258,1.0,8.340560895792866,8.291131998897471,2_5km,2.5 km,100046096,4.456121776137429,50.91618331151478,Machelen,Machelen,2019-08-22,30
77,29,658.0,22.689655172413794,797162.0,27488.344827586207,1.0,8.254282065627814,8.210518362467738,2_5km,2.5 km,300025593,4.70796,50.88672,Leuven teller 2,Leuven,2022-07-07,31
136,22,181.0,8.227272727272727,228956.0,10407.09090909091,1.0,7.90544908191967,7.77184566444088,2_5km,2.5 km,300030728,3.7587918,51.0876313,Gent R4,Gent,2023-03-01,32
26,39,471.0,12.076923076923077,618625.0,15862.179487179486,1.0,7.613659325116185,7.567448889001126,2_5km,2.5 km,300019223,4.45444,50.86995,Zaventem,Zaventem,2021-08-06,33
15,62,839.0,13.53225806451613,1112283.0,17940.048387096773,1.0,7.54304435112287,7.51778067596763,2_5km,2.5 km,100052878,2.92743,51.21371,Oostende 2,Oostende,2019-08-22,34
32,31,56.0,1.8064516129032258,71335.0,2301.1290322580644,0.8387096774193549,7.850283871872152,7.463778951448219,2_5km,2.5 km,300023452,5.20961,50.97971,Lummen,Lummen,2022-04-14,35
33,31,55.0,1.7741935483870968,70059.0,2259.967741935484,0.8387096774193549,7.850525985241011,7.457815454156837,2_5km,2.5 km,300023453,5.20936,50.97978,Lummen,Lummen,2022-04-14,36
19,62,709.0,11.435483870967742,981020.0,15822.90322580645,1.0,7.227171719231005,7.201684249302895,2_5km,2.5 km,100052883,4.01471,50.93433,Aalst 1,Aalst,2019-08-22,37
47,30,441.0,14.7,621803.0,20726.766666666666,1.0,7.092278422587218,7.054387443307699,2_5km,2.5 km,300024198,4.41497,50.91372,Vilvoorde,Vilvoorde,2022-05-19,38
7,62,366.0,5.903225806451613,526932.0,8498.90322580645,1.0,6.945867778005511,6.903951591911778,2_5km,2.5 km,100052867,3.70317,51.1089,Evergem 1,Evergem,2019-08-22,39
18,62,837.0,13.5,1210534.0,19524.74193548387,1.0,6.914303935288063,6.896121650650723,2_5km,2.5 km,100052881,2.92765,51.21378,Oostende 1,Oostende,2019-08-22,40
55,29,95.0,3.2758620689655173,135949.0,4687.896551724138,0.896551724137931,6.987914585616665,6.830726039565004,2_5km,2.5 km,300024504,3.08261,51.07161,Torhout teller 1,Torhout,2022-06-02,41
60,29,67.0,2.310344827586207,95127.0,3280.2413793103447,0.896551724137931,7.043215911360602,6.819707520235421,2_5km,2.5 km,300024552,3.18411,50.96783,Ardooie teller 2,Ardooie,2022-06-03,42
45,31,132.0,4.258064516129032,191672.0,6182.967741935484,1.0,6.8867648900204514,6.77797066042295,2_5km,2.5 km,300023741,5.44377,51.23127,Pelt teller 1,Pelt,2022-04-30,43
102,28,135.0,4.821428571428571,204812.0,7314.714285714285,1.0,6.591410659531668,6.502760058429285,2_5km,2.5 km,300026275,5.04474,50.9779,Diest teller 2,Diest,2022-08-02,44
6,62,366.0,5.903225806451613,572198.0,9229.0,1.0,6.396387264548285,6.366980413044145,2_5km,2.5 km,100052866,3.70298,51.10894,Evergem 2,Evergem,2019-08-22,45
67,29,171.0,5.896551724137931,267089.0,9209.965517241379,1.0,6.4023602619351605,6.340337728047952,2_5km,2.5 km,300025382,2.85624,50.85018,Ieper totem,Ieper,2022-06-30,46
68,29,170.0,5.862068965517241,271224.0,9352.551724137931,1.0,6.267881898357078,6.211459953987062,2_5km,2.5 km,300025383,2.85608,50.85032,Ieper,Ieper,2022-06-30,47
37,31,152.0,4.903225806451613,243479.0,7854.1612903225805,1.0,6.242838191384062,6.181204190691248,2_5km,2.5 km,300023527,5.29211,51.23299,Lommel teller 1,Lommel,2022-04-20,48
38,31,150.0,4.838709677419355,241795.0,7799.8387096774195,1.0,6.203602225025332,6.143083458699603,2_5km,2.5 km,300023528,5.29189,51.23277,Lommel teller 2,Lommel,2022-04-20,49
59,29,69.0,2.3793103448275863,110120.0,3797.2413793103447,0.896551724137931,6.265891754449691,6.1338313076133915,2_5km,2.5 km,300024551,3.18479,50.96784,Ardooie teller 1,Ardooie,2022-06-03,50
46,31,132.0,4.258064516129032,221744.0,7153.032258064516,1.0,5.952810448084278,5.897661886362952,2_5km,2.5 km,300023743,5.44375,51.231,Pelt teller 2,Pelt,2022-04-30,51
76,29,142.0,4.896551724137931,243727.0,8404.379310344828,1.0,5.826190779027354,5.7807169039533655,2_5km,2.5 km,300025592,4.69597,50.84606,Heverlee teller 2,Leuven,2022-07-07,52
118,26,418.0,16.076923076923077,727944.0,27997.846153846152,1.0,5.742199949446661,5.727688234547814,2_5km,2.5 km,300027898,3.7681359,51.028049,Gent teller 1,Gent,2022-10-04,53
56,29,95.0,3.2758620689655173,164867.0,5685.068965517241,0.896551724137931,5.76222045648917,5.699803233070568,2_5km,2.5 km,300024505,3.08244,51.07147,Torhout teller 2,Torhout,2022-06-02,54
96,29,146.0,5.0344827586206895,255882.0,8823.51724137931,1.0,5.705754996443673,5.6668024774282495,2_5km,2.5 km,300026105,4.58444,51.11705,Lier teller 2,Lier,2022-07-26,55
58,29,33.0,1.1379310344827587,57904.0,1996.6896551724137,0.6896551724137931,5.699088145896656,5.547190670665967,2_5km,2.5 km,300024550,3.24471,50.96021,Meulebeke teller 2,Meulebeke,2022-06-03,56
95,29,144.0,4.9655172413793105,269521.0,9293.827586206897,1.0,5.342811877367626,5.318490900138449,2_5km,2.5 km,300026104,4.58437,51.11687,Lier teller 1,Lier,2022-07-26,57
52,30,421.0,14.033333333333333,794678.0,26489.266666666666,1.0,5.297743236883367,5.28984769809288,2_5km,2.5 km,300024459,3.24095,51.22632,Brugge,Brugge,2022-06-01,58
116,27,119.0,4.407407407407407,227089.0,8410.703703703704,0.9629629629629629,5.240236206949698,5.215800806716415,2_5km,2.5 km,300027878,3.8040599,50.9986113,Melle teller 2,Melle,2022-10-01,59
132,22,42.0,1.9090909090909092,79536.0,3615.2727272727275,0.9090909090909091,5.280627640313821,5.211402143670235,2_5km,2.5 km,300030471,4.8298851,51.245445,Gierde lille,Lille,2023-02-15,60
101,28,135.0,4.821428571428571,259178.0,9256.357142857143,1.0,5.208775436186714,5.188401064039235,2_5km,2.5 km,300026274,5.04481,50.97799,Diest teller 1,Diest,2022-08-02,61
3,62,604.0,9.741935483870968,1170432.0,18877.935483870966,1.0,5.1604877515310585,5.156245237256533,2_5km,2.5 km,100052863,4.47222,51.27503,Brasschaat 1,Brasschaat,2019-08-22,62
113,27,92.0,3.4074074074074074,182320.0,6752.592592592592,0.9629629629629629,5.0460728389644585,5.025844120621713,2_5km,2.5 km,300027489,3.55578,50.96018,Deinze teller 2,Deinze,2022-09-21,63
133,22,42.0,1.9090909090909092,83904.0,3813.818181818182,0.9090909090909091,5.005720823798627,4.968464223770645,2_5km,2.5 km,300030472,4.8297416,51.2453915,Gierde Lille Totem,Lille,2023-02-15,64
2,62,609.0,9.82258064516129,1274996.0,20564.451612903227,1.0,4.776485573288073,4.77551634368929,2_5km,2.5 km,100052862,4.47169,51.27512,Brasschaat 2,Brasschaat,2019-08-22,65
98,29,143.0,4.931034482758621,304024.0,10483.586206896553,0.9655172413793104,4.703576033471042,4.701883981446149,2_5km,2.5 km,300026111,4.99643,51.1481,Geel teller 2,Geel,2022-07-26,66
124,25,107.0,4.28,228990.0,9159.6,1.0,4.672693130704397,4.671736392130298,2_5km,2.5 km,300027967,4.2361077,51.1964712,Beveren teller 2,Beveren,2022-10-06,67
97,29,143.0,4.931034482758621,309891.0,10685.896551724138,0.9655172413793104,4.614525752603335,4.615593609382353,2_5km,2.5 km,300026110,4.99698,51.14813,Geel teller 1,Geel,2022-07-26,68
12,49,234.0,4.775510204081633,516383.0,10538.42857142857,1.0,4.531520208837239,4.533714411145667,2_5km,2.5 km,100052872,4.47803,50.81896,Tervuren,Kraainem,2019-08-22,69
72,29,92.0,3.1724137931034484,205046.0,7070.551724137931,0.896551724137931,4.486798084332296,4.494211257080984,2_5km,2.5 km,300025575,4.64689,50.89135,Herent teller 1,Herent,2022-07-07,70
84,29,193.0,6.655172413793103,434201.0,14972.448275862069,1.0,4.444946004269912,4.449456544235995,2_5km,2.5 km,300025814,3.18772,50.91717,Roeselare totem,Izegem,2022-07-13,71
24,62,278.0,4.483870967741935,626183.0,10099.725806451614,1.0,4.439596731306982,4.442828081721849,2_5km,2.5 km,100052882,4.935044252605416,50.8133795491886,Tienen 1,Tienen,2019-08-31,72
29,31,48.0,1.5483870967741935,109486.0,3531.8064516129034,0.7741935483870968,4.384122170871161,4.405906834610452,2_5km,2.5 km,300023449,5.52825,50.79286,Tongeren,Tongeren,2022-04-14,73
21,62,199.0,3.2096774193548385,462798.0,7464.4838709677415,0.9354838709677419,4.299932151824338,4.3071757754257005,2_5km,2.5 km,100052875,5.50161,50.86015,Bilzen,Bilzen,2019-08-31,74
117,27,119.0,4.407407407407407,279684.0,10358.666666666666,0.9629629629629629,4.254801847799659,4.268154787626183,2_5km,2.5 km,300027879,3.8040599,50.9986113,Melle teller 1,Melle,2022-10-01,75
126,26,148.0,5.6923076923076925,359530.0,13828.076923076924,1.0,4.116485411509471,4.130620418517006,2_5km,2.5 km,300028358,4.1469307,51.1017709,Hamme totem,Hamme,2022-10-25,76
20,62,437.0,7.048387096774194,1064138.0,17163.516129032258,1.0,4.106610232883329,4.1115613494113665,2_5km,2.5 km,100052884,3.20048,51.17416,Brugge,Brugge,2019-08-22,77
121,26,111.0,4.269230769230769,277530.0,10674.23076923077,1.0,3.999567614311966,4.021722959766751,2_5km,2.5 km,300027923,4.0556696,51.0604067,Zele teller 2,Zele,2022-10-05,78
22,62,279.0,4.5,711576.0,11477.032258064517,1.0,3.9208742284731355,3.9307675049983484,2_5km,2.5 km,100052876,4.935984252796022,50.81330800184882,Tienen 2,Tienen,2019-08-31,79
4,62,104.0,1.6774193548387097,266711.0,4301.790322580645,0.7903225806451613,3.8993517327744263,3.925924548156637,2_5km,2.5 km,100052864,5.19011,51.16023,Balen 1,Balen,2019-08-22,80
57,29,33.0,1.1379310344827587,86206.0,2972.6206896551726,0.6896551724137931,3.828039811614041,3.9118521080119923,2_5km,2.5 km,300024549,3.24491,50.96056,Meulebeke teller 1,Meulebeke,2022-06-03,81
8,62,211.0,3.403225806451613,552929.0,8918.209677419354,0.967741935483871,3.8160414809134626,3.8305489657024983,2_5km,2.5 km,100052868,4.68823,51.06759,Heist op den Berg 1,Heist-op-den-Berg,2019-08-22,82
83,29,21.0,0.7241379310344828,58543.0,2018.7241379310344,0.5862068965517241,3.587106912867465,3.7393832556489484,2_5km,2.5 km,300025813,4.33304,50.75175,Beersel teller 2,Beersel,2022-07-13,83
82,29,20.0,0.6896551724137931,56526.0,1949.1724137931035,0.5862068965517241,3.5381948130064043,3.702326993093163,2_5km,2.5 km,300025812,4.33336,50.75128,Beersel teller 1,Beersel,2022-07-13,84
5,62,104.0,1.6774193548387097,298175.0,4809.274193548387,0.7903225806451613,3.4878846315083423,3.5248312976993694,2_5km,2.5 km,100052865,5.19003,51.16018,Balen 2,Balen,2019-08-22,85
103,28,48.0,1.7142857142857142,141910.0,5068.214285714285,0.7857142857142857,3.382425480938623,3.4642390536952683,2_5km,2.5 km,300026302,4.73872,51.31681,Malle teller 1,Malle,2022-08-03,86
9,62,224.0,3.6129032258064515,666557.0,10750.91935483871,0.967741935483871,3.360552810937399,3.379220454983113,2_5km,2.5 km,100052869,4.69524,51.06904,Heist op den Berg 2,Heist-op-den-Berg,2019-08-22,87
92,29,86.0,2.9655172413793105,261831.0,9028.655172413793,0.9310344827586207,3.284561415569585,3.3337846204799635,2_5km,2.5 km,300026086,4.64479,51.14989,Nijlen teller 1,Nijlen,2022-07-24,88
104,28,48.0,1.7142857142857142,149240.0,5330.0,0.7857142857142857,3.2162958992227284,3.304572107657181,2_5km,2.5 km,300026303,4.73852,51.31682,Malle teller 2,Malle,2022-08-03,89
93,29,86.0,2.9655172413793105,268285.0,9251.206896551725,0.9310344827586207,3.2055463406452094,3.2564107356995025,2_5km,2.5 km,300026087,4.64469,51.14998,Nijlen teller 2,Nijlen,2022-07-24,90
69,29,637.0,21.96551724137931,1993799.0,68751.68965517242,1.0,3.194905805449797,3.202017364283071,2_5km,2.5 km,300025572,4.71526,50.87549,Leuven teller 1,Leuven,2022-07-07,91
88,29,71.0,2.4482758620689653,238102.0,8210.413793103447,0.8620689655172413,2.9819153136050938,3.0478102207129982,2_5km,2.5 km,300025933,4.91325,51.082,Westerlo teller 1,Westerlo,2022-07-16,92
39,31,50.0,1.6129032258064515,171147.0,5520.870967741936,0.7741935483870968,2.92146517321367,3.0150161901335015,2_5km,2.5 km,300023529,5.47817,51.13425,Peer teller 1,Peer,2022-04-20,93
36,31,59.0,1.903225806451613,203556.0,6566.322580645161,0.8064516129032258,2.8984652871936962,2.978861658520154,2_5km,2.5 km,300023488,5.63012,50.88131,Lanaken teller 2,Lanaken,2022-04-15,94
50,30,126.0,4.2,430694.0,14356.466666666667,1.0,2.925510919585599,2.9638495767773,2_5km,2.5 km,300024454,3.16252,51.19291,"Brugge, Sint-Andries",Brugge,2022-06-01,95
87,29,177.0,6.103448275862069,639625.0,22056.03448275862,1.0,2.7672464334571036,2.7956382441902847,2_5km,2.5 km,300025932,4.81259,50.99084,Aarschot,Aarschot,2022-07-16,96
139,20,73.0,3.65,267754.0,13387.7,0.95,2.7263831726136676,2.7942575567308334,2_5km,2.5 km,300031607,5.3819796,51.0644267,Houthalen-Helchteren,Houthalen-Helchteren,2023-04-21,97
61,29,116.0,4.0,426100.0,14693.103448275862,0.9655172413793104,2.722365641868106,2.76567392029856,2_5km,2.5 km,300024592,3.0921,50.80555,Wervik teller 2,Wervik,2022-06-05,98
40,31,49.0,1.5806451612903225,185712.0,5990.709677419355,0.7741935483870968,2.6384940122339966,2.7392547229374746,2_5km,2.5 km,300023530,5.47892,51.13438,Peer teller 2,Peer,2022-04-20,99
100,29,348.0,12.0,1304366.0,44978.137931034486,1.0,2.667962826384619,2.682733362121824,2_5km,2.5 km,300026137,4.46883,51.0457,Mechelen teller 2,Mechelen,2022-07-28,100
140,19,291.0,15.31578947368421,1094415.0,57600.78947368421,1.0,2.6589547840627183,2.6766136577996344,2_5km,2.5 km,300031927,5.3438616,50.9300038,Hasselt ring,Hasselt,2023-05-04,101
62,29,112.0,3.8620689655172415,425723.0,14680.103448275862,0.9655172413793104,2.6308186308937973,2.676223640960787,2_5km,2.5 km,300024594,3.09154,50.8058,Wervik teller 1,Wervik,2022-06-05,102
90,29,39.0,1.3448275862068966,155863.0,5374.586206896552,0.7931034482758621,2.5021974426258957,2.6291735879887437,2_5km,2.5 km,300026025,4.6243,51.35752,Brecht teller 1,Brecht,2022-07-21,103
134,22,60.0,2.727272727272727,236494.0,10749.727272727272,0.9545454545454546,2.5370622510507665,2.621081941850868,2_5km,2.5 km,300030476,5.1037658,51.2548405,Retie,Dessel,2023-02-15,104
135,22,59.0,2.6818181818181817,234345.0,10652.045454545454,0.9545454545454546,2.5176555932492692,2.6031935660238887,2_5km,2.5 km,300030477,5.1040064,51.2544998,Retie 2,Dessel,2023-02-15,105
91,29,39.0,1.3448275862068966,158001.0,5448.310344827586,0.7931034482758621,2.468338807982228,2.5956738449584846,2_5km,2.5 km,300026026,4.62422,51.35739,Brecht teller 2,Brecht,2022-07-21,106
108,28,156.0,5.571428571428571,626931.0,22390.39285714286,1.0,2.488312110902157,2.521561550269811,2_5km,2.5 km,300026820,4.6954674,50.8471728,Heverlee teller 1,Leuven,2022-08-25,107
23,62,278.0,4.483870967741935,1114564.0,17976.83870967742,1.0,2.4942488722047367,2.513026366542956,2_5km,2.5 km,100052877,4.93447,50.81324,Tienen 3,Tienen,2019-08-31,108
70,29,71.0,2.4482758620689653,294571.0,10157.620689655172,0.9655172413793104,2.410284787029273,2.482353017320907,2_5km,2.5 km,300025573,4.59318,50.95682,Kampenhout teller 1,Kampenhout,2022-07-07,109
127,26,89.0,3.423076923076923,370909.0,14265.73076923077,0.9615384615384616,2.399510392036861,2.4574049547469663,2_5km,2.5 km,300028385,4.9400421,51.1342966,Geel totem,Westerlo,2022-10-26,110
125,26,224.0,8.615384615384615,931966.0,35844.846153846156,1.0,2.4035211584971985,2.4268831918869367,2_5km,2.5 km,300028325,4.1025998,51.0372706,Dendermonde totem,Dendermonde,2022-10-22,111
51,30,127.0,4.233333333333333,545337.0,18177.9,1.0,2.3288351973183556,2.3697859740034084,2_5km,2.5 km,300024455,3.16252,51.19281,"Brugge, Sint-Andries",Brugge,2022-06-01,112
137,20,262.0,13.1,1120640.0,56032.0,1.0,2.3379497430039975,2.3579808171440155,2_5km,2.5 km,300031561,5.3417576,50.9411605,Hasselt-Kempische brug,Hasselt,2023-04-19,113
71,29,70.0,2.413793103448276,306965.0,10585.0,0.9655172413793104,2.2803902725066374,2.353655927249433,2_5km,2.5 km,300025574,4.59164,50.95589,Kampenhout teller 2,Kampenhout,2022-07-07,114
138,20,265.0,13.25,1139955.0,56997.75,1.0,2.324653166133751,2.3444610265778483,2_5km,2.5 km,300031574,5.3422472,50.9405318,Hasselt-Kempische brug,Hasselt,2023-04-20,115
28,31,12.0,0.3870967741935484,60957.0,1966.3548387096773,0.2903225806451613,1.968600816969339,2.3397794031308883,2_5km,2.5 km,300023447,5.30314,50.75488,Heers,Heers,2022-04-14,116
25,54,211.0,3.9074074074074074,914241.0,16930.38888888889,0.9814814814814815,2.307925371975223,2.332749030206481,2_5km,2.5 km,100056189,5.597669323604317,51.13679500160176,Bree,Bree,2020-05-09,117
122,26,223.0,8.576923076923077,966453.0,37171.269230769234,1.0,2.307406568141441,2.3309078078907297,2_5km,2.5 km,300027931,4.1019222,51.0373918,Dendermonde teller 2,Dendermonde,2022-10-05,118
34,31,12.0,0.3870967741935484,63764.0,2056.9032258064517,0.2903225806451613,1.8819396524684775,2.2504956056500607,2_5km,2.5 km,300023486,5.3033,50.75486,Heers teller 1,Heers,2022-04-15,119
112,27,93.0,3.4444444444444446,439214.0,16267.185185185184,0.9629629629629629,2.117418843661632,2.1726609555888365,2_5km,2.5 km,300027129,4.9394789,51.1354992,Geel teller 2,Westerlo,2022-09-06,120
110,28,175.0,6.25,841546.0,30055.214285714286,1.0,2.0795060519567556,2.109077817681393,2_5km,2.5 km,300026986,4.811783,51.1739426,Herentals totem,Herentals,2022-08-31,121
142,2,35.0,17.5,184494.0,92247.0,1.0,1.8970806638698277,2.035856524119405,2_5km,2.5 km,300036881,3.24095,51.22632,TEST Validatie BRUGGE Y2H22022134,Brugge,2023-10-24,122
78,29,10.0,0.3448275862068966,68457.0,2360.5862068965516,0.2413793103448276,1.4607709949311247,1.8599498041547184,2_5km,2.5 km,300025808,4.1652,50.75824,Pepingen teller 1,Pepingen,2022-07-13,123
107,28,639.0,22.821428571428573,3466478.0,123802.78571428571,1.0,1.8433695526121903,1.851277159499177,2_5km,2.5 km,300026758,4.7087919,50.8870744,leuven totem,Leuven,2022-08-23,124
49,30,51.0,1.7,322550.0,10751.666666666666,0.8333333333333334,1.5811502092698806,1.671591492612142,2_5km,2.5 km,300024444,5.41001,50.95264,Bokrijk,Genk,2022-06-01,125
115,27,83.0,3.074074074074074,520736.0,19286.51851851852,1.0,1.5938978676335034,1.6503184668223365,2_5km,2.5 km,300027871,3.4350591,51.1058367,Aalter,Aalter,2022-10-01,126
35,31,59.0,1.903225806451613,375528.0,12113.806451612903,0.8064516129032258,1.571121194691208,1.6493827462292723,2_5km,2.5 km,300023487,5.6314,50.88112,Lanaken teller 1,Lanaken,2022-04-15,127
65,29,80.0,2.7586206896551726,539366.0,18598.827586206895,0.896551724137931,1.4832228950286077,1.5397037889503038,2_5km,2.5 km,300025206,2.75511,51.13435,Nieuwpoort teller 2,Nieuwpoort,2022-06-24,128
143,12,225.0,18.75,1530083.0,127506.91666666667,1.0,1.4705084626128124,1.4907319579223057,2_5km,2.5 km,100038932,3.26286,50.83066,Eco Display Classic Budastraat,Kortrijk,2023-12-08,129
43,31,54.0,1.7419354838709677,393839.0,12704.483870967742,0.8387096774193549,1.371118655084946,1.4506840503360612,2_5km,2.5 km,300023680,5.79715,51.09344,Maaseik teller 1,Maaseik,2022-04-28,130
31,31,43.0,1.3870967741935485,339716.0,10958.58064516129,0.7419354838709677,1.265763166880571,1.36060250205478,2_5km,2.5 km,300023451,5.1775,50.94366,Herk De Stad,Herk-de-Stad,2022-04-14,131
44,31,54.0,1.7419354838709677,430772.0,13895.870967741936,0.8387096774193549,1.2535633699497646,1.3290727367013784,2_5km,2.5 km,300023682,5.79726,51.09359,Maaseik teller 2,Maaseik,2022-04-28,132
30,31,42.0,1.3548387096774193,340750.0,10991.935483870968,0.7419354838709677,1.2325752017608218,1.3280622741902182,2_5km,2.5 km,300023450,5.17691,50.94374,Herk De Stad,Herk-de-Stad,2022-04-14,133
48,30,69.0,2.3,548107.0,18270.233333333334,0.9,1.2588782847144808,1.3184136360489247,2_5km,2.5 km,300024443,5.60389,51.00509,As,As,2022-06-01,134
73,29,92.0,3.1724137931034484,733010.0,25276.206896551725,0.896551724137931,1.255098839033574,1.2998642068956332,2_5km,2.5 km,300025576,4.64685,50.89128,Herent teller 2,Herent,2022-07-07,135
63,29,74.0,2.5517241379310347,617793.0,21303.206896551725,0.896551724137931,1.1978122121811028,1.251690128658018,2_5km,2.5 km,300025204,2.74289,51.13529,Nieuwpoort teller 3,Nieuwpoort,2022-06-24,136
131,23,22.0,0.9565217391304348,216777.0,9425.08695652174,0.5217391304347826,1.014867813467296,1.172015182708575,2_5km,2.5 km,300030111,3.558569,51.0276612,Nevele,Deinze,2023-01-25,137
89,29,72.0,2.4827586206896552,700964.0,24171.172413793105,0.8620689655172413,1.0271568868016046,1.07708233926818,2_5km,2.5 km,300025934,4.91334,51.08191,Westerlo teller 2,Westerlo,2022-07-16,138
109,28,116.0,4.142857142857143,1204089.0,43003.17857142857,0.9642857142857143,0.9633839359050701,0.9931312154230538,2_5km,2.5 km,300026861,4.4707023,50.9903936,Zemst,Zemst,2022-08-26,139
79,29,10.0,0.3448275862068966,162790.0,5613.448275862069,0.2413793103448276,0.6142883469500584,0.8433312107228622,2_5km,2.5 km,300025809,4.16537,50.75848,Pepingen teller 2,Pepingen,2022-07-13,140
66,29,77.0,2.6551724137931036,996738.0,34370.275862068964,0.896551724137931,0.7725199601098784,0.8102529838762816,2_5km,2.5 km,300025380,2.74369,51.1347,Nieuwpoort totem,Nieuwpoort,2022-06-30,141
64,29,79.0,2.7241379310344827,2031903.0,70065.62068965517,0.896551724137931,0.3887980873102702,0.4092412139981526,2_5km,2.5 km,300025205,2.75737,51.13359,Nieuwpoort teller 1,Nieuwpoort,2022-06-24,142
